[ERROR] 2026-08-03 15:11:20 services.log_event:221 Sentinel failed to record event: OperationalError in /chat/api/unread-count/
Traceback (most recent call last):
  File "C:\Users\milan\OneDrive\Desktop\E-commerce-Project\.venv\Lib\site-packages\django\db\backends\utils.py", line 105, in _execute
    return self.cursor.execute(sql, params)
           ~~~~~~~~~~~~~~~~~~~^^^^^^^^^^^^^
  File "C:\Users\milan\OneDrive\Desktop\E-commerce-Project\.venv\Lib\site-packages\django\db\backends\mysql\base.py", line 76, in execute
    return self.cursor.execute(query, args)
           ~~~~~~~~~~~~~~~~~~~^^^^^^^^^^^^^
  File "C:\Users\milan\OneDrive\Desktop\E-commerce-Project\.venv\Lib\site-packages\MySQLdb\cursors.py", line 179, in execute
    res = self._query(mogrified_query)
  File "C:\Users\milan\OneDrive\Desktop\E-commerce-Project\.venv\Lib\site-packages\MySQLdb\cursors.py", line 330, in _query
    db.query(q)
    ~~~~~~~~^^^
  File "C:\Users\milan\OneDrive\Desktop\E-commerce-Project\.venv\Lib\site-packages\MySQLdb\connections.py", line 286, in query
    _mysql.connection.query(self, query)
    ~~~~~~~~~~~~~~~~~~~~~~~^^^^^^^^^^^^^
MySQLdb.OperationalError: (1054, "Unknown column 'accounts_customuser.can_view_audit_trail' in 'field list'")

The above exception was the direct cause of the following exception:

Traceback (most recent call last):
  File "C:\Users\milan\OneDrive\Desktop\E-commerce-Project\.venv\Lib\site-packages\django\core\handlers\base.py", line 197, in _get_response
    response = wrapped_callback(request, *callback_args, **callback_kwargs)
  File "C:\Users\milan\OneDrive\Desktop\E-commerce-Project\.venv\Lib\site-packages\django\views\decorators\http.py", line 64, in inner
    return func(request, *args, **kwargs)
  File "C:\Users\milan\OneDrive\Desktop\E-commerce-Project\myproject\chat\views.py", line 275, in api_unread_count
    if not request.user.is_authenticated:
           ^^^^^^^^^^^^^^^^^^^^^^^^^^^^^
  File "C:\Users\milan\OneDrive\Desktop\E-commerce-Project\.venv\Lib\site-packages\django\utils\functional.py", line 251, in inner
    self._setup()
    ~~~~~~~~~~~^^
  File "C:\Users\milan\OneDrive\Desktop\E-commerce-Project\.venv\Lib\site-packages\django\utils\functional.py", line 404, in _setup
    self._wrapped = self._setupfunc()
                    ~~~~~~~~~~~~~~~^^
  File "C:\Users\milan\OneDrive\Desktop\E-commerce-Project\.venv\Lib\site-packages\django\contrib\auth\middleware.py", line 39, in <lambda>
    request.user = SimpleLazyObject(lambda: get_user(request))
                                            ~~~~~~~~^^^^^^^^^
  File "C:\Users\milan\OneDrive\Desktop\E-commerce-Project\.venv\Lib\site-packages\django\contrib\auth\middleware.py", line 19, in get_user
    request._cached_user = auth.get_user(request)
                           ~~~~~~~~~~~~~^^^^^^^^^
  File "C:\Users\milan\OneDrive\Desktop\E-commerce-Project\.venv\Lib\site-packages\django\contrib\auth\__init__.py", line 311, in get_user
    user = backend.get_user(user_id)
  File "C:\Users\milan\OneDrive\Desktop\E-commerce-Project\.venv\Lib\site-packages\django\contrib\auth\backends.py", line 232, in get_user
    user = UserModel._default_manager.get(pk=user_id)
  File "C:\Users\milan\OneDrive\Desktop\E-commerce-Project\.venv\Lib\site-packages\django\db\models\manager.py", line 87, in manager_method
    return getattr(self.get_queryset(), name)(*args, **kwargs)
           ~~~~~~~~~~~~~~~~~~~~~~~~~~~~~~~~~~^^^^^^^^^^^^^^^^^
  File "C:\Users\milan\OneDrive\Desktop\E-commerce-Project\.venv\Lib\site-packages\django\db\models\query.py", line 629, in get
    num = len(clone)
  File "C:\Users\milan\OneDrive\Desktop\E-commerce-Project\.venv\Lib\site-packages\django\db\models\query.py", line 366, in __len__
    self._fetch_all()
    ~~~~~~~~~~~~~~~^^
  File "C:\Users\milan\OneDrive\Desktop\E-commerce-Project\.venv\Lib\site-packages\django\db\models\query.py", line 1935, in _fetch_all
    self._result_cache = list(self._iterable_class(self))
                         ~~~~^^^^^^^^^^^^^^^^^^^^^^^^^^^^
  File "C:\Users\milan\OneDrive\Desktop\E-commerce-Project\.venv\Lib\site-packages\django\db\models\query.py", line 91, in __iter__
    results = compiler.execute_sql(
        chunked_fetch=self.chunked_fetch, chunk_size=self.chunk_size
    )
  File "C:\Users\milan\OneDrive\Desktop\E-commerce-Project\.venv\Lib\site-packages\django\db\models\sql\compiler.py", line 1622, in execute_sql
    cursor.execute(sql, params)
    ~~~~~~~~~~~~~~^^^^^^^^^^^^^
  File "C:\Users\milan\OneDrive\Desktop\E-commerce-Project\.venv\Lib\site-packages\django\db\backends\utils.py", line 79, in execute
    return self._execute_with_wrappers(
           ~~~~~~~~~~~~~~~~~~~~~~~~~~~^
        sql, params, many=False, executor=self._execute
        ^^^^^^^^^^^^^^^^^^^^^^^^^^^^^^^^^^^^^^^^^^^^^^^
    )
    ^
  File "C:\Users\milan\OneDrive\Desktop\E-commerce-Project\.venv\Lib\site-packages\django\db\backends\utils.py", line 92, in _execute_with_wrappers
    return executor(sql, params, many, context)
  File "C:\Users\milan\OneDrive\Desktop\E-commerce-Project\.venv\Lib\site-packages\django\db\backends\utils.py", line 100, in _execute
    with self.db.wrap_database_errors:
         ^^^^^^^^^^^^^^^^^^^^^^^^^^^^
  File "C:\Users\milan\OneDrive\Desktop\E-commerce-Project\.venv\Lib\site-packages\django\db\utils.py", line 91, in __exit__
    raise dj_exc_value.with_traceback(traceback) from exc_value
  File "C:\Users\milan\OneDrive\Desktop\E-commerce-Project\.venv\Lib\site-packages\django\db\backends\utils.py", line 105, in _execute
    return self.cursor.execute(sql, params)
           ~~~~~~~~~~~~~~~~~~~^^^^^^^^^^^^^
  File "C:\Users\milan\OneDrive\Desktop\E-commerce-Project\.venv\Lib\site-packages\django\db\backends\mysql\base.py", line 76, in execute
    return self.cursor.execute(query, args)
           ~~~~~~~~~~~~~~~~~~~^^^^^^^^^^^^^
  File "C:\Users\milan\OneDrive\Desktop\E-commerce-Project\.venv\Lib\site-packages\MySQLdb\cursors.py", line 179, in execute
    res = self._query(mogrified_query)
  File "C:\Users\milan\OneDrive\Desktop\E-commerce-Project\.venv\Lib\site-packages\MySQLdb\cursors.py", line 330, in _query
    db.query(q)
    ~~~~~~~~^^^
  File "C:\Users\milan\OneDrive\Desktop\E-commerce-Project\.venv\Lib\site-packages\MySQLdb\connections.py", line 286, in query
    _mysql.connection.query(self, query)
    ~~~~~~~~~~~~~~~~~~~~~~~^^^^^^^^^^^^^
django.db.utils.OperationalError: (1054, "Unknown column 'accounts_customuser.can_view_audit_trail' in 'field list'")

During handling of the above exception, another exception occurred:

Traceback (most recent call last):
  File "C:\Users\milan\OneDrive\Desktop\E-commerce-Project\.venv\Lib\site-packages\django\db\backends\utils.py", line 105, in _execute
    return self.cursor.execute(sql, params)
           ~~~~~~~~~~~~~~~~~~~^^^^^^^^^^^^^
  File "C:\Users\milan\OneDrive\Desktop\E-commerce-Project\.venv\Lib\site-packages\django\db\backends\mysql\base.py", line 76, in execute
    return self.cursor.execute(query, args)
           ~~~~~~~~~~~~~~~~~~~^^^^^^^^^^^^^
  File "C:\Users\milan\OneDrive\Desktop\E-commerce-Project\.venv\Lib\site-packages\MySQLdb\cursors.py", line 179, in execute
    res = self._query(mogrified_query)
  File "C:\Users\milan\OneDrive\Desktop\E-commerce-Project\.venv\Lib\site-packages\MySQLdb\cursors.py", line 330, in _query
    db.query(q)
    ~~~~~~~~^^^
  File "C:\Users\milan\OneDrive\Desktop\E-commerce-Project\.venv\Lib\site-packages\MySQLdb\connections.py", line 286, in query
    _mysql.connection.query(self, query)
    ~~~~~~~~~~~~~~~~~~~~~~~^^^^^^^^^^^^^
MySQLdb.OperationalError: (1054, "Unknown column 'accounts_customuser.can_view_audit_trail' in 'field list'")

The above exception was the direct cause of the following exception:

Traceback (most recent call last):
  File "C:\Users\milan\OneDrive\Desktop\E-commerce-Project\myproject\sentinel\services.py", line 150, in log_event
    if candidate is not None and getattr(candidate, 'is_authenticated', False):
                                 ~~~~~~~^^^^^^^^^^^^^^^^^^^^^^^^^^^^^^^^^^^^^^
  File "C:\Users\milan\OneDrive\Desktop\E-commerce-Project\.venv\Lib\site-packages\django\utils\functional.py", line 251, in inner
    self._setup()
    ~~~~~~~~~~~^^
  File "C:\Users\milan\OneDrive\Desktop\E-commerce-Project\.venv\Lib\site-packages\django\utils\functional.py", line 404, in _setup
    self._wrapped = self._setupfunc()
                    ~~~~~~~~~~~~~~~^^
  File "C:\Users\milan\OneDrive\Desktop\E-commerce-Project\.venv\Lib\site-packages\django\contrib\auth\middleware.py", line 39, in <lambda>
    request.user = SimpleLazyObject(lambda: get_user(request))
                                            ~~~~~~~~^^^^^^^^^
  File "C:\Users\milan\OneDrive\Desktop\E-commerce-Project\.venv\Lib\site-packages\django\contrib\auth\middleware.py", line 19, in get_user
    request._cached_user = auth.get_user(request)
                           ~~~~~~~~~~~~~^^^^^^^^^
  File "C:\Users\milan\OneDrive\Desktop\E-commerce-Project\.venv\Lib\site-packages\django\contrib\auth\__init__.py", line 311, in get_user
    user = backend.get_user(user_id)
  File "C:\Users\milan\OneDrive\Desktop\E-commerce-Project\.venv\Lib\site-packages\django\contrib\auth\backends.py", line 232, in get_user
    user = UserModel._default_manager.get(pk=user_id)
  File "C:\Users\milan\OneDrive\Desktop\E-commerce-Project\.venv\Lib\site-packages\django\db\models\manager.py", line 87, in manager_method
    return getattr(self.get_queryset(), name)(*args, **kwargs)
           ~~~~~~~~~~~~~~~~~~~~~~~~~~~~~~~~~~^^^^^^^^^^^^^^^^^
  File "C:\Users\milan\OneDrive\Desktop\E-commerce-Project\.venv\Lib\site-packages\django\db\models\query.py", line 629, in get
    num = len(clone)
  File "C:\Users\milan\OneDrive\Desktop\E-commerce-Project\.venv\Lib\site-packages\django\db\models\query.py", line 366, in __len__
    self._fetch_all()
    ~~~~~~~~~~~~~~~^^
  File "C:\Users\milan\OneDrive\Desktop\E-commerce-Project\.venv\Lib\site-packages\django\db\models\query.py", line 1935, in _fetch_all
    self._result_cache = list(self._iterable_class(self))
                         ~~~~^^^^^^^^^^^^^^^^^^^^^^^^^^^^
  File "C:\Users\milan\OneDrive\Desktop\E-commerce-Project\.venv\Lib\site-packages\django\db\models\query.py", line 91, in __iter__
    results = compiler.execute_sql(
        chunked_fetch=self.chunked_fetch, chunk_size=self.chunk_size
    )
  File "C:\Users\milan\OneDrive\Desktop\E-commerce-Project\.venv\Lib\site-packages\django\db\models\sql\compiler.py", line 1622, in execute_sql
    cursor.execute(sql, params)
    ~~~~~~~~~~~~~~^^^^^^^^^^^^^
  File "C:\Users\milan\OneDrive\Desktop\E-commerce-Project\.venv\Lib\site-packages\django\db\backends\utils.py", line 79, in execute
    return self._execute_with_wrappers(
           ~~~~~~~~~~~~~~~~~~~~~~~~~~~^
        sql, params, many=False, executor=self._execute
        ^^^^^^^^^^^^^^^^^^^^^^^^^^^^^^^^^^^^^^^^^^^^^^^
    )
    ^
  File "C:\Users\milan\OneDrive\Desktop\E-commerce-Project\.venv\Lib\site-packages\django\db\backends\utils.py", line 92, in _execute_with_wrappers
    return executor(sql, params, many, context)
  File "C:\Users\milan\OneDrive\Desktop\E-commerce-Project\.venv\Lib\site-packages\django\db\backends\utils.py", line 100, in _execute
    with self.db.wrap_database_errors:
         ^^^^^^^^^^^^^^^^^^^^^^^^^^^^
  File "C:\Users\milan\OneDrive\Desktop\E-commerce-Project\.venv\Lib\site-packages\django\db\utils.py", line 91, in __exit__
    raise dj_exc_value.with_traceback(traceback) from exc_value
  File "C:\Users\milan\OneDrive\Desktop\E-commerce-Project\.venv\Lib\site-packages\django\db\backends\utils.py", line 105, in _execute
    return self.cursor.execute(sql, params)
           ~~~~~~~~~~~~~~~~~~~^^^^^^^^^^^^^
  File "C:\Users\milan\OneDrive\Desktop\E-commerce-Project\.venv\Lib\site-packages\django\db\backends\mysql\base.py", line 76, in execute
    return self.cursor.execute(query, args)
           ~~~~~~~~~~~~~~~~~~~^^^^^^^^^^^^^
  File "C:\Users\milan\OneDrive\Desktop\E-commerce-Project\.venv\Lib\site-packages\MySQLdb\cursors.py", line 179, in execute
    res = self._query(mogrified_query)
  File "C:\Users\milan\OneDrive\Desktop\E-commerce-Project\.venv\Lib\site-packages\MySQLdb\cursors.py", line 330, in _query
    db.query(q)
    ~~~~~~~~^^^
  File "C:\Users\milan\OneDrive\Desktop\E-commerce-Project\.venv\Lib\site-packages\MySQLdb\connections.py", line 286, in query
    _mysql.connection.query(self, query)
    ~~~~~~~~~~~~~~~~~~~~~~~^^^^^^^^^^^^^
django.db.utils.OperationalError: (1054, "Unknown column 'accounts_customuser.can_view_audit_trail' in 'field list'")
[ERROR] 2026-08-03 15:11:20 services.log_event:221 Sentinel failed to record event: OperationalError in /hrm/attendance/incomplete/
Traceback (most recent call last):
  File "C:\Users\milan\OneDrive\Desktop\E-commerce-Project\.venv\Lib\site-packages\django\db\backends\utils.py", line 105, in _execute
    return self.cursor.execute(sql, params)
           ~~~~~~~~~~~~~~~~~~~^^^^^^^^^^^^^
  File "C:\Users\milan\OneDrive\Desktop\E-commerce-Project\.venv\Lib\site-packages\django\db\backends\mysql\base.py", line 76, in execute
    return self.cursor.execute(query, args)
           ~~~~~~~~~~~~~~~~~~~^^^^^^^^^^^^^
  File "C:\Users\milan\OneDrive\Desktop\E-commerce-Project\.venv\Lib\site-packages\MySQLdb\cursors.py", line 179, in execute
    res = self._query(mogrified_query)
  File "C:\Users\milan\OneDrive\Desktop\E-commerce-Project\.venv\Lib\site-packages\MySQLdb\cursors.py", line 330, in _query
    db.query(q)
    ~~~~~~~~^^^
  File "C:\Users\milan\OneDrive\Desktop\E-commerce-Project\.venv\Lib\site-packages\MySQLdb\connections.py", line 286, in query
    _mysql.connection.query(self, query)
    ~~~~~~~~~~~~~~~~~~~~~~~^^^^^^^^^^^^^
MySQLdb.OperationalError: (1054, "Unknown column 'accounts_customuser.can_view_audit_trail' in 'field list'")

The above exception was the direct cause of the following exception:

Traceback (most recent call last):
  File "C:\Users\milan\OneDrive\Desktop\E-commerce-Project\.venv\Lib\site-packages\django\core\handlers\base.py", line 197, in _get_response
    response = wrapped_callback(request, *callback_args, **callback_kwargs)
  File "C:\Users\milan\OneDrive\Desktop\E-commerce-Project\.venv\Lib\site-packages\django\contrib\auth\decorators.py", line 56, in _view_wrapper
    test_pass = test_func(request.user)
  File "C:\Users\milan\OneDrive\Desktop\E-commerce-Project\.venv\Lib\site-packages\django\contrib\auth\decorators.py", line 79, in <lambda>
    lambda u: u.is_authenticated,
              ^^^^^^^^^^^^^^^^^^
  File "C:\Users\milan\OneDrive\Desktop\E-commerce-Project\.venv\Lib\site-packages\django\utils\functional.py", line 251, in inner
    self._setup()
    ~~~~~~~~~~~^^
  File "C:\Users\milan\OneDrive\Desktop\E-commerce-Project\.venv\Lib\site-packages\django\utils\functional.py", line 404, in _setup
    self._wrapped = self._setupfunc()
                    ~~~~~~~~~~~~~~~^^
  File "C:\Users\milan\OneDrive\Desktop\E-commerce-Project\.venv\Lib\site-packages\django\contrib\auth\middleware.py", line 39, in <lambda>
    request.user = SimpleLazyObject(lambda: get_user(request))
                                            ~~~~~~~~^^^^^^^^^
  File "C:\Users\milan\OneDrive\Desktop\E-commerce-Project\.venv\Lib\site-packages\django\contrib\auth\middleware.py", line 19, in get_user
    request._cached_user = auth.get_user(request)
                           ~~~~~~~~~~~~~^^^^^^^^^
  File "C:\Users\milan\OneDrive\Desktop\E-commerce-Project\.venv\Lib\site-packages\django\contrib\auth\__init__.py", line 311, in get_user
    user = backend.get_user(user_id)
  File "C:\Users\milan\OneDrive\Desktop\E-commerce-Project\.venv\Lib\site-packages\django\contrib\auth\backends.py", line 232, in get_user
    user = UserModel._default_manager.get(pk=user_id)
  File "C:\Users\milan\OneDrive\Desktop\E-commerce-Project\.venv\Lib\site-packages\django\db\models\manager.py", line 87, in manager_method
    return getattr(self.get_queryset(), name)(*args, **kwargs)
           ~~~~~~~~~~~~~~~~~~~~~~~~~~~~~~~~~~^^^^^^^^^^^^^^^^^
  File "C:\Users\milan\OneDrive\Desktop\E-commerce-Project\.venv\Lib\site-packages\django\db\models\query.py", line 629, in get
    num = len(clone)
  File "C:\Users\milan\OneDrive\Desktop\E-commerce-Project\.venv\Lib\site-packages\django\db\models\query.py", line 366, in __len__
    self._fetch_all()
    ~~~~~~~~~~~~~~~^^
  File "C:\Users\milan\OneDrive\Desktop\E-commerce-Project\.venv\Lib\site-packages\django\db\models\query.py", line 1935, in _fetch_all
    self._result_cache = list(self._iterable_class(self))
                         ~~~~^^^^^^^^^^^^^^^^^^^^^^^^^^^^
  File "C:\Users\milan\OneDrive\Desktop\E-commerce-Project\.venv\Lib\site-packages\django\db\models\query.py", line 91, in __iter__
    results = compiler.execute_sql(
        chunked_fetch=self.chunked_fetch, chunk_size=self.chunk_size
    )
  File "C:\Users\milan\OneDrive\Desktop\E-commerce-Project\.venv\Lib\site-packages\django\db\models\sql\compiler.py", line 1622, in execute_sql
    cursor.execute(sql, params)
    ~~~~~~~~~~~~~~^^^^^^^^^^^^^
  File "C:\Users\milan\OneDrive\Desktop\E-commerce-Project\.venv\Lib\site-packages\django\db\backends\utils.py", line 79, in execute
    return self._execute_with_wrappers(
           ~~~~~~~~~~~~~~~~~~~~~~~~~~~^
        sql, params, many=False, executor=self._execute
        ^^^^^^^^^^^^^^^^^^^^^^^^^^^^^^^^^^^^^^^^^^^^^^^
    )
    ^
  File "C:\Users\milan\OneDrive\Desktop\E-commerce-Project\.venv\Lib\site-packages\django\db\backends\utils.py", line 92, in _execute_with_wrappers
    return executor(sql, params, many, context)
  File "C:\Users\milan\OneDrive\Desktop\E-commerce-Project\.venv\Lib\site-packages\django\db\backends\utils.py", line 100, in _execute
    with self.db.wrap_database_errors:
         ^^^^^^^^^^^^^^^^^^^^^^^^^^^^
  File "C:\Users\milan\OneDrive\Desktop\E-commerce-Project\.venv\Lib\site-packages\django\db\utils.py", line 91, in __exit__
    raise dj_exc_value.with_traceback(traceback) from exc_value
  File "C:\Users\milan\OneDrive\Desktop\E-commerce-Project\.venv\Lib\site-packages\django\db\backends\utils.py", line 105, in _execute
    return self.cursor.execute(sql, params)
           ~~~~~~~~~~~~~~~~~~~^^^^^^^^^^^^^
  File "C:\Users\milan\OneDrive\Desktop\E-commerce-Project\.venv\Lib\site-packages\django\db\backends\mysql\base.py", line 76, in execute
    return self.cursor.execute(query, args)
           ~~~~~~~~~~~~~~~~~~~^^^^^^^^^^^^^
  File "C:\Users\milan\OneDrive\Desktop\E-commerce-Project\.venv\Lib\site-packages\MySQLdb\cursors.py", line 179, in execute
    res = self._query(mogrified_query)
  File "C:\Users\milan\OneDrive\Desktop\E-commerce-Project\.venv\Lib\site-packages\MySQLdb\cursors.py", line 330, in _query
    db.query(q)
    ~~~~~~~~^^^
  File "C:\Users\milan\OneDrive\Desktop\E-commerce-Project\.venv\Lib\site-packages\MySQLdb\connections.py", line 286, in query
    _mysql.connection.query(self, query)
    ~~~~~~~~~~~~~~~~~~~~~~~^^^^^^^^^^^^^
django.db.utils.OperationalError: (1054, "Unknown column 'accounts_customuser.can_view_audit_trail' in 'field list'")

During handling of the above exception, another exception occurred:

Traceback (most recent call last):
  File "C:\Users\milan\OneDrive\Desktop\E-commerce-Project\.venv\Lib\site-packages\django\db\backends\utils.py", line 105, in _execute
    return self.cursor.execute(sql, params)
           ~~~~~~~~~~~~~~~~~~~^^^^^^^^^^^^^
  File "C:\Users\milan\OneDrive\Desktop\E-commerce-Project\.venv\Lib\site-packages\django\db\backends\mysql\base.py", line 76, in execute
    return self.cursor.execute(query, args)
           ~~~~~~~~~~~~~~~~~~~^^^^^^^^^^^^^
  File "C:\Users\milan\OneDrive\Desktop\E-commerce-Project\.venv\Lib\site-packages\MySQLdb\cursors.py", line 179, in execute
    res = self._query(mogrified_query)
  File "C:\Users\milan\OneDrive\Desktop\E-commerce-Project\.venv\Lib\site-packages\MySQLdb\cursors.py", line 330, in _query
    db.query(q)
    ~~~~~~~~^^^
  File "C:\Users\milan\OneDrive\Desktop\E-commerce-Project\.venv\Lib\site-packages\MySQLdb\connections.py", line 286, in query
    _mysql.connection.query(self, query)
    ~~~~~~~~~~~~~~~~~~~~~~~^^^^^^^^^^^^^
MySQLdb.OperationalError: (1054, "Unknown column 'accounts_customuser.can_view_audit_trail' in 'field list'")

The above exception was the direct cause of the following exception:

Traceback (most recent call last):
  File "C:\Users\milan\OneDrive\Desktop\E-commerce-Project\myproject\sentinel\services.py", line 150, in log_event
    if candidate is not None and getattr(candidate, 'is_authenticated', False):
                                 ~~~~~~~^^^^^^^^^^^^^^^^^^^^^^^^^^^^^^^^^^^^^^
  File "C:\Users\milan\OneDrive\Desktop\E-commerce-Project\.venv\Lib\site-packages\django\utils\functional.py", line 251, in inner
    self._setup()
    ~~~~~~~~~~~^^
  File "C:\Users\milan\OneDrive\Desktop\E-commerce-Project\.venv\Lib\site-packages\django\utils\functional.py", line 404, in _setup
    self._wrapped = self._setupfunc()
                    ~~~~~~~~~~~~~~~^^
  File "C:\Users\milan\OneDrive\Desktop\E-commerce-Project\.venv\Lib\site-packages\django\contrib\auth\middleware.py", line 39, in <lambda>
    request.user = SimpleLazyObject(lambda: get_user(request))
                                            ~~~~~~~~^^^^^^^^^
  File "C:\Users\milan\OneDrive\Desktop\E-commerce-Project\.venv\Lib\site-packages\django\contrib\auth\middleware.py", line 19, in get_user
    request._cached_user = auth.get_user(request)
                           ~~~~~~~~~~~~~^^^^^^^^^
  File "C:\Users\milan\OneDrive\Desktop\E-commerce-Project\.venv\Lib\site-packages\django\contrib\auth\__init__.py", line 311, in get_user
    user = backend.get_user(user_id)
  File "C:\Users\milan\OneDrive\Desktop\E-commerce-Project\.venv\Lib\site-packages\django\contrib\auth\backends.py", line 232, in get_user
    user = UserModel._default_manager.get(pk=user_id)
  File "C:\Users\milan\OneDrive\Desktop\E-commerce-Project\.venv\Lib\site-packages\django\db\models\manager.py", line 87, in manager_method
    return getattr(self.get_queryset(), name)(*args, **kwargs)
           ~~~~~~~~~~~~~~~~~~~~~~~~~~~~~~~~~~^^^^^^^^^^^^^^^^^
  File "C:\Users\milan\OneDrive\Desktop\E-commerce-Project\.venv\Lib\site-packages\django\db\models\query.py", line 629, in get
    num = len(clone)
  File "C:\Users\milan\OneDrive\Desktop\E-commerce-Project\.venv\Lib\site-packages\django\db\models\query.py", line 366, in __len__
    self._fetch_all()
    ~~~~~~~~~~~~~~~^^
  File "C:\Users\milan\OneDrive\Desktop\E-commerce-Project\.venv\Lib\site-packages\django\db\models\query.py", line 1935, in _fetch_all
    self._result_cache = list(self._iterable_class(self))
                         ~~~~^^^^^^^^^^^^^^^^^^^^^^^^^^^^
  File "C:\Users\milan\OneDrive\Desktop\E-commerce-Project\.venv\Lib\site-packages\django\db\models\query.py", line 91, in __iter__
    results = compiler.execute_sql(
        chunked_fetch=self.chunked_fetch, chunk_size=self.chunk_size
    )
  File "C:\Users\milan\OneDrive\Desktop\E-commerce-Project\.venv\Lib\site-packages\django\db\models\sql\compiler.py", line 1622, in execute_sql
    cursor.execute(sql, params)
    ~~~~~~~~~~~~~~^^^^^^^^^^^^^
  File "C:\Users\milan\OneDrive\Desktop\E-commerce-Project\.venv\Lib\site-packages\django\db\backends\utils.py", line 79, in execute
    return self._execute_with_wrappers(
           ~~~~~~~~~~~~~~~~~~~~~~~~~~~^
        sql, params, many=False, executor=self._execute
        ^^^^^^^^^^^^^^^^^^^^^^^^^^^^^^^^^^^^^^^^^^^^^^^
    )
    ^
  File "C:\Users\milan\OneDrive\Desktop\E-commerce-Project\.venv\Lib\site-packages\django\db\backends\utils.py", line 92, in _execute_with_wrappers
    return executor(sql, params, many, context)
  File "C:\Users\milan\OneDrive\Desktop\E-commerce-Project\.venv\Lib\site-packages\django\db\backends\utils.py", line 100, in _execute
    with self.db.wrap_database_errors:
         ^^^^^^^^^^^^^^^^^^^^^^^^^^^^
  File "C:\Users\milan\OneDrive\Desktop\E-commerce-Project\.venv\Lib\site-packages\django\db\utils.py", line 91, in __exit__
    raise dj_exc_value.with_traceback(traceback) from exc_value
  File "C:\Users\milan\OneDrive\Desktop\E-commerce-Project\.venv\Lib\site-packages\django\db\backends\utils.py", line 105, in _execute
    return self.cursor.execute(sql, params)
           ~~~~~~~~~~~~~~~~~~~^^^^^^^^^^^^^
  File "C:\Users\milan\OneDrive\Desktop\E-commerce-Project\.venv\Lib\site-packages\django\db\backends\mysql\base.py", line 76, in execute
    return self.cursor.execute(query, args)
           ~~~~~~~~~~~~~~~~~~~^^^^^^^^^^^^^
  File "C:\Users\milan\OneDrive\Desktop\E-commerce-Project\.venv\Lib\site-packages\MySQLdb\cursors.py", line 179, in execute
    res = self._query(mogrified_query)
  File "C:\Users\milan\OneDrive\Desktop\E-commerce-Project\.venv\Lib\site-packages\MySQLdb\cursors.py", line 330, in _query
    db.query(q)
    ~~~~~~~~^^^
  File "C:\Users\milan\OneDrive\Desktop\E-commerce-Project\.venv\Lib\site-packages\MySQLdb\connections.py", line 286, in query
    _mysql.connection.query(self, query)
    ~~~~~~~~~~~~~~~~~~~~~~~^^^^^^^^^^^^^
django.db.utils.OperationalError: (1054, "Unknown column 'accounts_customuser.can_view_audit_trail' in 'field list'")
[ERROR] 2026-08-03 15:11:20 services.log_event:221 Sentinel failed to record event: OperationalError in /api/active-notice/
Traceback (most recent call last):
  File "C:\Users\milan\OneDrive\Desktop\E-commerce-Project\.venv\Lib\site-packages\django\db\backends\utils.py", line 105, in _execute
    return self.cursor.execute(sql, params)
           ~~~~~~~~~~~~~~~~~~~^^^^^^^^^^^^^
  File "C:\Users\milan\OneDrive\Desktop\E-commerce-Project\.venv\Lib\site-packages\django\db\backends\mysql\base.py", line 76, in execute
    return self.cursor.execute(query, args)
           ~~~~~~~~~~~~~~~~~~~^^^^^^^^^^^^^
  File "C:\Users\milan\OneDrive\Desktop\E-commerce-Project\.venv\Lib\site-packages\MySQLdb\cursors.py", line 179, in execute
    res = self._query(mogrified_query)
  File "C:\Users\milan\OneDrive\Desktop\E-commerce-Project\.venv\Lib\site-packages\MySQLdb\cursors.py", line 330, in _query
    db.query(q)
    ~~~~~~~~^^^
  File "C:\Users\milan\OneDrive\Desktop\E-commerce-Project\.venv\Lib\site-packages\MySQLdb\connections.py", line 286, in query
    _mysql.connection.query(self, query)
    ~~~~~~~~~~~~~~~~~~~~~~~^^^^^^^^^^^^^
MySQLdb.OperationalError: (1054, "Unknown column 'accounts_customuser.can_view_audit_trail' in 'field list'")

The above exception was the direct cause of the following exception:

Traceback (most recent call last):
  File "C:\Users\milan\OneDrive\Desktop\E-commerce-Project\.venv\Lib\site-packages\django\core\handlers\base.py", line 197, in _get_response
    response = wrapped_callback(request, *callback_args, **callback_kwargs)
  File "C:\Users\milan\OneDrive\Desktop\E-commerce-Project\.venv\Lib\site-packages\django\contrib\auth\decorators.py", line 56, in _view_wrapper
    test_pass = test_func(request.user)
  File "C:\Users\milan\OneDrive\Desktop\E-commerce-Project\.venv\Lib\site-packages\django\contrib\auth\decorators.py", line 79, in <lambda>
    lambda u: u.is_authenticated,
              ^^^^^^^^^^^^^^^^^^
  File "C:\Users\milan\OneDrive\Desktop\E-commerce-Project\.venv\Lib\site-packages\django\utils\functional.py", line 251, in inner
    self._setup()
    ~~~~~~~~~~~^^
  File "C:\Users\milan\OneDrive\Desktop\E-commerce-Project\.venv\Lib\site-packages\django\utils\functional.py", line 404, in _setup
    self._wrapped = self._setupfunc()
                    ~~~~~~~~~~~~~~~^^
  File "C:\Users\milan\OneDrive\Desktop\E-commerce-Project\.venv\Lib\site-packages\django\contrib\auth\middleware.py", line 39, in <lambda>
    request.user = SimpleLazyObject(lambda: get_user(request))
                                            ~~~~~~~~^^^^^^^^^
  File "C:\Users\milan\OneDrive\Desktop\E-commerce-Project\.venv\Lib\site-packages\django\contrib\auth\middleware.py", line 19, in get_user
    request._cached_user = auth.get_user(request)
                           ~~~~~~~~~~~~~^^^^^^^^^
  File "C:\Users\milan\OneDrive\Desktop\E-commerce-Project\.venv\Lib\site-packages\django\contrib\auth\__init__.py", line 311, in get_user
    user = backend.get_user(user_id)
  File "C:\Users\milan\OneDrive\Desktop\E-commerce-Project\.venv\Lib\site-packages\django\contrib\auth\backends.py", line 232, in get_user
    user = UserModel._default_manager.get(pk=user_id)
  File "C:\Users\milan\OneDrive\Desktop\E-commerce-Project\.venv\Lib\site-packages\django\db\models\manager.py", line 87, in manager_method
    return getattr(self.get_queryset(), name)(*args, **kwargs)
           ~~~~~~~~~~~~~~~~~~~~~~~~~~~~~~~~~~^^^^^^^^^^^^^^^^^
  File "C:\Users\milan\OneDrive\Desktop\E-commerce-Project\.venv\Lib\site-packages\django\db\models\query.py", line 629, in get
    num = len(clone)
  File "C:\Users\milan\OneDrive\Desktop\E-commerce-Project\.venv\Lib\site-packages\django\db\models\query.py", line 366, in __len__
    self._fetch_all()
    ~~~~~~~~~~~~~~~^^
  File "C:\Users\milan\OneDrive\Desktop\E-commerce-Project\.venv\Lib\site-packages\django\db\models\query.py", line 1935, in _fetch_all
    self._result_cache = list(self._iterable_class(self))
                         ~~~~^^^^^^^^^^^^^^^^^^^^^^^^^^^^
  File "C:\Users\milan\OneDrive\Desktop\E-commerce-Project\.venv\Lib\site-packages\django\db\models\query.py", line 91, in __iter__
    results = compiler.execute_sql(
        chunked_fetch=self.chunked_fetch, chunk_size=self.chunk_size
    )
  File "C:\Users\milan\OneDrive\Desktop\E-commerce-Project\.venv\Lib\site-packages\django\db\models\sql\compiler.py", line 1622, in execute_sql
    cursor.execute(sql, params)
    ~~~~~~~~~~~~~~^^^^^^^^^^^^^
  File "C:\Users\milan\OneDrive\Desktop\E-commerce-Project\.venv\Lib\site-packages\django\db\backends\utils.py", line 79, in execute
    return self._execute_with_wrappers(
           ~~~~~~~~~~~~~~~~~~~~~~~~~~~^
        sql, params, many=False, executor=self._execute
        ^^^^^^^^^^^^^^^^^^^^^^^^^^^^^^^^^^^^^^^^^^^^^^^
    )
    ^
  File "C:\Users\milan\OneDrive\Desktop\E-commerce-Project\.venv\Lib\site-packages\django\db\backends\utils.py", line 92, in _execute_with_wrappers
    return executor(sql, params, many, context)
  File "C:\Users\milan\OneDrive\Desktop\E-commerce-Project\.venv\Lib\site-packages\django\db\backends\utils.py", line 100, in _execute
    with self.db.wrap_database_errors:
         ^^^^^^^^^^^^^^^^^^^^^^^^^^^^
  File "C:\Users\milan\OneDrive\Desktop\E-commerce-Project\.venv\Lib\site-packages\django\db\utils.py", line 91, in __exit__
    raise dj_exc_value.with_traceback(traceback) from exc_value
  File "C:\Users\milan\OneDrive\Desktop\E-commerce-Project\.venv\Lib\site-packages\django\db\backends\utils.py", line 105, in _execute
    return self.cursor.execute(sql, params)
           ~~~~~~~~~~~~~~~~~~~^^^^^^^^^^^^^
  File "C:\Users\milan\OneDrive\Desktop\E-commerce-Project\.venv\Lib\site-packages\django\db\backends\mysql\base.py", line 76, in execute
    return self.cursor.execute(query, args)
           ~~~~~~~~~~~~~~~~~~~^^^^^^^^^^^^^
  File "C:\Users\milan\OneDrive\Desktop\E-commerce-Project\.venv\Lib\site-packages\MySQLdb\cursors.py", line 179, in execute
    res = self._query(mogrified_query)
  File "C:\Users\milan\OneDrive\Desktop\E-commerce-Project\.venv\Lib\site-packages\MySQLdb\cursors.py", line 330, in _query
    db.query(q)
    ~~~~~~~~^^^
  File "C:\Users\milan\OneDrive\Desktop\E-commerce-Project\.venv\Lib\site-packages\MySQLdb\connections.py", line 286, in query
    _mysql.connection.query(self, query)
    ~~~~~~~~~~~~~~~~~~~~~~~^^^^^^^^^^^^^
django.db.utils.OperationalError: (1054, "Unknown column 'accounts_customuser.can_view_audit_trail' in 'field list'")

During handling of the above exception, another exception occurred:

Traceback (most recent call last):
  File "C:\Users\milan\OneDrive\Desktop\E-commerce-Project\.venv\Lib\site-packages\django\db\backends\utils.py", line 105, in _execute
    return self.cursor.execute(sql, params)
           ~~~~~~~~~~~~~~~~~~~^^^^^^^^^^^^^
  File "C:\Users\milan\OneDrive\Desktop\E-commerce-Project\.venv\Lib\site-packages\django\db\backends\mysql\base.py", line 76, in execute
    return self.cursor.execute(query, args)
           ~~~~~~~~~~~~~~~~~~~^^^^^^^^^^^^^
  File "C:\Users\milan\OneDrive\Desktop\E-commerce-Project\.venv\Lib\site-packages\MySQLdb\cursors.py", line 179, in execute
    res = self._query(mogrified_query)
  File "C:\Users\milan\OneDrive\Desktop\E-commerce-Project\.venv\Lib\site-packages\MySQLdb\cursors.py", line 330, in _query
    db.query(q)
    ~~~~~~~~^^^
  File "C:\Users\milan\OneDrive\Desktop\E-commerce-Project\.venv\Lib\site-packages\MySQLdb\connections.py", line 286, in query
    _mysql.connection.query(self, query)
    ~~~~~~~~~~~~~~~~~~~~~~~^^^^^^^^^^^^^
MySQLdb.OperationalError: (1054, "Unknown column 'accounts_customuser.can_view_audit_trail' in 'field list'")

The above exception was the direct cause of the following exception:

Traceback (most recent call last):
  File "C:\Users\milan\OneDrive\Desktop\E-commerce-Project\myproject\sentinel\services.py", line 150, in log_event
    if candidate is not None and getattr(candidate, 'is_authenticated', False):
                                 ~~~~~~~^^^^^^^^^^^^^^^^^^^^^^^^^^^^^^^^^^^^^^
  File "C:\Users\milan\OneDrive\Desktop\E-commerce-Project\.venv\Lib\site-packages\django\utils\functional.py", line 251, in inner
    self._setup()
    ~~~~~~~~~~~^^
  File "C:\Users\milan\OneDrive\Desktop\E-commerce-Project\.venv\Lib\site-packages\django\utils\functional.py", line 404, in _setup
    self._wrapped = self._setupfunc()
                    ~~~~~~~~~~~~~~~^^
  File "C:\Users\milan\OneDrive\Desktop\E-commerce-Project\.venv\Lib\site-packages\django\contrib\auth\middleware.py", line 39, in <lambda>
    request.user = SimpleLazyObject(lambda: get_user(request))
                                            ~~~~~~~~^^^^^^^^^
  File "C:\Users\milan\OneDrive\Desktop\E-commerce-Project\.venv\Lib\site-packages\django\contrib\auth\middleware.py", line 19, in get_user
    request._cached_user = auth.get_user(request)
                           ~~~~~~~~~~~~~^^^^^^^^^
  File "C:\Users\milan\OneDrive\Desktop\E-commerce-Project\.venv\Lib\site-packages\django\contrib\auth\__init__.py", line 311, in get_user
    user = backend.get_user(user_id)
  File "C:\Users\milan\OneDrive\Desktop\E-commerce-Project\.venv\Lib\site-packages\django\contrib\auth\backends.py", line 232, in get_user
    user = UserModel._default_manager.get(pk=user_id)
  File "C:\Users\milan\OneDrive\Desktop\E-commerce-Project\.venv\Lib\site-packages\django\db\models\manager.py", line 87, in manager_method
    return getattr(self.get_queryset(), name)(*args, **kwargs)
           ~~~~~~~~~~~~~~~~~~~~~~~~~~~~~~~~~~^^^^^^^^^^^^^^^^^
  File "C:\Users\milan\OneDrive\Desktop\E-commerce-Project\.venv\Lib\site-packages\django\db\models\query.py", line 629, in get
    num = len(clone)
  File "C:\Users\milan\OneDrive\Desktop\E-commerce-Project\.venv\Lib\site-packages\django\db\models\query.py", line 366, in __len__
    self._fetch_all()
    ~~~~~~~~~~~~~~~^^
  File "C:\Users\milan\OneDrive\Desktop\E-commerce-Project\.venv\Lib\site-packages\django\db\models\query.py", line 1935, in _fetch_all
    self._result_cache = list(self._iterable_class(self))
                         ~~~~^^^^^^^^^^^^^^^^^^^^^^^^^^^^
  File "C:\Users\milan\OneDrive\Desktop\E-commerce-Project\.venv\Lib\site-packages\django\db\models\query.py", line 91, in __iter__
    results = compiler.execute_sql(
        chunked_fetch=self.chunked_fetch, chunk_size=self.chunk_size
    )
  File "C:\Users\milan\OneDrive\Desktop\E-commerce-Project\.venv\Lib\site-packages\django\db\models\sql\compiler.py", line 1622, in execute_sql
    cursor.execute(sql, params)
    ~~~~~~~~~~~~~~^^^^^^^^^^^^^
  File "C:\Users\milan\OneDrive\Desktop\E-commerce-Project\.venv\Lib\site-packages\django\db\backends\utils.py", line 79, in execute
    return self._execute_with_wrappers(
           ~~~~~~~~~~~~~~~~~~~~~~~~~~~^
        sql, params, many=False, executor=self._execute
        ^^^^^^^^^^^^^^^^^^^^^^^^^^^^^^^^^^^^^^^^^^^^^^^
    )
    ^
  File "C:\Users\milan\OneDrive\Desktop\E-commerce-Project\.venv\Lib\site-packages\django\db\backends\utils.py", line 92, in _execute_with_wrappers
    return executor(sql, params, many, context)
  File "C:\Users\milan\OneDrive\Desktop\E-commerce-Project\.venv\Lib\site-packages\django\db\backends\utils.py", line 100, in _execute
    with self.db.wrap_database_errors:
         ^^^^^^^^^^^^^^^^^^^^^^^^^^^^
  File "C:\Users\milan\OneDrive\Desktop\E-commerce-Project\.venv\Lib\site-packages\django\db\utils.py", line 91, in __exit__
    raise dj_exc_value.with_traceback(traceback) from exc_value
  File "C:\Users\milan\OneDrive\Desktop\E-commerce-Project\.venv\Lib\site-packages\django\db\backends\utils.py", line 105, in _execute
    return self.cursor.execute(sql, params)
           ~~~~~~~~~~~~~~~~~~~^^^^^^^^^^^^^
  File "C:\Users\milan\OneDrive\Desktop\E-commerce-Project\.venv\Lib\site-packages\django\db\backends\mysql\base.py", line 76, in execute
    return self.cursor.execute(query, args)
           ~~~~~~~~~~~~~~~~~~~^^^^^^^^^^^^^
  File "C:\Users\milan\OneDrive\Desktop\E-commerce-Project\.venv\Lib\site-packages\MySQLdb\cursors.py", line 179, in execute
    res = self._query(mogrified_query)
  File "C:\Users\milan\OneDrive\Desktop\E-commerce-Project\.venv\Lib\site-packages\MySQLdb\cursors.py", line 330, in _query
    db.query(q)
    ~~~~~~~~^^^
  File "C:\Users\milan\OneDrive\Desktop\E-commerce-Project\.venv\Lib\site-packages\MySQLdb\connections.py", line 286, in query
    _mysql.connection.query(self, query)
    ~~~~~~~~~~~~~~~~~~~~~~~^^^^^^^^^^^^^
django.db.utils.OperationalError: (1054, "Unknown column 'accounts_customuser.can_view_audit_trail' in 'field list'")
[ERROR] 2026-08-03 15:12:20 services.log_event:221 Sentinel failed to record event: OperationalError in /chat/api/unread-count/
Traceback (most recent call last):
  File "C:\Users\milan\OneDrive\Desktop\E-commerce-Project\.venv\Lib\site-packages\django\db\backends\utils.py", line 105, in _execute
    return self.cursor.execute(sql, params)
           ~~~~~~~~~~~~~~~~~~~^^^^^^^^^^^^^
  File "C:\Users\milan\OneDrive\Desktop\E-commerce-Project\.venv\Lib\site-packages\django\db\backends\mysql\base.py", line 76, in execute
    return self.cursor.execute(query, args)
           ~~~~~~~~~~~~~~~~~~~^^^^^^^^^^^^^
  File "C:\Users\milan\OneDrive\Desktop\E-commerce-Project\.venv\Lib\site-packages\MySQLdb\cursors.py", line 179, in execute
    res = self._query(mogrified_query)
  File "C:\Users\milan\OneDrive\Desktop\E-commerce-Project\.venv\Lib\site-packages\MySQLdb\cursors.py", line 330, in _query
    db.query(q)
    ~~~~~~~~^^^
  File "C:\Users\milan\OneDrive\Desktop\E-commerce-Project\.venv\Lib\site-packages\MySQLdb\connections.py", line 286, in query
    _mysql.connection.query(self, query)
    ~~~~~~~~~~~~~~~~~~~~~~~^^^^^^^^^^^^^
MySQLdb.OperationalError: (1054, "Unknown column 'accounts_customuser.can_view_audit_trail' in 'field list'")

The above exception was the direct cause of the following exception:

Traceback (most recent call last):
  File "C:\Users\milan\OneDrive\Desktop\E-commerce-Project\.venv\Lib\site-packages\django\core\handlers\base.py", line 197, in _get_response
    response = wrapped_callback(request, *callback_args, **callback_kwargs)
  File "C:\Users\milan\OneDrive\Desktop\E-commerce-Project\.venv\Lib\site-packages\django\views\decorators\http.py", line 64, in inner
    return func(request, *args, **kwargs)
  File "C:\Users\milan\OneDrive\Desktop\E-commerce-Project\myproject\chat\views.py", line 275, in api_unread_count
    if not request.user.is_authenticated:
           ^^^^^^^^^^^^^^^^^^^^^^^^^^^^^
  File "C:\Users\milan\OneDrive\Desktop\E-commerce-Project\.venv\Lib\site-packages\django\utils\functional.py", line 251, in inner
    self._setup()
    ~~~~~~~~~~~^^
  File "C:\Users\milan\OneDrive\Desktop\E-commerce-Project\.venv\Lib\site-packages\django\utils\functional.py", line 404, in _setup
    self._wrapped = self._setupfunc()
                    ~~~~~~~~~~~~~~~^^
  File "C:\Users\milan\OneDrive\Desktop\E-commerce-Project\.venv\Lib\site-packages\django\contrib\auth\middleware.py", line 39, in <lambda>
    request.user = SimpleLazyObject(lambda: get_user(request))
                                            ~~~~~~~~^^^^^^^^^
  File "C:\Users\milan\OneDrive\Desktop\E-commerce-Project\.venv\Lib\site-packages\django\contrib\auth\middleware.py", line 19, in get_user
    request._cached_user = auth.get_user(request)
                           ~~~~~~~~~~~~~^^^^^^^^^
  File "C:\Users\milan\OneDrive\Desktop\E-commerce-Project\.venv\Lib\site-packages\django\contrib\auth\__init__.py", line 311, in get_user
    user = backend.get_user(user_id)
  File "C:\Users\milan\OneDrive\Desktop\E-commerce-Project\.venv\Lib\site-packages\django\contrib\auth\backends.py", line 232, in get_user
    user = UserModel._default_manager.get(pk=user_id)
  File "C:\Users\milan\OneDrive\Desktop\E-commerce-Project\.venv\Lib\site-packages\django\db\models\manager.py", line 87, in manager_method
    return getattr(self.get_queryset(), name)(*args, **kwargs)
           ~~~~~~~~~~~~~~~~~~~~~~~~~~~~~~~~~~^^^^^^^^^^^^^^^^^
  File "C:\Users\milan\OneDrive\Desktop\E-commerce-Project\.venv\Lib\site-packages\django\db\models\query.py", line 629, in get
    num = len(clone)
  File "C:\Users\milan\OneDrive\Desktop\E-commerce-Project\.venv\Lib\site-packages\django\db\models\query.py", line 366, in __len__
    self._fetch_all()
    ~~~~~~~~~~~~~~~^^
  File "C:\Users\milan\OneDrive\Desktop\E-commerce-Project\.venv\Lib\site-packages\django\db\models\query.py", line 1935, in _fetch_all
    self._result_cache = list(self._iterable_class(self))
                         ~~~~^^^^^^^^^^^^^^^^^^^^^^^^^^^^
  File "C:\Users\milan\OneDrive\Desktop\E-commerce-Project\.venv\Lib\site-packages\django\db\models\query.py", line 91, in __iter__
    results = compiler.execute_sql(
        chunked_fetch=self.chunked_fetch, chunk_size=self.chunk_size
    )
  File "C:\Users\milan\OneDrive\Desktop\E-commerce-Project\.venv\Lib\site-packages\django\db\models\sql\compiler.py", line 1622, in execute_sql
    cursor.execute(sql, params)
    ~~~~~~~~~~~~~~^^^^^^^^^^^^^
  File "C:\Users\milan\OneDrive\Desktop\E-commerce-Project\.venv\Lib\site-packages\django\db\backends\utils.py", line 79, in execute
    return self._execute_with_wrappers(
           ~~~~~~~~~~~~~~~~~~~~~~~~~~~^
        sql, params, many=False, executor=self._execute
        ^^^^^^^^^^^^^^^^^^^^^^^^^^^^^^^^^^^^^^^^^^^^^^^
    )
    ^
  File "C:\Users\milan\OneDrive\Desktop\E-commerce-Project\.venv\Lib\site-packages\django\db\backends\utils.py", line 92, in _execute_with_wrappers
    return executor(sql, params, many, context)
  File "C:\Users\milan\OneDrive\Desktop\E-commerce-Project\.venv\Lib\site-packages\django\db\backends\utils.py", line 100, in _execute
    with self.db.wrap_database_errors:
         ^^^^^^^^^^^^^^^^^^^^^^^^^^^^
  File "C:\Users\milan\OneDrive\Desktop\E-commerce-Project\.venv\Lib\site-packages\django\db\utils.py", line 91, in __exit__
    raise dj_exc_value.with_traceback(traceback) from exc_value
  File "C:\Users\milan\OneDrive\Desktop\E-commerce-Project\.venv\Lib\site-packages\django\db\backends\utils.py", line 105, in _execute
    return self.cursor.execute(sql, params)
           ~~~~~~~~~~~~~~~~~~~^^^^^^^^^^^^^
  File "C:\Users\milan\OneDrive\Desktop\E-commerce-Project\.venv\Lib\site-packages\django\db\backends\mysql\base.py", line 76, in execute
    return self.cursor.execute(query, args)
           ~~~~~~~~~~~~~~~~~~~^^^^^^^^^^^^^
  File "C:\Users\milan\OneDrive\Desktop\E-commerce-Project\.venv\Lib\site-packages\MySQLdb\cursors.py", line 179, in execute
    res = self._query(mogrified_query)
  File "C:\Users\milan\OneDrive\Desktop\E-commerce-Project\.venv\Lib\site-packages\MySQLdb\cursors.py", line 330, in _query
    db.query(q)
    ~~~~~~~~^^^
  File "C:\Users\milan\OneDrive\Desktop\E-commerce-Project\.venv\Lib\site-packages\MySQLdb\connections.py", line 286, in query
    _mysql.connection.query(self, query)
    ~~~~~~~~~~~~~~~~~~~~~~~^^^^^^^^^^^^^
django.db.utils.OperationalError: (1054, "Unknown column 'accounts_customuser.can_view_audit_trail' in 'field list'")

During handling of the above exception, another exception occurred:

Traceback (most recent call last):
  File "C:\Users\milan\OneDrive\Desktop\E-commerce-Project\.venv\Lib\site-packages\django\db\backends\utils.py", line 105, in _execute
    return self.cursor.execute(sql, params)
           ~~~~~~~~~~~~~~~~~~~^^^^^^^^^^^^^
  File "C:\Users\milan\OneDrive\Desktop\E-commerce-Project\.venv\Lib\site-packages\django\db\backends\mysql\base.py", line 76, in execute
    return self.cursor.execute(query, args)
           ~~~~~~~~~~~~~~~~~~~^^^^^^^^^^^^^
  File "C:\Users\milan\OneDrive\Desktop\E-commerce-Project\.venv\Lib\site-packages\MySQLdb\cursors.py", line 179, in execute
    res = self._query(mogrified_query)
  File "C:\Users\milan\OneDrive\Desktop\E-commerce-Project\.venv\Lib\site-packages\MySQLdb\cursors.py", line 330, in _query
    db.query(q)
    ~~~~~~~~^^^
  File "C:\Users\milan\OneDrive\Desktop\E-commerce-Project\.venv\Lib\site-packages\MySQLdb\connections.py", line 286, in query
    _mysql.connection.query(self, query)
    ~~~~~~~~~~~~~~~~~~~~~~~^^^^^^^^^^^^^
MySQLdb.OperationalError: (1054, "Unknown column 'accounts_customuser.can_view_audit_trail' in 'field list'")

The above exception was the direct cause of the following exception:

Traceback (most recent call last):
  File "C:\Users\milan\OneDrive\Desktop\E-commerce-Project\myproject\sentinel\services.py", line 150, in log_event
    if candidate is not None and getattr(candidate, 'is_authenticated', False):
                                 ~~~~~~~^^^^^^^^^^^^^^^^^^^^^^^^^^^^^^^^^^^^^^
  File "C:\Users\milan\OneDrive\Desktop\E-commerce-Project\.venv\Lib\site-packages\django\utils\functional.py", line 251, in inner
    self._setup()
    ~~~~~~~~~~~^^
  File "C:\Users\milan\OneDrive\Desktop\E-commerce-Project\.venv\Lib\site-packages\django\utils\functional.py", line 404, in _setup
    self._wrapped = self._setupfunc()
                    ~~~~~~~~~~~~~~~^^
  File "C:\Users\milan\OneDrive\Desktop\E-commerce-Project\.venv\Lib\site-packages\django\contrib\auth\middleware.py", line 39, in <lambda>
    request.user = SimpleLazyObject(lambda: get_user(request))
                                            ~~~~~~~~^^^^^^^^^
  File "C:\Users\milan\OneDrive\Desktop\E-commerce-Project\.venv\Lib\site-packages\django\contrib\auth\middleware.py", line 19, in get_user
    request._cached_user = auth.get_user(request)
                           ~~~~~~~~~~~~~^^^^^^^^^
  File "C:\Users\milan\OneDrive\Desktop\E-commerce-Project\.venv\Lib\site-packages\django\contrib\auth\__init__.py", line 311, in get_user
    user = backend.get_user(user_id)
  File "C:\Users\milan\OneDrive\Desktop\E-commerce-Project\.venv\Lib\site-packages\django\contrib\auth\backends.py", line 232, in get_user
    user = UserModel._default_manager.get(pk=user_id)
  File "C:\Users\milan\OneDrive\Desktop\E-commerce-Project\.venv\Lib\site-packages\django\db\models\manager.py", line 87, in manager_method
    return getattr(self.get_queryset(), name)(*args, **kwargs)
           ~~~~~~~~~~~~~~~~~~~~~~~~~~~~~~~~~~^^^^^^^^^^^^^^^^^
  File "C:\Users\milan\OneDrive\Desktop\E-commerce-Project\.venv\Lib\site-packages\django\db\models\query.py", line 629, in get
    num = len(clone)
  File "C:\Users\milan\OneDrive\Desktop\E-commerce-Project\.venv\Lib\site-packages\django\db\models\query.py", line 366, in __len__
    self._fetch_all()
    ~~~~~~~~~~~~~~~^^
  File "C:\Users\milan\OneDrive\Desktop\E-commerce-Project\.venv\Lib\site-packages\django\db\models\query.py", line 1935, in _fetch_all
    self._result_cache = list(self._iterable_class(self))
                         ~~~~^^^^^^^^^^^^^^^^^^^^^^^^^^^^
  File "C:\Users\milan\OneDrive\Desktop\E-commerce-Project\.venv\Lib\site-packages\django\db\models\query.py", line 91, in __iter__
    results = compiler.execute_sql(
        chunked_fetch=self.chunked_fetch, chunk_size=self.chunk_size
    )
  File "C:\Users\milan\OneDrive\Desktop\E-commerce-Project\.venv\Lib\site-packages\django\db\models\sql\compiler.py", line 1622, in execute_sql
    cursor.execute(sql, params)
    ~~~~~~~~~~~~~~^^^^^^^^^^^^^
  File "C:\Users\milan\OneDrive\Desktop\E-commerce-Project\.venv\Lib\site-packages\django\db\backends\utils.py", line 79, in execute
    return self._execute_with_wrappers(
           ~~~~~~~~~~~~~~~~~~~~~~~~~~~^
        sql, params, many=False, executor=self._execute
        ^^^^^^^^^^^^^^^^^^^^^^^^^^^^^^^^^^^^^^^^^^^^^^^
    )
    ^
  File "C:\Users\milan\OneDrive\Desktop\E-commerce-Project\.venv\Lib\site-packages\django\db\backends\utils.py", line 92, in _execute_with_wrappers
    return executor(sql, params, many, context)
  File "C:\Users\milan\OneDrive\Desktop\E-commerce-Project\.venv\Lib\site-packages\django\db\backends\utils.py", line 100, in _execute
    with self.db.wrap_database_errors:
         ^^^^^^^^^^^^^^^^^^^^^^^^^^^^
  File "C:\Users\milan\OneDrive\Desktop\E-commerce-Project\.venv\Lib\site-packages\django\db\utils.py", line 91, in __exit__
    raise dj_exc_value.with_traceback(traceback) from exc_value
  File "C:\Users\milan\OneDrive\Desktop\E-commerce-Project\.venv\Lib\site-packages\django\db\backends\utils.py", line 105, in _execute
    return self.cursor.execute(sql, params)
           ~~~~~~~~~~~~~~~~~~~^^^^^^^^^^^^^
  File "C:\Users\milan\OneDrive\Desktop\E-commerce-Project\.venv\Lib\site-packages\django\db\backends\mysql\base.py", line 76, in execute
    return self.cursor.execute(query, args)
           ~~~~~~~~~~~~~~~~~~~^^^^^^^^^^^^^
  File "C:\Users\milan\OneDrive\Desktop\E-commerce-Project\.venv\Lib\site-packages\MySQLdb\cursors.py", line 179, in execute
    res = self._query(mogrified_query)
  File "C:\Users\milan\OneDrive\Desktop\E-commerce-Project\.venv\Lib\site-packages\MySQLdb\cursors.py", line 330, in _query
    db.query(q)
    ~~~~~~~~^^^
  File "C:\Users\milan\OneDrive\Desktop\E-commerce-Project\.venv\Lib\site-packages\MySQLdb\connections.py", line 286, in query
    _mysql.connection.query(self, query)
    ~~~~~~~~~~~~~~~~~~~~~~~^^^^^^^^^^^^^
django.db.utils.OperationalError: (1054, "Unknown column 'accounts_customuser.can_view_audit_trail' in 'field list'")
[ERROR] 2026-08-03 15:12:20 services.log_event:221 Sentinel failed to record event: OperationalError in /api/active-notice/
Traceback (most recent call last):
  File "C:\Users\milan\OneDrive\Desktop\E-commerce-Project\.venv\Lib\site-packages\django\db\backends\utils.py", line 105, in _execute
    return self.cursor.execute(sql, params)
           ~~~~~~~~~~~~~~~~~~~^^^^^^^^^^^^^
  File "C:\Users\milan\OneDrive\Desktop\E-commerce-Project\.venv\Lib\site-packages\django\db\backends\mysql\base.py", line 76, in execute
    return self.cursor.execute(query, args)
           ~~~~~~~~~~~~~~~~~~~^^^^^^^^^^^^^
  File "C:\Users\milan\OneDrive\Desktop\E-commerce-Project\.venv\Lib\site-packages\MySQLdb\cursors.py", line 179, in execute
    res = self._query(mogrified_query)
  File "C:\Users\milan\OneDrive\Desktop\E-commerce-Project\.venv\Lib\site-packages\MySQLdb\cursors.py", line 330, in _query
    db.query(q)
    ~~~~~~~~^^^
  File "C:\Users\milan\OneDrive\Desktop\E-commerce-Project\.venv\Lib\site-packages\MySQLdb\connections.py", line 286, in query
    _mysql.connection.query(self, query)
    ~~~~~~~~~~~~~~~~~~~~~~~^^^^^^^^^^^^^
MySQLdb.OperationalError: (1054, "Unknown column 'accounts_customuser.can_view_audit_trail' in 'field list'")

The above exception was the direct cause of the following exception:

Traceback (most recent call last):
  File "C:\Users\milan\OneDrive\Desktop\E-commerce-Project\.venv\Lib\site-packages\django\core\handlers\base.py", line 197, in _get_response
    response = wrapped_callback(request, *callback_args, **callback_kwargs)
  File "C:\Users\milan\OneDrive\Desktop\E-commerce-Project\.venv\Lib\site-packages\django\contrib\auth\decorators.py", line 56, in _view_wrapper
    test_pass = test_func(request.user)
  File "C:\Users\milan\OneDrive\Desktop\E-commerce-Project\.venv\Lib\site-packages\django\contrib\auth\decorators.py", line 79, in <lambda>
    lambda u: u.is_authenticated,
              ^^^^^^^^^^^^^^^^^^
  File "C:\Users\milan\OneDrive\Desktop\E-commerce-Project\.venv\Lib\site-packages\django\utils\functional.py", line 251, in inner
    self._setup()
    ~~~~~~~~~~~^^
  File "C:\Users\milan\OneDrive\Desktop\E-commerce-Project\.venv\Lib\site-packages\django\utils\functional.py", line 404, in _setup
    self._wrapped = self._setupfunc()
                    ~~~~~~~~~~~~~~~^^
  File "C:\Users\milan\OneDrive\Desktop\E-commerce-Project\.venv\Lib\site-packages\django\contrib\auth\middleware.py", line 39, in <lambda>
    request.user = SimpleLazyObject(lambda: get_user(request))
                                            ~~~~~~~~^^^^^^^^^
  File "C:\Users\milan\OneDrive\Desktop\E-commerce-Project\.venv\Lib\site-packages\django\contrib\auth\middleware.py", line 19, in get_user
    request._cached_user = auth.get_user(request)
                           ~~~~~~~~~~~~~^^^^^^^^^
  File "C:\Users\milan\OneDrive\Desktop\E-commerce-Project\.venv\Lib\site-packages\django\contrib\auth\__init__.py", line 311, in get_user
    user = backend.get_user(user_id)
  File "C:\Users\milan\OneDrive\Desktop\E-commerce-Project\.venv\Lib\site-packages\django\contrib\auth\backends.py", line 232, in get_user
    user = UserModel._default_manager.get(pk=user_id)
  File "C:\Users\milan\OneDrive\Desktop\E-commerce-Project\.venv\Lib\site-packages\django\db\models\manager.py", line 87, in manager_method
    return getattr(self.get_queryset(), name)(*args, **kwargs)
           ~~~~~~~~~~~~~~~~~~~~~~~~~~~~~~~~~~^^^^^^^^^^^^^^^^^
  File "C:\Users\milan\OneDrive\Desktop\E-commerce-Project\.venv\Lib\site-packages\django\db\models\query.py", line 629, in get
    num = len(clone)
  File "C:\Users\milan\OneDrive\Desktop\E-commerce-Project\.venv\Lib\site-packages\django\db\models\query.py", line 366, in __len__
    self._fetch_all()
    ~~~~~~~~~~~~~~~^^
  File "C:\Users\milan\OneDrive\Desktop\E-commerce-Project\.venv\Lib\site-packages\django\db\models\query.py", line 1935, in _fetch_all
    self._result_cache = list(self._iterable_class(self))
                         ~~~~^^^^^^^^^^^^^^^^^^^^^^^^^^^^
  File "C:\Users\milan\OneDrive\Desktop\E-commerce-Project\.venv\Lib\site-packages\django\db\models\query.py", line 91, in __iter__
    results = compiler.execute_sql(
        chunked_fetch=self.chunked_fetch, chunk_size=self.chunk_size
    )
  File "C:\Users\milan\OneDrive\Desktop\E-commerce-Project\.venv\Lib\site-packages\django\db\models\sql\compiler.py", line 1622, in execute_sql
    cursor.execute(sql, params)
    ~~~~~~~~~~~~~~^^^^^^^^^^^^^
  File "C:\Users\milan\OneDrive\Desktop\E-commerce-Project\.venv\Lib\site-packages\django\db\backends\utils.py", line 79, in execute
    return self._execute_with_wrappers(
           ~~~~~~~~~~~~~~~~~~~~~~~~~~~^
        sql, params, many=False, executor=self._execute
        ^^^^^^^^^^^^^^^^^^^^^^^^^^^^^^^^^^^^^^^^^^^^^^^
    )
    ^
  File "C:\Users\milan\OneDrive\Desktop\E-commerce-Project\.venv\Lib\site-packages\django\db\backends\utils.py", line 92, in _execute_with_wrappers
    return executor(sql, params, many, context)
  File "C:\Users\milan\OneDrive\Desktop\E-commerce-Project\.venv\Lib\site-packages\django\db\backends\utils.py", line 100, in _execute
    with self.db.wrap_database_errors:
         ^^^^^^^^^^^^^^^^^^^^^^^^^^^^
  File "C:\Users\milan\OneDrive\Desktop\E-commerce-Project\.venv\Lib\site-packages\django\db\utils.py", line 91, in __exit__
    raise dj_exc_value.with_traceback(traceback) from exc_value
  File "C:\Users\milan\OneDrive\Desktop\E-commerce-Project\.venv\Lib\site-packages\django\db\backends\utils.py", line 105, in _execute
    return self.cursor.execute(sql, params)
           ~~~~~~~~~~~~~~~~~~~^^^^^^^^^^^^^
  File "C:\Users\milan\OneDrive\Desktop\E-commerce-Project\.venv\Lib\site-packages\django\db\backends\mysql\base.py", line 76, in execute
    return self.cursor.execute(query, args)
           ~~~~~~~~~~~~~~~~~~~^^^^^^^^^^^^^
  File "C:\Users\milan\OneDrive\Desktop\E-commerce-Project\.venv\Lib\site-packages\MySQLdb\cursors.py", line 179, in execute
    res = self._query(mogrified_query)
  File "C:\Users\milan\OneDrive\Desktop\E-commerce-Project\.venv\Lib\site-packages\MySQLdb\cursors.py", line 330, in _query
    db.query(q)
    ~~~~~~~~^^^
  File "C:\Users\milan\OneDrive\Desktop\E-commerce-Project\.venv\Lib\site-packages\MySQLdb\connections.py", line 286, in query
    _mysql.connection.query(self, query)
    ~~~~~~~~~~~~~~~~~~~~~~~^^^^^^^^^^^^^
django.db.utils.OperationalError: (1054, "Unknown column 'accounts_customuser.can_view_audit_trail' in 'field list'")

During handling of the above exception, another exception occurred:

Traceback (most recent call last):
  File "C:\Users\milan\OneDrive\Desktop\E-commerce-Project\.venv\Lib\site-packages\django\db\backends\utils.py", line 105, in _execute
    return self.cursor.execute(sql, params)
           ~~~~~~~~~~~~~~~~~~~^^^^^^^^^^^^^
  File "C:\Users\milan\OneDrive\Desktop\E-commerce-Project\.venv\Lib\site-packages\django\db\backends\mysql\base.py", line 76, in execute
    return self.cursor.execute(query, args)
           ~~~~~~~~~~~~~~~~~~~^^^^^^^^^^^^^
  File "C:\Users\milan\OneDrive\Desktop\E-commerce-Project\.venv\Lib\site-packages\MySQLdb\cursors.py", line 179, in execute
    res = self._query(mogrified_query)
  File "C:\Users\milan\OneDrive\Desktop\E-commerce-Project\.venv\Lib\site-packages\MySQLdb\cursors.py", line 330, in _query
    db.query(q)
    ~~~~~~~~^^^
  File "C:\Users\milan\OneDrive\Desktop\E-commerce-Project\.venv\Lib\site-packages\MySQLdb\connections.py", line 286, in query
    _mysql.connection.query(self, query)
    ~~~~~~~~~~~~~~~~~~~~~~~^^^^^^^^^^^^^
MySQLdb.OperationalError: (1054, "Unknown column 'accounts_customuser.can_view_audit_trail' in 'field list'")

The above exception was the direct cause of the following exception:

Traceback (most recent call last):
  File "C:\Users\milan\OneDrive\Desktop\E-commerce-Project\myproject\sentinel\services.py", line 150, in log_event
    if candidate is not None and getattr(candidate, 'is_authenticated', False):
                                 ~~~~~~~^^^^^^^^^^^^^^^^^^^^^^^^^^^^^^^^^^^^^^
  File "C:\Users\milan\OneDrive\Desktop\E-commerce-Project\.venv\Lib\site-packages\django\utils\functional.py", line 251, in inner
    self._setup()
    ~~~~~~~~~~~^^
  File "C:\Users\milan\OneDrive\Desktop\E-commerce-Project\.venv\Lib\site-packages\django\utils\functional.py", line 404, in _setup
    self._wrapped = self._setupfunc()
                    ~~~~~~~~~~~~~~~^^
  File "C:\Users\milan\OneDrive\Desktop\E-commerce-Project\.venv\Lib\site-packages\django\contrib\auth\middleware.py", line 39, in <lambda>
    request.user = SimpleLazyObject(lambda: get_user(request))
                                            ~~~~~~~~^^^^^^^^^
  File "C:\Users\milan\OneDrive\Desktop\E-commerce-Project\.venv\Lib\site-packages\django\contrib\auth\middleware.py", line 19, in get_user
    request._cached_user = auth.get_user(request)
                           ~~~~~~~~~~~~~^^^^^^^^^
  File "C:\Users\milan\OneDrive\Desktop\E-commerce-Project\.venv\Lib\site-packages\django\contrib\auth\__init__.py", line 311, in get_user
    user = backend.get_user(user_id)
  File "C:\Users\milan\OneDrive\Desktop\E-commerce-Project\.venv\Lib\site-packages\django\contrib\auth\backends.py", line 232, in get_user
    user = UserModel._default_manager.get(pk=user_id)
  File "C:\Users\milan\OneDrive\Desktop\E-commerce-Project\.venv\Lib\site-packages\django\db\models\manager.py", line 87, in manager_method
    return getattr(self.get_queryset(), name)(*args, **kwargs)
           ~~~~~~~~~~~~~~~~~~~~~~~~~~~~~~~~~~^^^^^^^^^^^^^^^^^
  File "C:\Users\milan\OneDrive\Desktop\E-commerce-Project\.venv\Lib\site-packages\django\db\models\query.py", line 629, in get
    num = len(clone)
  File "C:\Users\milan\OneDrive\Desktop\E-commerce-Project\.venv\Lib\site-packages\django\db\models\query.py", line 366, in __len__
    self._fetch_all()
    ~~~~~~~~~~~~~~~^^
  File "C:\Users\milan\OneDrive\Desktop\E-commerce-Project\.venv\Lib\site-packages\django\db\models\query.py", line 1935, in _fetch_all
    self._result_cache = list(self._iterable_class(self))
                         ~~~~^^^^^^^^^^^^^^^^^^^^^^^^^^^^
  File "C:\Users\milan\OneDrive\Desktop\E-commerce-Project\.venv\Lib\site-packages\django\db\models\query.py", line 91, in __iter__
    results = compiler.execute_sql(
        chunked_fetch=self.chunked_fetch, chunk_size=self.chunk_size
    )
  File "C:\Users\milan\OneDrive\Desktop\E-commerce-Project\.venv\Lib\site-packages\django\db\models\sql\compiler.py", line 1622, in execute_sql
    cursor.execute(sql, params)
    ~~~~~~~~~~~~~~^^^^^^^^^^^^^
  File "C:\Users\milan\OneDrive\Desktop\E-commerce-Project\.venv\Lib\site-packages\django\db\backends\utils.py", line 79, in execute
    return self._execute_with_wrappers(
           ~~~~~~~~~~~~~~~~~~~~~~~~~~~^
        sql, params, many=False, executor=self._execute
        ^^^^^^^^^^^^^^^^^^^^^^^^^^^^^^^^^^^^^^^^^^^^^^^
    )
    ^
  File "C:\Users\milan\OneDrive\Desktop\E-commerce-Project\.venv\Lib\site-packages\django\db\backends\utils.py", line 92, in _execute_with_wrappers
    return executor(sql, params, many, context)
  File "C:\Users\milan\OneDrive\Desktop\E-commerce-Project\.venv\Lib\site-packages\django\db\backends\utils.py", line 100, in _execute
    with self.db.wrap_database_errors:
         ^^^^^^^^^^^^^^^^^^^^^^^^^^^^
  File "C:\Users\milan\OneDrive\Desktop\E-commerce-Project\.venv\Lib\site-packages\django\db\utils.py", line 91, in __exit__
    raise dj_exc_value.with_traceback(traceback) from exc_value
  File "C:\Users\milan\OneDrive\Desktop\E-commerce-Project\.venv\Lib\site-packages\django\db\backends\utils.py", line 105, in _execute
    return self.cursor.execute(sql, params)
           ~~~~~~~~~~~~~~~~~~~^^^^^^^^^^^^^
  File "C:\Users\milan\OneDrive\Desktop\E-commerce-Project\.venv\Lib\site-packages\django\db\backends\mysql\base.py", line 76, in execute
    return self.cursor.execute(query, args)
           ~~~~~~~~~~~~~~~~~~~^^^^^^^^^^^^^
  File "C:\Users\milan\OneDrive\Desktop\E-commerce-Project\.venv\Lib\site-packages\MySQLdb\cursors.py", line 179, in execute
    res = self._query(mogrified_query)
  File "C:\Users\milan\OneDrive\Desktop\E-commerce-Project\.venv\Lib\site-packages\MySQLdb\cursors.py", line 330, in _query
    db.query(q)
    ~~~~~~~~^^^
  File "C:\Users\milan\OneDrive\Desktop\E-commerce-Project\.venv\Lib\site-packages\MySQLdb\connections.py", line 286, in query
    _mysql.connection.query(self, query)
    ~~~~~~~~~~~~~~~~~~~~~~~^^^^^^^^^^^^^
django.db.utils.OperationalError: (1054, "Unknown column 'accounts_customuser.can_view_audit_trail' in 'field list'")
[ERROR] 2026-08-03 15:12:20 services.log_event:221 Sentinel failed to record event: OperationalError in /hrm/attendance/incomplete/
Traceback (most recent call last):
  File "C:\Users\milan\OneDrive\Desktop\E-commerce-Project\.venv\Lib\site-packages\django\db\backends\utils.py", line 105, in _execute
    return self.cursor.execute(sql, params)
           ~~~~~~~~~~~~~~~~~~~^^^^^^^^^^^^^
  File "C:\Users\milan\OneDrive\Desktop\E-commerce-Project\.venv\Lib\site-packages\django\db\backends\mysql\base.py", line 76, in execute
    return self.cursor.execute(query, args)
           ~~~~~~~~~~~~~~~~~~~^^^^^^^^^^^^^
  File "C:\Users\milan\OneDrive\Desktop\E-commerce-Project\.venv\Lib\site-packages\MySQLdb\cursors.py", line 179, in execute
    res = self._query(mogrified_query)
  File "C:\Users\milan\OneDrive\Desktop\E-commerce-Project\.venv\Lib\site-packages\MySQLdb\cursors.py", line 330, in _query
    db.query(q)
    ~~~~~~~~^^^
  File "C:\Users\milan\OneDrive\Desktop\E-commerce-Project\.venv\Lib\site-packages\MySQLdb\connections.py", line 286, in query
    _mysql.connection.query(self, query)
    ~~~~~~~~~~~~~~~~~~~~~~~^^^^^^^^^^^^^
MySQLdb.OperationalError: (1054, "Unknown column 'accounts_customuser.can_view_audit_trail' in 'field list'")

The above exception was the direct cause of the following exception:

Traceback (most recent call last):
  File "C:\Users\milan\OneDrive\Desktop\E-commerce-Project\.venv\Lib\site-packages\django\core\handlers\base.py", line 197, in _get_response
    response = wrapped_callback(request, *callback_args, **callback_kwargs)
  File "C:\Users\milan\OneDrive\Desktop\E-commerce-Project\.venv\Lib\site-packages\django\contrib\auth\decorators.py", line 56, in _view_wrapper
    test_pass = test_func(request.user)
  File "C:\Users\milan\OneDrive\Desktop\E-commerce-Project\.venv\Lib\site-packages\django\contrib\auth\decorators.py", line 79, in <lambda>
    lambda u: u.is_authenticated,
              ^^^^^^^^^^^^^^^^^^
  File "C:\Users\milan\OneDrive\Desktop\E-commerce-Project\.venv\Lib\site-packages\django\utils\functional.py", line 251, in inner
    self._setup()
    ~~~~~~~~~~~^^
  File "C:\Users\milan\OneDrive\Desktop\E-commerce-Project\.venv\Lib\site-packages\django\utils\functional.py", line 404, in _setup
    self._wrapped = self._setupfunc()
                    ~~~~~~~~~~~~~~~^^
  File "C:\Users\milan\OneDrive\Desktop\E-commerce-Project\.venv\Lib\site-packages\django\contrib\auth\middleware.py", line 39, in <lambda>
    request.user = SimpleLazyObject(lambda: get_user(request))
                                            ~~~~~~~~^^^^^^^^^
  File "C:\Users\milan\OneDrive\Desktop\E-commerce-Project\.venv\Lib\site-packages\django\contrib\auth\middleware.py", line 19, in get_user
    request._cached_user = auth.get_user(request)
                           ~~~~~~~~~~~~~^^^^^^^^^
  File "C:\Users\milan\OneDrive\Desktop\E-commerce-Project\.venv\Lib\site-packages\django\contrib\auth\__init__.py", line 311, in get_user
    user = backend.get_user(user_id)
  File "C:\Users\milan\OneDrive\Desktop\E-commerce-Project\.venv\Lib\site-packages\django\contrib\auth\backends.py", line 232, in get_user
    user = UserModel._default_manager.get(pk=user_id)
  File "C:\Users\milan\OneDrive\Desktop\E-commerce-Project\.venv\Lib\site-packages\django\db\models\manager.py", line 87, in manager_method
    return getattr(self.get_queryset(), name)(*args, **kwargs)
           ~~~~~~~~~~~~~~~~~~~~~~~~~~~~~~~~~~^^^^^^^^^^^^^^^^^
  File "C:\Users\milan\OneDrive\Desktop\E-commerce-Project\.venv\Lib\site-packages\django\db\models\query.py", line 629, in get
    num = len(clone)
  File "C:\Users\milan\OneDrive\Desktop\E-commerce-Project\.venv\Lib\site-packages\django\db\models\query.py", line 366, in __len__
    self._fetch_all()
    ~~~~~~~~~~~~~~~^^
  File "C:\Users\milan\OneDrive\Desktop\E-commerce-Project\.venv\Lib\site-packages\django\db\models\query.py", line 1935, in _fetch_all
    self._result_cache = list(self._iterable_class(self))
                         ~~~~^^^^^^^^^^^^^^^^^^^^^^^^^^^^
  File "C:\Users\milan\OneDrive\Desktop\E-commerce-Project\.venv\Lib\site-packages\django\db\models\query.py", line 91, in __iter__
    results = compiler.execute_sql(
        chunked_fetch=self.chunked_fetch, chunk_size=self.chunk_size
    )
  File "C:\Users\milan\OneDrive\Desktop\E-commerce-Project\.venv\Lib\site-packages\django\db\models\sql\compiler.py", line 1622, in execute_sql
    cursor.execute(sql, params)
    ~~~~~~~~~~~~~~^^^^^^^^^^^^^
  File "C:\Users\milan\OneDrive\Desktop\E-commerce-Project\.venv\Lib\site-packages\django\db\backends\utils.py", line 79, in execute
    return self._execute_with_wrappers(
           ~~~~~~~~~~~~~~~~~~~~~~~~~~~^
        sql, params, many=False, executor=self._execute
        ^^^^^^^^^^^^^^^^^^^^^^^^^^^^^^^^^^^^^^^^^^^^^^^
    )
    ^
  File "C:\Users\milan\OneDrive\Desktop\E-commerce-Project\.venv\Lib\site-packages\django\db\backends\utils.py", line 92, in _execute_with_wrappers
    return executor(sql, params, many, context)
  File "C:\Users\milan\OneDrive\Desktop\E-commerce-Project\.venv\Lib\site-packages\django\db\backends\utils.py", line 100, in _execute
    with self.db.wrap_database_errors:
         ^^^^^^^^^^^^^^^^^^^^^^^^^^^^
  File "C:\Users\milan\OneDrive\Desktop\E-commerce-Project\.venv\Lib\site-packages\django\db\utils.py", line 91, in __exit__
    raise dj_exc_value.with_traceback(traceback) from exc_value
  File "C:\Users\milan\OneDrive\Desktop\E-commerce-Project\.venv\Lib\site-packages\django\db\backends\utils.py", line 105, in _execute
    return self.cursor.execute(sql, params)
           ~~~~~~~~~~~~~~~~~~~^^^^^^^^^^^^^
  File "C:\Users\milan\OneDrive\Desktop\E-commerce-Project\.venv\Lib\site-packages\django\db\backends\mysql\base.py", line 76, in execute
    return self.cursor.execute(query, args)
           ~~~~~~~~~~~~~~~~~~~^^^^^^^^^^^^^
  File "C:\Users\milan\OneDrive\Desktop\E-commerce-Project\.venv\Lib\site-packages\MySQLdb\cursors.py", line 179, in execute
    res = self._query(mogrified_query)
  File "C:\Users\milan\OneDrive\Desktop\E-commerce-Project\.venv\Lib\site-packages\MySQLdb\cursors.py", line 330, in _query
    db.query(q)
    ~~~~~~~~^^^
  File "C:\Users\milan\OneDrive\Desktop\E-commerce-Project\.venv\Lib\site-packages\MySQLdb\connections.py", line 286, in query
    _mysql.connection.query(self, query)
    ~~~~~~~~~~~~~~~~~~~~~~~^^^^^^^^^^^^^
django.db.utils.OperationalError: (1054, "Unknown column 'accounts_customuser.can_view_audit_trail' in 'field list'")

During handling of the above exception, another exception occurred:

Traceback (most recent call last):
  File "C:\Users\milan\OneDrive\Desktop\E-commerce-Project\.venv\Lib\site-packages\django\db\backends\utils.py", line 105, in _execute
    return self.cursor.execute(sql, params)
           ~~~~~~~~~~~~~~~~~~~^^^^^^^^^^^^^
  File "C:\Users\milan\OneDrive\Desktop\E-commerce-Project\.venv\Lib\site-packages\django\db\backends\mysql\base.py", line 76, in execute
    return self.cursor.execute(query, args)
           ~~~~~~~~~~~~~~~~~~~^^^^^^^^^^^^^
  File "C:\Users\milan\OneDrive\Desktop\E-commerce-Project\.venv\Lib\site-packages\MySQLdb\cursors.py", line 179, in execute
    res = self._query(mogrified_query)
  File "C:\Users\milan\OneDrive\Desktop\E-commerce-Project\.venv\Lib\site-packages\MySQLdb\cursors.py", line 330, in _query
    db.query(q)
    ~~~~~~~~^^^
  File "C:\Users\milan\OneDrive\Desktop\E-commerce-Project\.venv\Lib\site-packages\MySQLdb\connections.py", line 286, in query
    _mysql.connection.query(self, query)
    ~~~~~~~~~~~~~~~~~~~~~~~^^^^^^^^^^^^^
MySQLdb.OperationalError: (1054, "Unknown column 'accounts_customuser.can_view_audit_trail' in 'field list'")

The above exception was the direct cause of the following exception:

Traceback (most recent call last):
  File "C:\Users\milan\OneDrive\Desktop\E-commerce-Project\myproject\sentinel\services.py", line 150, in log_event
    if candidate is not None and getattr(candidate, 'is_authenticated', False):
                                 ~~~~~~~^^^^^^^^^^^^^^^^^^^^^^^^^^^^^^^^^^^^^^
  File "C:\Users\milan\OneDrive\Desktop\E-commerce-Project\.venv\Lib\site-packages\django\utils\functional.py", line 251, in inner
    self._setup()
    ~~~~~~~~~~~^^
  File "C:\Users\milan\OneDrive\Desktop\E-commerce-Project\.venv\Lib\site-packages\django\utils\functional.py", line 404, in _setup
    self._wrapped = self._setupfunc()
                    ~~~~~~~~~~~~~~~^^
  File "C:\Users\milan\OneDrive\Desktop\E-commerce-Project\.venv\Lib\site-packages\django\contrib\auth\middleware.py", line 39, in <lambda>
    request.user = SimpleLazyObject(lambda: get_user(request))
                                            ~~~~~~~~^^^^^^^^^
  File "C:\Users\milan\OneDrive\Desktop\E-commerce-Project\.venv\Lib\site-packages\django\contrib\auth\middleware.py", line 19, in get_user
    request._cached_user = auth.get_user(request)
                           ~~~~~~~~~~~~~^^^^^^^^^
  File "C:\Users\milan\OneDrive\Desktop\E-commerce-Project\.venv\Lib\site-packages\django\contrib\auth\__init__.py", line 311, in get_user
    user = backend.get_user(user_id)
  File "C:\Users\milan\OneDrive\Desktop\E-commerce-Project\.venv\Lib\site-packages\django\contrib\auth\backends.py", line 232, in get_user
    user = UserModel._default_manager.get(pk=user_id)
  File "C:\Users\milan\OneDrive\Desktop\E-commerce-Project\.venv\Lib\site-packages\django\db\models\manager.py", line 87, in manager_method
    return getattr(self.get_queryset(), name)(*args, **kwargs)
           ~~~~~~~~~~~~~~~~~~~~~~~~~~~~~~~~~~^^^^^^^^^^^^^^^^^
  File "C:\Users\milan\OneDrive\Desktop\E-commerce-Project\.venv\Lib\site-packages\django\db\models\query.py", line 629, in get
    num = len(clone)
  File "C:\Users\milan\OneDrive\Desktop\E-commerce-Project\.venv\Lib\site-packages\django\db\models\query.py", line 366, in __len__
    self._fetch_all()
    ~~~~~~~~~~~~~~~^^
  File "C:\Users\milan\OneDrive\Desktop\E-commerce-Project\.venv\Lib\site-packages\django\db\models\query.py", line 1935, in _fetch_all
    self._result_cache = list(self._iterable_class(self))
                         ~~~~^^^^^^^^^^^^^^^^^^^^^^^^^^^^
  File "C:\Users\milan\OneDrive\Desktop\E-commerce-Project\.venv\Lib\site-packages\django\db\models\query.py", line 91, in __iter__
    results = compiler.execute_sql(
        chunked_fetch=self.chunked_fetch, chunk_size=self.chunk_size
    )
  File "C:\Users\milan\OneDrive\Desktop\E-commerce-Project\.venv\Lib\site-packages\django\db\models\sql\compiler.py", line 1622, in execute_sql
    cursor.execute(sql, params)
    ~~~~~~~~~~~~~~^^^^^^^^^^^^^
  File "C:\Users\milan\OneDrive\Desktop\E-commerce-Project\.venv\Lib\site-packages\django\db\backends\utils.py", line 79, in execute
    return self._execute_with_wrappers(
           ~~~~~~~~~~~~~~~~~~~~~~~~~~~^
        sql, params, many=False, executor=self._execute
        ^^^^^^^^^^^^^^^^^^^^^^^^^^^^^^^^^^^^^^^^^^^^^^^
    )
    ^
  File "C:\Users\milan\OneDrive\Desktop\E-commerce-Project\.venv\Lib\site-packages\django\db\backends\utils.py", line 92, in _execute_with_wrappers
    return executor(sql, params, many, context)
  File "C:\Users\milan\OneDrive\Desktop\E-commerce-Project\.venv\Lib\site-packages\django\db\backends\utils.py", line 100, in _execute
    with self.db.wrap_database_errors:
         ^^^^^^^^^^^^^^^^^^^^^^^^^^^^
  File "C:\Users\milan\OneDrive\Desktop\E-commerce-Project\.venv\Lib\site-packages\django\db\utils.py", line 91, in __exit__
    raise dj_exc_value.with_traceback(traceback) from exc_value
  File "C:\Users\milan\OneDrive\Desktop\E-commerce-Project\.venv\Lib\site-packages\django\db\backends\utils.py", line 105, in _execute
    return self.cursor.execute(sql, params)
           ~~~~~~~~~~~~~~~~~~~^^^^^^^^^^^^^
  File "C:\Users\milan\OneDrive\Desktop\E-commerce-Project\.venv\Lib\site-packages\django\db\backends\mysql\base.py", line 76, in execute
    return self.cursor.execute(query, args)
           ~~~~~~~~~~~~~~~~~~~^^^^^^^^^^^^^
  File "C:\Users\milan\OneDrive\Desktop\E-commerce-Project\.venv\Lib\site-packages\MySQLdb\cursors.py", line 179, in execute
    res = self._query(mogrified_query)
  File "C:\Users\milan\OneDrive\Desktop\E-commerce-Project\.venv\Lib\site-packages\MySQLdb\cursors.py", line 330, in _query
    db.query(q)
    ~~~~~~~~^^^
  File "C:\Users\milan\OneDrive\Desktop\E-commerce-Project\.venv\Lib\site-packages\MySQLdb\connections.py", line 286, in query
    _mysql.connection.query(self, query)
    ~~~~~~~~~~~~~~~~~~~~~~~^^^^^^^^^^^^^
django.db.utils.OperationalError: (1054, "Unknown column 'accounts_customuser.can_view_audit_trail' in 'field list'")
[ERROR] 2026-08-03 15:13:20 services.log_event:221 Sentinel failed to record event: OperationalError in /chat/api/unread-count/
Traceback (most recent call last):
  File "C:\Users\milan\OneDrive\Desktop\E-commerce-Project\.venv\Lib\site-packages\django\db\backends\utils.py", line 105, in _execute
    return self.cursor.execute(sql, params)
           ~~~~~~~~~~~~~~~~~~~^^^^^^^^^^^^^
  File "C:\Users\milan\OneDrive\Desktop\E-commerce-Project\.venv\Lib\site-packages\django\db\backends\mysql\base.py", line 76, in execute
    return self.cursor.execute(query, args)
           ~~~~~~~~~~~~~~~~~~~^^^^^^^^^^^^^
  File "C:\Users\milan\OneDrive\Desktop\E-commerce-Project\.venv\Lib\site-packages\MySQLdb\cursors.py", line 179, in execute
    res = self._query(mogrified_query)
  File "C:\Users\milan\OneDrive\Desktop\E-commerce-Project\.venv\Lib\site-packages\MySQLdb\cursors.py", line 330, in _query
    db.query(q)
    ~~~~~~~~^^^
  File "C:\Users\milan\OneDrive\Desktop\E-commerce-Project\.venv\Lib\site-packages\MySQLdb\connections.py", line 286, in query
    _mysql.connection.query(self, query)
    ~~~~~~~~~~~~~~~~~~~~~~~^^^^^^^^^^^^^
MySQLdb.OperationalError: (1054, "Unknown column 'accounts_customuser.can_view_audit_trail' in 'field list'")

The above exception was the direct cause of the following exception:

Traceback (most recent call last):
  File "C:\Users\milan\OneDrive\Desktop\E-commerce-Project\.venv\Lib\site-packages\django\core\handlers\base.py", line 197, in _get_response
    response = wrapped_callback(request, *callback_args, **callback_kwargs)
  File "C:\Users\milan\OneDrive\Desktop\E-commerce-Project\.venv\Lib\site-packages\django\views\decorators\http.py", line 64, in inner
    return func(request, *args, **kwargs)
  File "C:\Users\milan\OneDrive\Desktop\E-commerce-Project\myproject\chat\views.py", line 275, in api_unread_count
    if not request.user.is_authenticated:
           ^^^^^^^^^^^^^^^^^^^^^^^^^^^^^
  File "C:\Users\milan\OneDrive\Desktop\E-commerce-Project\.venv\Lib\site-packages\django\utils\functional.py", line 251, in inner
    self._setup()
    ~~~~~~~~~~~^^
  File "C:\Users\milan\OneDrive\Desktop\E-commerce-Project\.venv\Lib\site-packages\django\utils\functional.py", line 404, in _setup
    self._wrapped = self._setupfunc()
                    ~~~~~~~~~~~~~~~^^
  File "C:\Users\milan\OneDrive\Desktop\E-commerce-Project\.venv\Lib\site-packages\django\contrib\auth\middleware.py", line 39, in <lambda>
    request.user = SimpleLazyObject(lambda: get_user(request))
                                            ~~~~~~~~^^^^^^^^^
  File "C:\Users\milan\OneDrive\Desktop\E-commerce-Project\.venv\Lib\site-packages\django\contrib\auth\middleware.py", line 19, in get_user
    request._cached_user = auth.get_user(request)
                           ~~~~~~~~~~~~~^^^^^^^^^
  File "C:\Users\milan\OneDrive\Desktop\E-commerce-Project\.venv\Lib\site-packages\django\contrib\auth\__init__.py", line 311, in get_user
    user = backend.get_user(user_id)
  File "C:\Users\milan\OneDrive\Desktop\E-commerce-Project\.venv\Lib\site-packages\django\contrib\auth\backends.py", line 232, in get_user
    user = UserModel._default_manager.get(pk=user_id)
  File "C:\Users\milan\OneDrive\Desktop\E-commerce-Project\.venv\Lib\site-packages\django\db\models\manager.py", line 87, in manager_method
    return getattr(self.get_queryset(), name)(*args, **kwargs)
           ~~~~~~~~~~~~~~~~~~~~~~~~~~~~~~~~~~^^^^^^^^^^^^^^^^^
  File "C:\Users\milan\OneDrive\Desktop\E-commerce-Project\.venv\Lib\site-packages\django\db\models\query.py", line 629, in get
    num = len(clone)
  File "C:\Users\milan\OneDrive\Desktop\E-commerce-Project\.venv\Lib\site-packages\django\db\models\query.py", line 366, in __len__
    self._fetch_all()
    ~~~~~~~~~~~~~~~^^
  File "C:\Users\milan\OneDrive\Desktop\E-commerce-Project\.venv\Lib\site-packages\django\db\models\query.py", line 1935, in _fetch_all
    self._result_cache = list(self._iterable_class(self))
                         ~~~~^^^^^^^^^^^^^^^^^^^^^^^^^^^^
  File "C:\Users\milan\OneDrive\Desktop\E-commerce-Project\.venv\Lib\site-packages\django\db\models\query.py", line 91, in __iter__
    results = compiler.execute_sql(
        chunked_fetch=self.chunked_fetch, chunk_size=self.chunk_size
    )
  File "C:\Users\milan\OneDrive\Desktop\E-commerce-Project\.venv\Lib\site-packages\django\db\models\sql\compiler.py", line 1622, in execute_sql
    cursor.execute(sql, params)
    ~~~~~~~~~~~~~~^^^^^^^^^^^^^
  File "C:\Users\milan\OneDrive\Desktop\E-commerce-Project\.venv\Lib\site-packages\django\db\backends\utils.py", line 79, in execute
    return self._execute_with_wrappers(
           ~~~~~~~~~~~~~~~~~~~~~~~~~~~^
        sql, params, many=False, executor=self._execute
        ^^^^^^^^^^^^^^^^^^^^^^^^^^^^^^^^^^^^^^^^^^^^^^^
    )
    ^
  File "C:\Users\milan\OneDrive\Desktop\E-commerce-Project\.venv\Lib\site-packages\django\db\backends\utils.py", line 92, in _execute_with_wrappers
    return executor(sql, params, many, context)
  File "C:\Users\milan\OneDrive\Desktop\E-commerce-Project\.venv\Lib\site-packages\django\db\backends\utils.py", line 100, in _execute
    with self.db.wrap_database_errors:
         ^^^^^^^^^^^^^^^^^^^^^^^^^^^^
  File "C:\Users\milan\OneDrive\Desktop\E-commerce-Project\.venv\Lib\site-packages\django\db\utils.py", line 91, in __exit__
    raise dj_exc_value.with_traceback(traceback) from exc_value
  File "C:\Users\milan\OneDrive\Desktop\E-commerce-Project\.venv\Lib\site-packages\django\db\backends\utils.py", line 105, in _execute
    return self.cursor.execute(sql, params)
           ~~~~~~~~~~~~~~~~~~~^^^^^^^^^^^^^
  File "C:\Users\milan\OneDrive\Desktop\E-commerce-Project\.venv\Lib\site-packages\django\db\backends\mysql\base.py", line 76, in execute
    return self.cursor.execute(query, args)
           ~~~~~~~~~~~~~~~~~~~^^^^^^^^^^^^^
  File "C:\Users\milan\OneDrive\Desktop\E-commerce-Project\.venv\Lib\site-packages\MySQLdb\cursors.py", line 179, in execute
    res = self._query(mogrified_query)
  File "C:\Users\milan\OneDrive\Desktop\E-commerce-Project\.venv\Lib\site-packages\MySQLdb\cursors.py", line 330, in _query
    db.query(q)
    ~~~~~~~~^^^
  File "C:\Users\milan\OneDrive\Desktop\E-commerce-Project\.venv\Lib\site-packages\MySQLdb\connections.py", line 286, in query
    _mysql.connection.query(self, query)
    ~~~~~~~~~~~~~~~~~~~~~~~^^^^^^^^^^^^^
django.db.utils.OperationalError: (1054, "Unknown column 'accounts_customuser.can_view_audit_trail' in 'field list'")

During handling of the above exception, another exception occurred:

Traceback (most recent call last):
  File "C:\Users\milan\OneDrive\Desktop\E-commerce-Project\.venv\Lib\site-packages\django\db\backends\utils.py", line 105, in _execute
    return self.cursor.execute(sql, params)
           ~~~~~~~~~~~~~~~~~~~^^^^^^^^^^^^^
  File "C:\Users\milan\OneDrive\Desktop\E-commerce-Project\.venv\Lib\site-packages\django\db\backends\mysql\base.py", line 76, in execute
    return self.cursor.execute(query, args)
           ~~~~~~~~~~~~~~~~~~~^^^^^^^^^^^^^
  File "C:\Users\milan\OneDrive\Desktop\E-commerce-Project\.venv\Lib\site-packages\MySQLdb\cursors.py", line 179, in execute
    res = self._query(mogrified_query)
  File "C:\Users\milan\OneDrive\Desktop\E-commerce-Project\.venv\Lib\site-packages\MySQLdb\cursors.py", line 330, in _query
    db.query(q)
    ~~~~~~~~^^^
  File "C:\Users\milan\OneDrive\Desktop\E-commerce-Project\.venv\Lib\site-packages\MySQLdb\connections.py", line 286, in query
    _mysql.connection.query(self, query)
    ~~~~~~~~~~~~~~~~~~~~~~~^^^^^^^^^^^^^
MySQLdb.OperationalError: (1054, "Unknown column 'accounts_customuser.can_view_audit_trail' in 'field list'")

The above exception was the direct cause of the following exception:

Traceback (most recent call last):
  File "C:\Users\milan\OneDrive\Desktop\E-commerce-Project\myproject\sentinel\services.py", line 150, in log_event
    if candidate is not None and getattr(candidate, 'is_authenticated', False):
                                 ~~~~~~~^^^^^^^^^^^^^^^^^^^^^^^^^^^^^^^^^^^^^^
  File "C:\Users\milan\OneDrive\Desktop\E-commerce-Project\.venv\Lib\site-packages\django\utils\functional.py", line 251, in inner
    self._setup()
    ~~~~~~~~~~~^^
  File "C:\Users\milan\OneDrive\Desktop\E-commerce-Project\.venv\Lib\site-packages\django\utils\functional.py", line 404, in _setup
    self._wrapped = self._setupfunc()
                    ~~~~~~~~~~~~~~~^^
  File "C:\Users\milan\OneDrive\Desktop\E-commerce-Project\.venv\Lib\site-packages\django\contrib\auth\middleware.py", line 39, in <lambda>
    request.user = SimpleLazyObject(lambda: get_user(request))
                                            ~~~~~~~~^^^^^^^^^
  File "C:\Users\milan\OneDrive\Desktop\E-commerce-Project\.venv\Lib\site-packages\django\contrib\auth\middleware.py", line 19, in get_user
    request._cached_user = auth.get_user(request)
                           ~~~~~~~~~~~~~^^^^^^^^^
  File "C:\Users\milan\OneDrive\Desktop\E-commerce-Project\.venv\Lib\site-packages\django\contrib\auth\__init__.py", line 311, in get_user
    user = backend.get_user(user_id)
  File "C:\Users\milan\OneDrive\Desktop\E-commerce-Project\.venv\Lib\site-packages\django\contrib\auth\backends.py", line 232, in get_user
    user = UserModel._default_manager.get(pk=user_id)
  File "C:\Users\milan\OneDrive\Desktop\E-commerce-Project\.venv\Lib\site-packages\django\db\models\manager.py", line 87, in manager_method
    return getattr(self.get_queryset(), name)(*args, **kwargs)
           ~~~~~~~~~~~~~~~~~~~~~~~~~~~~~~~~~~^^^^^^^^^^^^^^^^^
  File "C:\Users\milan\OneDrive\Desktop\E-commerce-Project\.venv\Lib\site-packages\django\db\models\query.py", line 629, in get
    num = len(clone)
  File "C:\Users\milan\OneDrive\Desktop\E-commerce-Project\.venv\Lib\site-packages\django\db\models\query.py", line 366, in __len__
    self._fetch_all()
    ~~~~~~~~~~~~~~~^^
  File "C:\Users\milan\OneDrive\Desktop\E-commerce-Project\.venv\Lib\site-packages\django\db\models\query.py", line 1935, in _fetch_all
    self._result_cache = list(self._iterable_class(self))
                         ~~~~^^^^^^^^^^^^^^^^^^^^^^^^^^^^
  File "C:\Users\milan\OneDrive\Desktop\E-commerce-Project\.venv\Lib\site-packages\django\db\models\query.py", line 91, in __iter__
    results = compiler.execute_sql(
        chunked_fetch=self.chunked_fetch, chunk_size=self.chunk_size
    )
  File "C:\Users\milan\OneDrive\Desktop\E-commerce-Project\.venv\Lib\site-packages\django\db\models\sql\compiler.py", line 1622, in execute_sql
    cursor.execute(sql, params)
    ~~~~~~~~~~~~~~^^^^^^^^^^^^^
  File "C:\Users\milan\OneDrive\Desktop\E-commerce-Project\.venv\Lib\site-packages\django\db\backends\utils.py", line 79, in execute
    return self._execute_with_wrappers(
           ~~~~~~~~~~~~~~~~~~~~~~~~~~~^
        sql, params, many=False, executor=self._execute
        ^^^^^^^^^^^^^^^^^^^^^^^^^^^^^^^^^^^^^^^^^^^^^^^
    )
    ^
  File "C:\Users\milan\OneDrive\Desktop\E-commerce-Project\.venv\Lib\site-packages\django\db\backends\utils.py", line 92, in _execute_with_wrappers
    return executor(sql, params, many, context)
  File "C:\Users\milan\OneDrive\Desktop\E-commerce-Project\.venv\Lib\site-packages\django\db\backends\utils.py", line 100, in _execute
    with self.db.wrap_database_errors:
         ^^^^^^^^^^^^^^^^^^^^^^^^^^^^
  File "C:\Users\milan\OneDrive\Desktop\E-commerce-Project\.venv\Lib\site-packages\django\db\utils.py", line 91, in __exit__
    raise dj_exc_value.with_traceback(traceback) from exc_value
  File "C:\Users\milan\OneDrive\Desktop\E-commerce-Project\.venv\Lib\site-packages\django\db\backends\utils.py", line 105, in _execute
    return self.cursor.execute(sql, params)
           ~~~~~~~~~~~~~~~~~~~^^^^^^^^^^^^^
  File "C:\Users\milan\OneDrive\Desktop\E-commerce-Project\.venv\Lib\site-packages\django\db\backends\mysql\base.py", line 76, in execute
    return self.cursor.execute(query, args)
           ~~~~~~~~~~~~~~~~~~~^^^^^^^^^^^^^
  File "C:\Users\milan\OneDrive\Desktop\E-commerce-Project\.venv\Lib\site-packages\MySQLdb\cursors.py", line 179, in execute
    res = self._query(mogrified_query)
  File "C:\Users\milan\OneDrive\Desktop\E-commerce-Project\.venv\Lib\site-packages\MySQLdb\cursors.py", line 330, in _query
    db.query(q)
    ~~~~~~~~^^^
  File "C:\Users\milan\OneDrive\Desktop\E-commerce-Project\.venv\Lib\site-packages\MySQLdb\connections.py", line 286, in query
    _mysql.connection.query(self, query)
    ~~~~~~~~~~~~~~~~~~~~~~~^^^^^^^^^^^^^
django.db.utils.OperationalError: (1054, "Unknown column 'accounts_customuser.can_view_audit_trail' in 'field list'")
[ERROR] 2026-08-03 15:13:20 services.log_event:221 Sentinel failed to record event: OperationalError in /api/active-notice/
Traceback (most recent call last):
  File "C:\Users\milan\OneDrive\Desktop\E-commerce-Project\.venv\Lib\site-packages\django\db\backends\utils.py", line 105, in _execute
    return self.cursor.execute(sql, params)
           ~~~~~~~~~~~~~~~~~~~^^^^^^^^^^^^^
  File "C:\Users\milan\OneDrive\Desktop\E-commerce-Project\.venv\Lib\site-packages\django\db\backends\mysql\base.py", line 76, in execute
    return self.cursor.execute(query, args)
           ~~~~~~~~~~~~~~~~~~~^^^^^^^^^^^^^
  File "C:\Users\milan\OneDrive\Desktop\E-commerce-Project\.venv\Lib\site-packages\MySQLdb\cursors.py", line 179, in execute
    res = self._query(mogrified_query)
  File "C:\Users\milan\OneDrive\Desktop\E-commerce-Project\.venv\Lib\site-packages\MySQLdb\cursors.py", line 330, in _query
    db.query(q)
    ~~~~~~~~^^^
  File "C:\Users\milan\OneDrive\Desktop\E-commerce-Project\.venv\Lib\site-packages\MySQLdb\connections.py", line 286, in query
    _mysql.connection.query(self, query)
    ~~~~~~~~~~~~~~~~~~~~~~~^^^^^^^^^^^^^
MySQLdb.OperationalError: (1054, "Unknown column 'accounts_customuser.can_view_audit_trail' in 'field list'")

The above exception was the direct cause of the following exception:

Traceback (most recent call last):
  File "C:\Users\milan\OneDrive\Desktop\E-commerce-Project\.venv\Lib\site-packages\django\core\handlers\base.py", line 197, in _get_response
    response = wrapped_callback(request, *callback_args, **callback_kwargs)
  File "C:\Users\milan\OneDrive\Desktop\E-commerce-Project\.venv\Lib\site-packages\django\contrib\auth\decorators.py", line 56, in _view_wrapper
    test_pass = test_func(request.user)
  File "C:\Users\milan\OneDrive\Desktop\E-commerce-Project\.venv\Lib\site-packages\django\contrib\auth\decorators.py", line 79, in <lambda>
    lambda u: u.is_authenticated,
              ^^^^^^^^^^^^^^^^^^
  File "C:\Users\milan\OneDrive\Desktop\E-commerce-Project\.venv\Lib\site-packages\django\utils\functional.py", line 251, in inner
    self._setup()
    ~~~~~~~~~~~^^
  File "C:\Users\milan\OneDrive\Desktop\E-commerce-Project\.venv\Lib\site-packages\django\utils\functional.py", line 404, in _setup
    self._wrapped = self._setupfunc()
                    ~~~~~~~~~~~~~~~^^
  File "C:\Users\milan\OneDrive\Desktop\E-commerce-Project\.venv\Lib\site-packages\django\contrib\auth\middleware.py", line 39, in <lambda>
    request.user = SimpleLazyObject(lambda: get_user(request))
                                            ~~~~~~~~^^^^^^^^^
  File "C:\Users\milan\OneDrive\Desktop\E-commerce-Project\.venv\Lib\site-packages\django\contrib\auth\middleware.py", line 19, in get_user
    request._cached_user = auth.get_user(request)
                           ~~~~~~~~~~~~~^^^^^^^^^
  File "C:\Users\milan\OneDrive\Desktop\E-commerce-Project\.venv\Lib\site-packages\django\contrib\auth\__init__.py", line 311, in get_user
    user = backend.get_user(user_id)
  File "C:\Users\milan\OneDrive\Desktop\E-commerce-Project\.venv\Lib\site-packages\django\contrib\auth\backends.py", line 232, in get_user
    user = UserModel._default_manager.get(pk=user_id)
  File "C:\Users\milan\OneDrive\Desktop\E-commerce-Project\.venv\Lib\site-packages\django\db\models\manager.py", line 87, in manager_method
    return getattr(self.get_queryset(), name)(*args, **kwargs)
           ~~~~~~~~~~~~~~~~~~~~~~~~~~~~~~~~~~^^^^^^^^^^^^^^^^^
  File "C:\Users\milan\OneDrive\Desktop\E-commerce-Project\.venv\Lib\site-packages\django\db\models\query.py", line 629, in get
    num = len(clone)
  File "C:\Users\milan\OneDrive\Desktop\E-commerce-Project\.venv\Lib\site-packages\django\db\models\query.py", line 366, in __len__
    self._fetch_all()
    ~~~~~~~~~~~~~~~^^
  File "C:\Users\milan\OneDrive\Desktop\E-commerce-Project\.venv\Lib\site-packages\django\db\models\query.py", line 1935, in _fetch_all
    self._result_cache = list(self._iterable_class(self))
                         ~~~~^^^^^^^^^^^^^^^^^^^^^^^^^^^^
  File "C:\Users\milan\OneDrive\Desktop\E-commerce-Project\.venv\Lib\site-packages\django\db\models\query.py", line 91, in __iter__
    results = compiler.execute_sql(
        chunked_fetch=self.chunked_fetch, chunk_size=self.chunk_size
    )
  File "C:\Users\milan\OneDrive\Desktop\E-commerce-Project\.venv\Lib\site-packages\django\db\models\sql\compiler.py", line 1622, in execute_sql
    cursor.execute(sql, params)
    ~~~~~~~~~~~~~~^^^^^^^^^^^^^
  File "C:\Users\milan\OneDrive\Desktop\E-commerce-Project\.venv\Lib\site-packages\django\db\backends\utils.py", line 79, in execute
    return self._execute_with_wrappers(
           ~~~~~~~~~~~~~~~~~~~~~~~~~~~^
        sql, params, many=False, executor=self._execute
        ^^^^^^^^^^^^^^^^^^^^^^^^^^^^^^^^^^^^^^^^^^^^^^^
    )
    ^
  File "C:\Users\milan\OneDrive\Desktop\E-commerce-Project\.venv\Lib\site-packages\django\db\backends\utils.py", line 92, in _execute_with_wrappers
    return executor(sql, params, many, context)
  File "C:\Users\milan\OneDrive\Desktop\E-commerce-Project\.venv\Lib\site-packages\django\db\backends\utils.py", line 100, in _execute
    with self.db.wrap_database_errors:
         ^^^^^^^^^^^^^^^^^^^^^^^^^^^^
  File "C:\Users\milan\OneDrive\Desktop\E-commerce-Project\.venv\Lib\site-packages\django\db\utils.py", line 91, in __exit__
    raise dj_exc_value.with_traceback(traceback) from exc_value
  File "C:\Users\milan\OneDrive\Desktop\E-commerce-Project\.venv\Lib\site-packages\django\db\backends\utils.py", line 105, in _execute
    return self.cursor.execute(sql, params)
           ~~~~~~~~~~~~~~~~~~~^^^^^^^^^^^^^
  File "C:\Users\milan\OneDrive\Desktop\E-commerce-Project\.venv\Lib\site-packages\django\db\backends\mysql\base.py", line 76, in execute
    return self.cursor.execute(query, args)
           ~~~~~~~~~~~~~~~~~~~^^^^^^^^^^^^^
  File "C:\Users\milan\OneDrive\Desktop\E-commerce-Project\.venv\Lib\site-packages\MySQLdb\cursors.py", line 179, in execute
    res = self._query(mogrified_query)
  File "C:\Users\milan\OneDrive\Desktop\E-commerce-Project\.venv\Lib\site-packages\MySQLdb\cursors.py", line 330, in _query
    db.query(q)
    ~~~~~~~~^^^
  File "C:\Users\milan\OneDrive\Desktop\E-commerce-Project\.venv\Lib\site-packages\MySQLdb\connections.py", line 286, in query
    _mysql.connection.query(self, query)
    ~~~~~~~~~~~~~~~~~~~~~~~^^^^^^^^^^^^^
django.db.utils.OperationalError: (1054, "Unknown column 'accounts_customuser.can_view_audit_trail' in 'field list'")

During handling of the above exception, another exception occurred:

Traceback (most recent call last):
  File "C:\Users\milan\OneDrive\Desktop\E-commerce-Project\.venv\Lib\site-packages\django\db\backends\utils.py", line 105, in _execute
    return self.cursor.execute(sql, params)
           ~~~~~~~~~~~~~~~~~~~^^^^^^^^^^^^^
  File "C:\Users\milan\OneDrive\Desktop\E-commerce-Project\.venv\Lib\site-packages\django\db\backends\mysql\base.py", line 76, in execute
    return self.cursor.execute(query, args)
           ~~~~~~~~~~~~~~~~~~~^^^^^^^^^^^^^
  File "C:\Users\milan\OneDrive\Desktop\E-commerce-Project\.venv\Lib\site-packages\MySQLdb\cursors.py", line 179, in execute
    res = self._query(mogrified_query)
  File "C:\Users\milan\OneDrive\Desktop\E-commerce-Project\.venv\Lib\site-packages\MySQLdb\cursors.py", line 330, in _query
    db.query(q)
    ~~~~~~~~^^^
  File "C:\Users\milan\OneDrive\Desktop\E-commerce-Project\.venv\Lib\site-packages\MySQLdb\connections.py", line 286, in query
    _mysql.connection.query(self, query)
    ~~~~~~~~~~~~~~~~~~~~~~~^^^^^^^^^^^^^
MySQLdb.OperationalError: (1054, "Unknown column 'accounts_customuser.can_view_audit_trail' in 'field list'")

The above exception was the direct cause of the following exception:

Traceback (most recent call last):
  File "C:\Users\milan\OneDrive\Desktop\E-commerce-Project\myproject\sentinel\services.py", line 150, in log_event
    if candidate is not None and getattr(candidate, 'is_authenticated', False):
                                 ~~~~~~~^^^^^^^^^^^^^^^^^^^^^^^^^^^^^^^^^^^^^^
  File "C:\Users\milan\OneDrive\Desktop\E-commerce-Project\.venv\Lib\site-packages\django\utils\functional.py", line 251, in inner
    self._setup()
    ~~~~~~~~~~~^^
  File "C:\Users\milan\OneDrive\Desktop\E-commerce-Project\.venv\Lib\site-packages\django\utils\functional.py", line 404, in _setup
    self._wrapped = self._setupfunc()
                    ~~~~~~~~~~~~~~~^^
  File "C:\Users\milan\OneDrive\Desktop\E-commerce-Project\.venv\Lib\site-packages\django\contrib\auth\middleware.py", line 39, in <lambda>
    request.user = SimpleLazyObject(lambda: get_user(request))
                                            ~~~~~~~~^^^^^^^^^
  File "C:\Users\milan\OneDrive\Desktop\E-commerce-Project\.venv\Lib\site-packages\django\contrib\auth\middleware.py", line 19, in get_user
    request._cached_user = auth.get_user(request)
                           ~~~~~~~~~~~~~^^^^^^^^^
  File "C:\Users\milan\OneDrive\Desktop\E-commerce-Project\.venv\Lib\site-packages\django\contrib\auth\__init__.py", line 311, in get_user
    user = backend.get_user(user_id)
  File "C:\Users\milan\OneDrive\Desktop\E-commerce-Project\.venv\Lib\site-packages\django\contrib\auth\backends.py", line 232, in get_user
    user = UserModel._default_manager.get(pk=user_id)
  File "C:\Users\milan\OneDrive\Desktop\E-commerce-Project\.venv\Lib\site-packages\django\db\models\manager.py", line 87, in manager_method
    return getattr(self.get_queryset(), name)(*args, **kwargs)
           ~~~~~~~~~~~~~~~~~~~~~~~~~~~~~~~~~~^^^^^^^^^^^^^^^^^
  File "C:\Users\milan\OneDrive\Desktop\E-commerce-Project\.venv\Lib\site-packages\django\db\models\query.py", line 629, in get
    num = len(clone)
  File "C:\Users\milan\OneDrive\Desktop\E-commerce-Project\.venv\Lib\site-packages\django\db\models\query.py", line 366, in __len__
    self._fetch_all()
    ~~~~~~~~~~~~~~~^^
  File "C:\Users\milan\OneDrive\Desktop\E-commerce-Project\.venv\Lib\site-packages\django\db\models\query.py", line 1935, in _fetch_all
    self._result_cache = list(self._iterable_class(self))
                         ~~~~^^^^^^^^^^^^^^^^^^^^^^^^^^^^
  File "C:\Users\milan\OneDrive\Desktop\E-commerce-Project\.venv\Lib\site-packages\django\db\models\query.py", line 91, in __iter__
    results = compiler.execute_sql(
        chunked_fetch=self.chunked_fetch, chunk_size=self.chunk_size
    )
  File "C:\Users\milan\OneDrive\Desktop\E-commerce-Project\.venv\Lib\site-packages\django\db\models\sql\compiler.py", line 1622, in execute_sql
    cursor.execute(sql, params)
    ~~~~~~~~~~~~~~^^^^^^^^^^^^^
  File "C:\Users\milan\OneDrive\Desktop\E-commerce-Project\.venv\Lib\site-packages\django\db\backends\utils.py", line 79, in execute
    return self._execute_with_wrappers(
           ~~~~~~~~~~~~~~~~~~~~~~~~~~~^
        sql, params, many=False, executor=self._execute
        ^^^^^^^^^^^^^^^^^^^^^^^^^^^^^^^^^^^^^^^^^^^^^^^
    )
    ^
  File "C:\Users\milan\OneDrive\Desktop\E-commerce-Project\.venv\Lib\site-packages\django\db\backends\utils.py", line 92, in _execute_with_wrappers
    return executor(sql, params, many, context)
  File "C:\Users\milan\OneDrive\Desktop\E-commerce-Project\.venv\Lib\site-packages\django\db\backends\utils.py", line 100, in _execute
    with self.db.wrap_database_errors:
         ^^^^^^^^^^^^^^^^^^^^^^^^^^^^
  File "C:\Users\milan\OneDrive\Desktop\E-commerce-Project\.venv\Lib\site-packages\django\db\utils.py", line 91, in __exit__
    raise dj_exc_value.with_traceback(traceback) from exc_value
  File "C:\Users\milan\OneDrive\Desktop\E-commerce-Project\.venv\Lib\site-packages\django\db\backends\utils.py", line 105, in _execute
    return self.cursor.execute(sql, params)
           ~~~~~~~~~~~~~~~~~~~^^^^^^^^^^^^^
  File "C:\Users\milan\OneDrive\Desktop\E-commerce-Project\.venv\Lib\site-packages\django\db\backends\mysql\base.py", line 76, in execute
    return self.cursor.execute(query, args)
           ~~~~~~~~~~~~~~~~~~~^^^^^^^^^^^^^
  File "C:\Users\milan\OneDrive\Desktop\E-commerce-Project\.venv\Lib\site-packages\MySQLdb\cursors.py", line 179, in execute
    res = self._query(mogrified_query)
  File "C:\Users\milan\OneDrive\Desktop\E-commerce-Project\.venv\Lib\site-packages\MySQLdb\cursors.py", line 330, in _query
    db.query(q)
    ~~~~~~~~^^^
  File "C:\Users\milan\OneDrive\Desktop\E-commerce-Project\.venv\Lib\site-packages\MySQLdb\connections.py", line 286, in query
    _mysql.connection.query(self, query)
    ~~~~~~~~~~~~~~~~~~~~~~~^^^^^^^^^^^^^
django.db.utils.OperationalError: (1054, "Unknown column 'accounts_customuser.can_view_audit_trail' in 'field list'")
[ERROR] 2026-08-03 15:13:20 services.log_event:221 Sentinel failed to record event: OperationalError in /hrm/attendance/incomplete/
Traceback (most recent call last):
  File "C:\Users\milan\OneDrive\Desktop\E-commerce-Project\.venv\Lib\site-packages\django\db\backends\utils.py", line 105, in _execute
    return self.cursor.execute(sql, params)
           ~~~~~~~~~~~~~~~~~~~^^^^^^^^^^^^^
  File "C:\Users\milan\OneDrive\Desktop\E-commerce-Project\.venv\Lib\site-packages\django\db\backends\mysql\base.py", line 76, in execute
    return self.cursor.execute(query, args)
           ~~~~~~~~~~~~~~~~~~~^^^^^^^^^^^^^
  File "C:\Users\milan\OneDrive\Desktop\E-commerce-Project\.venv\Lib\site-packages\MySQLdb\cursors.py", line 179, in execute
    res = self._query(mogrified_query)
  File "C:\Users\milan\OneDrive\Desktop\E-commerce-Project\.venv\Lib\site-packages\MySQLdb\cursors.py", line 330, in _query
    db.query(q)
    ~~~~~~~~^^^
  File "C:\Users\milan\OneDrive\Desktop\E-commerce-Project\.venv\Lib\site-packages\MySQLdb\connections.py", line 286, in query
    _mysql.connection.query(self, query)
    ~~~~~~~~~~~~~~~~~~~~~~~^^^^^^^^^^^^^
MySQLdb.OperationalError: (1054, "Unknown column 'accounts_customuser.can_view_audit_trail' in 'field list'")

The above exception was the direct cause of the following exception:

Traceback (most recent call last):
  File "C:\Users\milan\OneDrive\Desktop\E-commerce-Project\.venv\Lib\site-packages\django\core\handlers\base.py", line 197, in _get_response
    response = wrapped_callback(request, *callback_args, **callback_kwargs)
  File "C:\Users\milan\OneDrive\Desktop\E-commerce-Project\.venv\Lib\site-packages\django\contrib\auth\decorators.py", line 56, in _view_wrapper
    test_pass = test_func(request.user)
  File "C:\Users\milan\OneDrive\Desktop\E-commerce-Project\.venv\Lib\site-packages\django\contrib\auth\decorators.py", line 79, in <lambda>
    lambda u: u.is_authenticated,
              ^^^^^^^^^^^^^^^^^^
  File "C:\Users\milan\OneDrive\Desktop\E-commerce-Project\.venv\Lib\site-packages\django\utils\functional.py", line 251, in inner
    self._setup()
    ~~~~~~~~~~~^^
  File "C:\Users\milan\OneDrive\Desktop\E-commerce-Project\.venv\Lib\site-packages\django\utils\functional.py", line 404, in _setup
    self._wrapped = self._setupfunc()
                    ~~~~~~~~~~~~~~~^^
  File "C:\Users\milan\OneDrive\Desktop\E-commerce-Project\.venv\Lib\site-packages\django\contrib\auth\middleware.py", line 39, in <lambda>
    request.user = SimpleLazyObject(lambda: get_user(request))
                                            ~~~~~~~~^^^^^^^^^
  File "C:\Users\milan\OneDrive\Desktop\E-commerce-Project\.venv\Lib\site-packages\django\contrib\auth\middleware.py", line 19, in get_user
    request._cached_user = auth.get_user(request)
                           ~~~~~~~~~~~~~^^^^^^^^^
  File "C:\Users\milan\OneDrive\Desktop\E-commerce-Project\.venv\Lib\site-packages\django\contrib\auth\__init__.py", line 311, in get_user
    user = backend.get_user(user_id)
  File "C:\Users\milan\OneDrive\Desktop\E-commerce-Project\.venv\Lib\site-packages\django\contrib\auth\backends.py", line 232, in get_user
    user = UserModel._default_manager.get(pk=user_id)
  File "C:\Users\milan\OneDrive\Desktop\E-commerce-Project\.venv\Lib\site-packages\django\db\models\manager.py", line 87, in manager_method
    return getattr(self.get_queryset(), name)(*args, **kwargs)
           ~~~~~~~~~~~~~~~~~~~~~~~~~~~~~~~~~~^^^^^^^^^^^^^^^^^
  File "C:\Users\milan\OneDrive\Desktop\E-commerce-Project\.venv\Lib\site-packages\django\db\models\query.py", line 629, in get
    num = len(clone)
  File "C:\Users\milan\OneDrive\Desktop\E-commerce-Project\.venv\Lib\site-packages\django\db\models\query.py", line 366, in __len__
    self._fetch_all()
    ~~~~~~~~~~~~~~~^^
  File "C:\Users\milan\OneDrive\Desktop\E-commerce-Project\.venv\Lib\site-packages\django\db\models\query.py", line 1935, in _fetch_all
    self._result_cache = list(self._iterable_class(self))
                         ~~~~^^^^^^^^^^^^^^^^^^^^^^^^^^^^
  File "C:\Users\milan\OneDrive\Desktop\E-commerce-Project\.venv\Lib\site-packages\django\db\models\query.py", line 91, in __iter__
    results = compiler.execute_sql(
        chunked_fetch=self.chunked_fetch, chunk_size=self.chunk_size
    )
  File "C:\Users\milan\OneDrive\Desktop\E-commerce-Project\.venv\Lib\site-packages\django\db\models\sql\compiler.py", line 1622, in execute_sql
    cursor.execute(sql, params)
    ~~~~~~~~~~~~~~^^^^^^^^^^^^^
  File "C:\Users\milan\OneDrive\Desktop\E-commerce-Project\.venv\Lib\site-packages\django\db\backends\utils.py", line 79, in execute
    return self._execute_with_wrappers(
           ~~~~~~~~~~~~~~~~~~~~~~~~~~~^
        sql, params, many=False, executor=self._execute
        ^^^^^^^^^^^^^^^^^^^^^^^^^^^^^^^^^^^^^^^^^^^^^^^
    )
    ^
  File "C:\Users\milan\OneDrive\Desktop\E-commerce-Project\.venv\Lib\site-packages\django\db\backends\utils.py", line 92, in _execute_with_wrappers
    return executor(sql, params, many, context)
  File "C:\Users\milan\OneDrive\Desktop\E-commerce-Project\.venv\Lib\site-packages\django\db\backends\utils.py", line 100, in _execute
    with self.db.wrap_database_errors:
         ^^^^^^^^^^^^^^^^^^^^^^^^^^^^
  File "C:\Users\milan\OneDrive\Desktop\E-commerce-Project\.venv\Lib\site-packages\django\db\utils.py", line 91, in __exit__
    raise dj_exc_value.with_traceback(traceback) from exc_value
  File "C:\Users\milan\OneDrive\Desktop\E-commerce-Project\.venv\Lib\site-packages\django\db\backends\utils.py", line 105, in _execute
    return self.cursor.execute(sql, params)
           ~~~~~~~~~~~~~~~~~~~^^^^^^^^^^^^^
  File "C:\Users\milan\OneDrive\Desktop\E-commerce-Project\.venv\Lib\site-packages\django\db\backends\mysql\base.py", line 76, in execute
    return self.cursor.execute(query, args)
           ~~~~~~~~~~~~~~~~~~~^^^^^^^^^^^^^
  File "C:\Users\milan\OneDrive\Desktop\E-commerce-Project\.venv\Lib\site-packages\MySQLdb\cursors.py", line 179, in execute
    res = self._query(mogrified_query)
  File "C:\Users\milan\OneDrive\Desktop\E-commerce-Project\.venv\Lib\site-packages\MySQLdb\cursors.py", line 330, in _query
    db.query(q)
    ~~~~~~~~^^^
  File "C:\Users\milan\OneDrive\Desktop\E-commerce-Project\.venv\Lib\site-packages\MySQLdb\connections.py", line 286, in query
    _mysql.connection.query(self, query)
    ~~~~~~~~~~~~~~~~~~~~~~~^^^^^^^^^^^^^
django.db.utils.OperationalError: (1054, "Unknown column 'accounts_customuser.can_view_audit_trail' in 'field list'")

During handling of the above exception, another exception occurred:

Traceback (most recent call last):
  File "C:\Users\milan\OneDrive\Desktop\E-commerce-Project\.venv\Lib\site-packages\django\db\backends\utils.py", line 105, in _execute
    return self.cursor.execute(sql, params)
           ~~~~~~~~~~~~~~~~~~~^^^^^^^^^^^^^
  File "C:\Users\milan\OneDrive\Desktop\E-commerce-Project\.venv\Lib\site-packages\django\db\backends\mysql\base.py", line 76, in execute
    return self.cursor.execute(query, args)
           ~~~~~~~~~~~~~~~~~~~^^^^^^^^^^^^^
  File "C:\Users\milan\OneDrive\Desktop\E-commerce-Project\.venv\Lib\site-packages\MySQLdb\cursors.py", line 179, in execute
    res = self._query(mogrified_query)
  File "C:\Users\milan\OneDrive\Desktop\E-commerce-Project\.venv\Lib\site-packages\MySQLdb\cursors.py", line 330, in _query
    db.query(q)
    ~~~~~~~~^^^
  File "C:\Users\milan\OneDrive\Desktop\E-commerce-Project\.venv\Lib\site-packages\MySQLdb\connections.py", line 286, in query
    _mysql.connection.query(self, query)
    ~~~~~~~~~~~~~~~~~~~~~~~^^^^^^^^^^^^^
MySQLdb.OperationalError: (1054, "Unknown column 'accounts_customuser.can_view_audit_trail' in 'field list'")

The above exception was the direct cause of the following exception:

Traceback (most recent call last):
  File "C:\Users\milan\OneDrive\Desktop\E-commerce-Project\myproject\sentinel\services.py", line 150, in log_event
    if candidate is not None and getattr(candidate, 'is_authenticated', False):
                                 ~~~~~~~^^^^^^^^^^^^^^^^^^^^^^^^^^^^^^^^^^^^^^
  File "C:\Users\milan\OneDrive\Desktop\E-commerce-Project\.venv\Lib\site-packages\django\utils\functional.py", line 251, in inner
    self._setup()
    ~~~~~~~~~~~^^
  File "C:\Users\milan\OneDrive\Desktop\E-commerce-Project\.venv\Lib\site-packages\django\utils\functional.py", line 404, in _setup
    self._wrapped = self._setupfunc()
                    ~~~~~~~~~~~~~~~^^
  File "C:\Users\milan\OneDrive\Desktop\E-commerce-Project\.venv\Lib\site-packages\django\contrib\auth\middleware.py", line 39, in <lambda>
    request.user = SimpleLazyObject(lambda: get_user(request))
                                            ~~~~~~~~^^^^^^^^^
  File "C:\Users\milan\OneDrive\Desktop\E-commerce-Project\.venv\Lib\site-packages\django\contrib\auth\middleware.py", line 19, in get_user
    request._cached_user = auth.get_user(request)
                           ~~~~~~~~~~~~~^^^^^^^^^
  File "C:\Users\milan\OneDrive\Desktop\E-commerce-Project\.venv\Lib\site-packages\django\contrib\auth\__init__.py", line 311, in get_user
    user = backend.get_user(user_id)
  File "C:\Users\milan\OneDrive\Desktop\E-commerce-Project\.venv\Lib\site-packages\django\contrib\auth\backends.py", line 232, in get_user
    user = UserModel._default_manager.get(pk=user_id)
  File "C:\Users\milan\OneDrive\Desktop\E-commerce-Project\.venv\Lib\site-packages\django\db\models\manager.py", line 87, in manager_method
    return getattr(self.get_queryset(), name)(*args, **kwargs)
           ~~~~~~~~~~~~~~~~~~~~~~~~~~~~~~~~~~^^^^^^^^^^^^^^^^^
  File "C:\Users\milan\OneDrive\Desktop\E-commerce-Project\.venv\Lib\site-packages\django\db\models\query.py", line 629, in get
    num = len(clone)
  File "C:\Users\milan\OneDrive\Desktop\E-commerce-Project\.venv\Lib\site-packages\django\db\models\query.py", line 366, in __len__
    self._fetch_all()
    ~~~~~~~~~~~~~~~^^
  File "C:\Users\milan\OneDrive\Desktop\E-commerce-Project\.venv\Lib\site-packages\django\db\models\query.py", line 1935, in _fetch_all
    self._result_cache = list(self._iterable_class(self))
                         ~~~~^^^^^^^^^^^^^^^^^^^^^^^^^^^^
  File "C:\Users\milan\OneDrive\Desktop\E-commerce-Project\.venv\Lib\site-packages\django\db\models\query.py", line 91, in __iter__
    results = compiler.execute_sql(
        chunked_fetch=self.chunked_fetch, chunk_size=self.chunk_size
    )
  File "C:\Users\milan\OneDrive\Desktop\E-commerce-Project\.venv\Lib\site-packages\django\db\models\sql\compiler.py", line 1622, in execute_sql
    cursor.execute(sql, params)
    ~~~~~~~~~~~~~~^^^^^^^^^^^^^
  File "C:\Users\milan\OneDrive\Desktop\E-commerce-Project\.venv\Lib\site-packages\django\db\backends\utils.py", line 79, in execute
    return self._execute_with_wrappers(
           ~~~~~~~~~~~~~~~~~~~~~~~~~~~^
        sql, params, many=False, executor=self._execute
        ^^^^^^^^^^^^^^^^^^^^^^^^^^^^^^^^^^^^^^^^^^^^^^^
    )
    ^
  File "C:\Users\milan\OneDrive\Desktop\E-commerce-Project\.venv\Lib\site-packages\django\db\backends\utils.py", line 92, in _execute_with_wrappers
    return executor(sql, params, many, context)
  File "C:\Users\milan\OneDrive\Desktop\E-commerce-Project\.venv\Lib\site-packages\django\db\backends\utils.py", line 100, in _execute
    with self.db.wrap_database_errors:
         ^^^^^^^^^^^^^^^^^^^^^^^^^^^^
  File "C:\Users\milan\OneDrive\Desktop\E-commerce-Project\.venv\Lib\site-packages\django\db\utils.py", line 91, in __exit__
    raise dj_exc_value.with_traceback(traceback) from exc_value
  File "C:\Users\milan\OneDrive\Desktop\E-commerce-Project\.venv\Lib\site-packages\django\db\backends\utils.py", line 105, in _execute
    return self.cursor.execute(sql, params)
           ~~~~~~~~~~~~~~~~~~~^^^^^^^^^^^^^
  File "C:\Users\milan\OneDrive\Desktop\E-commerce-Project\.venv\Lib\site-packages\django\db\backends\mysql\base.py", line 76, in execute
    return self.cursor.execute(query, args)
           ~~~~~~~~~~~~~~~~~~~^^^^^^^^^^^^^
  File "C:\Users\milan\OneDrive\Desktop\E-commerce-Project\.venv\Lib\site-packages\MySQLdb\cursors.py", line 179, in execute
    res = self._query(mogrified_query)
  File "C:\Users\milan\OneDrive\Desktop\E-commerce-Project\.venv\Lib\site-packages\MySQLdb\cursors.py", line 330, in _query
    db.query(q)
    ~~~~~~~~^^^
  File "C:\Users\milan\OneDrive\Desktop\E-commerce-Project\.venv\Lib\site-packages\MySQLdb\connections.py", line 286, in query
    _mysql.connection.query(self, query)
    ~~~~~~~~~~~~~~~~~~~~~~~^^^^^^^^^^^^^
django.db.utils.OperationalError: (1054, "Unknown column 'accounts_customuser.can_view_audit_trail' in 'field list'")
[ERROR] 2026-08-03 15:14:20 services.log_event:221 Sentinel failed to record event: OperationalError in /api/active-notice/
Traceback (most recent call last):
  File "C:\Users\milan\OneDrive\Desktop\E-commerce-Project\.venv\Lib\site-packages\django\db\backends\utils.py", line 105, in _execute
    return self.cursor.execute(sql, params)
           ~~~~~~~~~~~~~~~~~~~^^^^^^^^^^^^^
  File "C:\Users\milan\OneDrive\Desktop\E-commerce-Project\.venv\Lib\site-packages\django\db\backends\mysql\base.py", line 76, in execute
    return self.cursor.execute(query, args)
           ~~~~~~~~~~~~~~~~~~~^^^^^^^^^^^^^
  File "C:\Users\milan\OneDrive\Desktop\E-commerce-Project\.venv\Lib\site-packages\MySQLdb\cursors.py", line 179, in execute
    res = self._query(mogrified_query)
  File "C:\Users\milan\OneDrive\Desktop\E-commerce-Project\.venv\Lib\site-packages\MySQLdb\cursors.py", line 330, in _query
    db.query(q)
    ~~~~~~~~^^^
  File "C:\Users\milan\OneDrive\Desktop\E-commerce-Project\.venv\Lib\site-packages\MySQLdb\connections.py", line 286, in query
    _mysql.connection.query(self, query)
    ~~~~~~~~~~~~~~~~~~~~~~~^^^^^^^^^^^^^
MySQLdb.OperationalError: (1054, "Unknown column 'accounts_customuser.can_view_audit_trail' in 'field list'")

The above exception was the direct cause of the following exception:

Traceback (most recent call last):
  File "C:\Users\milan\OneDrive\Desktop\E-commerce-Project\.venv\Lib\site-packages\django\core\handlers\base.py", line 197, in _get_response
    response = wrapped_callback(request, *callback_args, **callback_kwargs)
  File "C:\Users\milan\OneDrive\Desktop\E-commerce-Project\.venv\Lib\site-packages\django\contrib\auth\decorators.py", line 56, in _view_wrapper
    test_pass = test_func(request.user)
  File "C:\Users\milan\OneDrive\Desktop\E-commerce-Project\.venv\Lib\site-packages\django\contrib\auth\decorators.py", line 79, in <lambda>
    lambda u: u.is_authenticated,
              ^^^^^^^^^^^^^^^^^^
  File "C:\Users\milan\OneDrive\Desktop\E-commerce-Project\.venv\Lib\site-packages\django\utils\functional.py", line 251, in inner
    self._setup()
    ~~~~~~~~~~~^^
  File "C:\Users\milan\OneDrive\Desktop\E-commerce-Project\.venv\Lib\site-packages\django\utils\functional.py", line 404, in _setup
    self._wrapped = self._setupfunc()
                    ~~~~~~~~~~~~~~~^^
  File "C:\Users\milan\OneDrive\Desktop\E-commerce-Project\.venv\Lib\site-packages\django\contrib\auth\middleware.py", line 39, in <lambda>
    request.user = SimpleLazyObject(lambda: get_user(request))
                                            ~~~~~~~~^^^^^^^^^
  File "C:\Users\milan\OneDrive\Desktop\E-commerce-Project\.venv\Lib\site-packages\django\contrib\auth\middleware.py", line 19, in get_user
    request._cached_user = auth.get_user(request)
                           ~~~~~~~~~~~~~^^^^^^^^^
  File "C:\Users\milan\OneDrive\Desktop\E-commerce-Project\.venv\Lib\site-packages\django\contrib\auth\__init__.py", line 311, in get_user
    user = backend.get_user(user_id)
  File "C:\Users\milan\OneDrive\Desktop\E-commerce-Project\.venv\Lib\site-packages\django\contrib\auth\backends.py", line 232, in get_user
    user = UserModel._default_manager.get(pk=user_id)
  File "C:\Users\milan\OneDrive\Desktop\E-commerce-Project\.venv\Lib\site-packages\django\db\models\manager.py", line 87, in manager_method
    return getattr(self.get_queryset(), name)(*args, **kwargs)
           ~~~~~~~~~~~~~~~~~~~~~~~~~~~~~~~~~~^^^^^^^^^^^^^^^^^
  File "C:\Users\milan\OneDrive\Desktop\E-commerce-Project\.venv\Lib\site-packages\django\db\models\query.py", line 629, in get
    num = len(clone)
  File "C:\Users\milan\OneDrive\Desktop\E-commerce-Project\.venv\Lib\site-packages\django\db\models\query.py", line 366, in __len__
    self._fetch_all()
    ~~~~~~~~~~~~~~~^^
  File "C:\Users\milan\OneDrive\Desktop\E-commerce-Project\.venv\Lib\site-packages\django\db\models\query.py", line 1935, in _fetch_all
    self._result_cache = list(self._iterable_class(self))
                         ~~~~^^^^^^^^^^^^^^^^^^^^^^^^^^^^
  File "C:\Users\milan\OneDrive\Desktop\E-commerce-Project\.venv\Lib\site-packages\django\db\models\query.py", line 91, in __iter__
    results = compiler.execute_sql(
        chunked_fetch=self.chunked_fetch, chunk_size=self.chunk_size
    )
  File "C:\Users\milan\OneDrive\Desktop\E-commerce-Project\.venv\Lib\site-packages\django\db\models\sql\compiler.py", line 1622, in execute_sql
    cursor.execute(sql, params)
    ~~~~~~~~~~~~~~^^^^^^^^^^^^^
  File "C:\Users\milan\OneDrive\Desktop\E-commerce-Project\.venv\Lib\site-packages\django\db\backends\utils.py", line 79, in execute
    return self._execute_with_wrappers(
           ~~~~~~~~~~~~~~~~~~~~~~~~~~~^
        sql, params, many=False, executor=self._execute
        ^^^^^^^^^^^^^^^^^^^^^^^^^^^^^^^^^^^^^^^^^^^^^^^
    )
    ^
  File "C:\Users\milan\OneDrive\Desktop\E-commerce-Project\.venv\Lib\site-packages\django\db\backends\utils.py", line 92, in _execute_with_wrappers
    return executor(sql, params, many, context)
  File "C:\Users\milan\OneDrive\Desktop\E-commerce-Project\.venv\Lib\site-packages\django\db\backends\utils.py", line 100, in _execute
    with self.db.wrap_database_errors:
         ^^^^^^^^^^^^^^^^^^^^^^^^^^^^
  File "C:\Users\milan\OneDrive\Desktop\E-commerce-Project\.venv\Lib\site-packages\django\db\utils.py", line 91, in __exit__
    raise dj_exc_value.with_traceback(traceback) from exc_value
  File "C:\Users\milan\OneDrive\Desktop\E-commerce-Project\.venv\Lib\site-packages\django\db\backends\utils.py", line 105, in _execute
    return self.cursor.execute(sql, params)
           ~~~~~~~~~~~~~~~~~~~^^^^^^^^^^^^^
  File "C:\Users\milan\OneDrive\Desktop\E-commerce-Project\.venv\Lib\site-packages\django\db\backends\mysql\base.py", line 76, in execute
    return self.cursor.execute(query, args)
           ~~~~~~~~~~~~~~~~~~~^^^^^^^^^^^^^
  File "C:\Users\milan\OneDrive\Desktop\E-commerce-Project\.venv\Lib\site-packages\MySQLdb\cursors.py", line 179, in execute
    res = self._query(mogrified_query)
  File "C:\Users\milan\OneDrive\Desktop\E-commerce-Project\.venv\Lib\site-packages\MySQLdb\cursors.py", line 330, in _query
    db.query(q)
    ~~~~~~~~^^^
  File "C:\Users\milan\OneDrive\Desktop\E-commerce-Project\.venv\Lib\site-packages\MySQLdb\connections.py", line 286, in query
    _mysql.connection.query(self, query)
    ~~~~~~~~~~~~~~~~~~~~~~~^^^^^^^^^^^^^
django.db.utils.OperationalError: (1054, "Unknown column 'accounts_customuser.can_view_audit_trail' in 'field list'")

During handling of the above exception, another exception occurred:

Traceback (most recent call last):
  File "C:\Users\milan\OneDrive\Desktop\E-commerce-Project\.venv\Lib\site-packages\django\db\backends\utils.py", line 105, in _execute
    return self.cursor.execute(sql, params)
           ~~~~~~~~~~~~~~~~~~~^^^^^^^^^^^^^
  File "C:\Users\milan\OneDrive\Desktop\E-commerce-Project\.venv\Lib\site-packages\django\db\backends\mysql\base.py", line 76, in execute
    return self.cursor.execute(query, args)
           ~~~~~~~~~~~~~~~~~~~^^^^^^^^^^^^^
  File "C:\Users\milan\OneDrive\Desktop\E-commerce-Project\.venv\Lib\site-packages\MySQLdb\cursors.py", line 179, in execute
    res = self._query(mogrified_query)
  File "C:\Users\milan\OneDrive\Desktop\E-commerce-Project\.venv\Lib\site-packages\MySQLdb\cursors.py", line 330, in _query
    db.query(q)
    ~~~~~~~~^^^
  File "C:\Users\milan\OneDrive\Desktop\E-commerce-Project\.venv\Lib\site-packages\MySQLdb\connections.py", line 286, in query
    _mysql.connection.query(self, query)
    ~~~~~~~~~~~~~~~~~~~~~~~^^^^^^^^^^^^^
MySQLdb.OperationalError: (1054, "Unknown column 'accounts_customuser.can_view_audit_trail' in 'field list'")

The above exception was the direct cause of the following exception:

Traceback (most recent call last):
  File "C:\Users\milan\OneDrive\Desktop\E-commerce-Project\myproject\sentinel\services.py", line 150, in log_event
    if candidate is not None and getattr(candidate, 'is_authenticated', False):
                                 ~~~~~~~^^^^^^^^^^^^^^^^^^^^^^^^^^^^^^^^^^^^^^
  File "C:\Users\milan\OneDrive\Desktop\E-commerce-Project\.venv\Lib\site-packages\django\utils\functional.py", line 251, in inner
    self._setup()
    ~~~~~~~~~~~^^
  File "C:\Users\milan\OneDrive\Desktop\E-commerce-Project\.venv\Lib\site-packages\django\utils\functional.py", line 404, in _setup
    self._wrapped = self._setupfunc()
                    ~~~~~~~~~~~~~~~^^
  File "C:\Users\milan\OneDrive\Desktop\E-commerce-Project\.venv\Lib\site-packages\django\contrib\auth\middleware.py", line 39, in <lambda>
    request.user = SimpleLazyObject(lambda: get_user(request))
                                            ~~~~~~~~^^^^^^^^^
  File "C:\Users\milan\OneDrive\Desktop\E-commerce-Project\.venv\Lib\site-packages\django\contrib\auth\middleware.py", line 19, in get_user
    request._cached_user = auth.get_user(request)
                           ~~~~~~~~~~~~~^^^^^^^^^
  File "C:\Users\milan\OneDrive\Desktop\E-commerce-Project\.venv\Lib\site-packages\django\contrib\auth\__init__.py", line 311, in get_user
    user = backend.get_user(user_id)
  File "C:\Users\milan\OneDrive\Desktop\E-commerce-Project\.venv\Lib\site-packages\django\contrib\auth\backends.py", line 232, in get_user
    user = UserModel._default_manager.get(pk=user_id)
  File "C:\Users\milan\OneDrive\Desktop\E-commerce-Project\.venv\Lib\site-packages\django\db\models\manager.py", line 87, in manager_method
    return getattr(self.get_queryset(), name)(*args, **kwargs)
           ~~~~~~~~~~~~~~~~~~~~~~~~~~~~~~~~~~^^^^^^^^^^^^^^^^^
  File "C:\Users\milan\OneDrive\Desktop\E-commerce-Project\.venv\Lib\site-packages\django\db\models\query.py", line 629, in get
    num = len(clone)
  File "C:\Users\milan\OneDrive\Desktop\E-commerce-Project\.venv\Lib\site-packages\django\db\models\query.py", line 366, in __len__
    self._fetch_all()
    ~~~~~~~~~~~~~~~^^
  File "C:\Users\milan\OneDrive\Desktop\E-commerce-Project\.venv\Lib\site-packages\django\db\models\query.py", line 1935, in _fetch_all
    self._result_cache = list(self._iterable_class(self))
                         ~~~~^^^^^^^^^^^^^^^^^^^^^^^^^^^^
  File "C:\Users\milan\OneDrive\Desktop\E-commerce-Project\.venv\Lib\site-packages\django\db\models\query.py", line 91, in __iter__
    results = compiler.execute_sql(
        chunked_fetch=self.chunked_fetch, chunk_size=self.chunk_size
    )
  File "C:\Users\milan\OneDrive\Desktop\E-commerce-Project\.venv\Lib\site-packages\django\db\models\sql\compiler.py", line 1622, in execute_sql
    cursor.execute(sql, params)
    ~~~~~~~~~~~~~~^^^^^^^^^^^^^
  File "C:\Users\milan\OneDrive\Desktop\E-commerce-Project\.venv\Lib\site-packages\django\db\backends\utils.py", line 79, in execute
    return self._execute_with_wrappers(
           ~~~~~~~~~~~~~~~~~~~~~~~~~~~^
        sql, params, many=False, executor=self._execute
        ^^^^^^^^^^^^^^^^^^^^^^^^^^^^^^^^^^^^^^^^^^^^^^^
    )
    ^
  File "C:\Users\milan\OneDrive\Desktop\E-commerce-Project\.venv\Lib\site-packages\django\db\backends\utils.py", line 92, in _execute_with_wrappers
    return executor(sql, params, many, context)
  File "C:\Users\milan\OneDrive\Desktop\E-commerce-Project\.venv\Lib\site-packages\django\db\backends\utils.py", line 100, in _execute
    with self.db.wrap_database_errors:
         ^^^^^^^^^^^^^^^^^^^^^^^^^^^^
  File "C:\Users\milan\OneDrive\Desktop\E-commerce-Project\.venv\Lib\site-packages\django\db\utils.py", line 91, in __exit__
    raise dj_exc_value.with_traceback(traceback) from exc_value
  File "C:\Users\milan\OneDrive\Desktop\E-commerce-Project\.venv\Lib\site-packages\django\db\backends\utils.py", line 105, in _execute
    return self.cursor.execute(sql, params)
           ~~~~~~~~~~~~~~~~~~~^^^^^^^^^^^^^
  File "C:\Users\milan\OneDrive\Desktop\E-commerce-Project\.venv\Lib\site-packages\django\db\backends\mysql\base.py", line 76, in execute
    return self.cursor.execute(query, args)
           ~~~~~~~~~~~~~~~~~~~^^^^^^^^^^^^^
  File "C:\Users\milan\OneDrive\Desktop\E-commerce-Project\.venv\Lib\site-packages\MySQLdb\cursors.py", line 179, in execute
    res = self._query(mogrified_query)
  File "C:\Users\milan\OneDrive\Desktop\E-commerce-Project\.venv\Lib\site-packages\MySQLdb\cursors.py", line 330, in _query
    db.query(q)
    ~~~~~~~~^^^
  File "C:\Users\milan\OneDrive\Desktop\E-commerce-Project\.venv\Lib\site-packages\MySQLdb\connections.py", line 286, in query
    _mysql.connection.query(self, query)
    ~~~~~~~~~~~~~~~~~~~~~~~^^^^^^^^^^^^^
django.db.utils.OperationalError: (1054, "Unknown column 'accounts_customuser.can_view_audit_trail' in 'field list'")
[ERROR] 2026-08-03 15:14:20 services.log_event:221 Sentinel failed to record event: OperationalError in /chat/api/unread-count/
Traceback (most recent call last):
  File "C:\Users\milan\OneDrive\Desktop\E-commerce-Project\.venv\Lib\site-packages\django\db\backends\utils.py", line 105, in _execute
    return self.cursor.execute(sql, params)
           ~~~~~~~~~~~~~~~~~~~^^^^^^^^^^^^^
  File "C:\Users\milan\OneDrive\Desktop\E-commerce-Project\.venv\Lib\site-packages\django\db\backends\mysql\base.py", line 76, in execute
    return self.cursor.execute(query, args)
           ~~~~~~~~~~~~~~~~~~~^^^^^^^^^^^^^
  File "C:\Users\milan\OneDrive\Desktop\E-commerce-Project\.venv\Lib\site-packages\MySQLdb\cursors.py", line 179, in execute
    res = self._query(mogrified_query)
  File "C:\Users\milan\OneDrive\Desktop\E-commerce-Project\.venv\Lib\site-packages\MySQLdb\cursors.py", line 330, in _query
    db.query(q)
    ~~~~~~~~^^^
  File "C:\Users\milan\OneDrive\Desktop\E-commerce-Project\.venv\Lib\site-packages\MySQLdb\connections.py", line 286, in query
    _mysql.connection.query(self, query)
    ~~~~~~~~~~~~~~~~~~~~~~~^^^^^^^^^^^^^
MySQLdb.OperationalError: (1054, "Unknown column 'accounts_customuser.can_view_audit_trail' in 'field list'")

The above exception was the direct cause of the following exception:

Traceback (most recent call last):
  File "C:\Users\milan\OneDrive\Desktop\E-commerce-Project\.venv\Lib\site-packages\django\core\handlers\base.py", line 197, in _get_response
    response = wrapped_callback(request, *callback_args, **callback_kwargs)
  File "C:\Users\milan\OneDrive\Desktop\E-commerce-Project\.venv\Lib\site-packages\django\views\decorators\http.py", line 64, in inner
    return func(request, *args, **kwargs)
  File "C:\Users\milan\OneDrive\Desktop\E-commerce-Project\myproject\chat\views.py", line 275, in api_unread_count
    if not request.user.is_authenticated:
           ^^^^^^^^^^^^^^^^^^^^^^^^^^^^^
  File "C:\Users\milan\OneDrive\Desktop\E-commerce-Project\.venv\Lib\site-packages\django\utils\functional.py", line 251, in inner
    self._setup()
    ~~~~~~~~~~~^^
  File "C:\Users\milan\OneDrive\Desktop\E-commerce-Project\.venv\Lib\site-packages\django\utils\functional.py", line 404, in _setup
    self._wrapped = self._setupfunc()
                    ~~~~~~~~~~~~~~~^^
  File "C:\Users\milan\OneDrive\Desktop\E-commerce-Project\.venv\Lib\site-packages\django\contrib\auth\middleware.py", line 39, in <lambda>
    request.user = SimpleLazyObject(lambda: get_user(request))
                                            ~~~~~~~~^^^^^^^^^
  File "C:\Users\milan\OneDrive\Desktop\E-commerce-Project\.venv\Lib\site-packages\django\contrib\auth\middleware.py", line 19, in get_user
    request._cached_user = auth.get_user(request)
                           ~~~~~~~~~~~~~^^^^^^^^^
  File "C:\Users\milan\OneDrive\Desktop\E-commerce-Project\.venv\Lib\site-packages\django\contrib\auth\__init__.py", line 311, in get_user
    user = backend.get_user(user_id)
  File "C:\Users\milan\OneDrive\Desktop\E-commerce-Project\.venv\Lib\site-packages\django\contrib\auth\backends.py", line 232, in get_user
    user = UserModel._default_manager.get(pk=user_id)
  File "C:\Users\milan\OneDrive\Desktop\E-commerce-Project\.venv\Lib\site-packages\django\db\models\manager.py", line 87, in manager_method
    return getattr(self.get_queryset(), name)(*args, **kwargs)
           ~~~~~~~~~~~~~~~~~~~~~~~~~~~~~~~~~~^^^^^^^^^^^^^^^^^
  File "C:\Users\milan\OneDrive\Desktop\E-commerce-Project\.venv\Lib\site-packages\django\db\models\query.py", line 629, in get
    num = len(clone)
  File "C:\Users\milan\OneDrive\Desktop\E-commerce-Project\.venv\Lib\site-packages\django\db\models\query.py", line 366, in __len__
    self._fetch_all()
    ~~~~~~~~~~~~~~~^^
  File "C:\Users\milan\OneDrive\Desktop\E-commerce-Project\.venv\Lib\site-packages\django\db\models\query.py", line 1935, in _fetch_all
    self._result_cache = list(self._iterable_class(self))
                         ~~~~^^^^^^^^^^^^^^^^^^^^^^^^^^^^
  File "C:\Users\milan\OneDrive\Desktop\E-commerce-Project\.venv\Lib\site-packages\django\db\models\query.py", line 91, in __iter__
    results = compiler.execute_sql(
        chunked_fetch=self.chunked_fetch, chunk_size=self.chunk_size
    )
  File "C:\Users\milan\OneDrive\Desktop\E-commerce-Project\.venv\Lib\site-packages\django\db\models\sql\compiler.py", line 1622, in execute_sql
    cursor.execute(sql, params)
    ~~~~~~~~~~~~~~^^^^^^^^^^^^^
  File "C:\Users\milan\OneDrive\Desktop\E-commerce-Project\.venv\Lib\site-packages\django\db\backends\utils.py", line 79, in execute
    return self._execute_with_wrappers(
           ~~~~~~~~~~~~~~~~~~~~~~~~~~~^
        sql, params, many=False, executor=self._execute
        ^^^^^^^^^^^^^^^^^^^^^^^^^^^^^^^^^^^^^^^^^^^^^^^
    )
    ^
  File "C:\Users\milan\OneDrive\Desktop\E-commerce-Project\.venv\Lib\site-packages\django\db\backends\utils.py", line 92, in _execute_with_wrappers
    return executor(sql, params, many, context)
  File "C:\Users\milan\OneDrive\Desktop\E-commerce-Project\.venv\Lib\site-packages\django\db\backends\utils.py", line 100, in _execute
    with self.db.wrap_database_errors:
         ^^^^^^^^^^^^^^^^^^^^^^^^^^^^
  File "C:\Users\milan\OneDrive\Desktop\E-commerce-Project\.venv\Lib\site-packages\django\db\utils.py", line 91, in __exit__
    raise dj_exc_value.with_traceback(traceback) from exc_value
  File "C:\Users\milan\OneDrive\Desktop\E-commerce-Project\.venv\Lib\site-packages\django\db\backends\utils.py", line 105, in _execute
    return self.cursor.execute(sql, params)
           ~~~~~~~~~~~~~~~~~~~^^^^^^^^^^^^^
  File "C:\Users\milan\OneDrive\Desktop\E-commerce-Project\.venv\Lib\site-packages\django\db\backends\mysql\base.py", line 76, in execute
    return self.cursor.execute(query, args)
           ~~~~~~~~~~~~~~~~~~~^^^^^^^^^^^^^
  File "C:\Users\milan\OneDrive\Desktop\E-commerce-Project\.venv\Lib\site-packages\MySQLdb\cursors.py", line 179, in execute
    res = self._query(mogrified_query)
  File "C:\Users\milan\OneDrive\Desktop\E-commerce-Project\.venv\Lib\site-packages\MySQLdb\cursors.py", line 330, in _query
    db.query(q)
    ~~~~~~~~^^^
  File "C:\Users\milan\OneDrive\Desktop\E-commerce-Project\.venv\Lib\site-packages\MySQLdb\connections.py", line 286, in query
    _mysql.connection.query(self, query)
    ~~~~~~~~~~~~~~~~~~~~~~~^^^^^^^^^^^^^
django.db.utils.OperationalError: (1054, "Unknown column 'accounts_customuser.can_view_audit_trail' in 'field list'")

During handling of the above exception, another exception occurred:

Traceback (most recent call last):
  File "C:\Users\milan\OneDrive\Desktop\E-commerce-Project\.venv\Lib\site-packages\django\db\backends\utils.py", line 105, in _execute
    return self.cursor.execute(sql, params)
           ~~~~~~~~~~~~~~~~~~~^^^^^^^^^^^^^
  File "C:\Users\milan\OneDrive\Desktop\E-commerce-Project\.venv\Lib\site-packages\django\db\backends\mysql\base.py", line 76, in execute
    return self.cursor.execute(query, args)
           ~~~~~~~~~~~~~~~~~~~^^^^^^^^^^^^^
  File "C:\Users\milan\OneDrive\Desktop\E-commerce-Project\.venv\Lib\site-packages\MySQLdb\cursors.py", line 179, in execute
    res = self._query(mogrified_query)
  File "C:\Users\milan\OneDrive\Desktop\E-commerce-Project\.venv\Lib\site-packages\MySQLdb\cursors.py", line 330, in _query
    db.query(q)
    ~~~~~~~~^^^
  File "C:\Users\milan\OneDrive\Desktop\E-commerce-Project\.venv\Lib\site-packages\MySQLdb\connections.py", line 286, in query
    _mysql.connection.query(self, query)
    ~~~~~~~~~~~~~~~~~~~~~~~^^^^^^^^^^^^^
MySQLdb.OperationalError: (1054, "Unknown column 'accounts_customuser.can_view_audit_trail' in 'field list'")

The above exception was the direct cause of the following exception:

Traceback (most recent call last):
  File "C:\Users\milan\OneDrive\Desktop\E-commerce-Project\myproject\sentinel\services.py", line 150, in log_event
    if candidate is not None and getattr(candidate, 'is_authenticated', False):
                                 ~~~~~~~^^^^^^^^^^^^^^^^^^^^^^^^^^^^^^^^^^^^^^
  File "C:\Users\milan\OneDrive\Desktop\E-commerce-Project\.venv\Lib\site-packages\django\utils\functional.py", line 251, in inner
    self._setup()
    ~~~~~~~~~~~^^
  File "C:\Users\milan\OneDrive\Desktop\E-commerce-Project\.venv\Lib\site-packages\django\utils\functional.py", line 404, in _setup
    self._wrapped = self._setupfunc()
                    ~~~~~~~~~~~~~~~^^
  File "C:\Users\milan\OneDrive\Desktop\E-commerce-Project\.venv\Lib\site-packages\django\contrib\auth\middleware.py", line 39, in <lambda>
    request.user = SimpleLazyObject(lambda: get_user(request))
                                            ~~~~~~~~^^^^^^^^^
  File "C:\Users\milan\OneDrive\Desktop\E-commerce-Project\.venv\Lib\site-packages\django\contrib\auth\middleware.py", line 19, in get_user
    request._cached_user = auth.get_user(request)
                           ~~~~~~~~~~~~~^^^^^^^^^
  File "C:\Users\milan\OneDrive\Desktop\E-commerce-Project\.venv\Lib\site-packages\django\contrib\auth\__init__.py", line 311, in get_user
    user = backend.get_user(user_id)
  File "C:\Users\milan\OneDrive\Desktop\E-commerce-Project\.venv\Lib\site-packages\django\contrib\auth\backends.py", line 232, in get_user
    user = UserModel._default_manager.get(pk=user_id)
  File "C:\Users\milan\OneDrive\Desktop\E-commerce-Project\.venv\Lib\site-packages\django\db\models\manager.py", line 87, in manager_method
    return getattr(self.get_queryset(), name)(*args, **kwargs)
           ~~~~~~~~~~~~~~~~~~~~~~~~~~~~~~~~~~^^^^^^^^^^^^^^^^^
  File "C:\Users\milan\OneDrive\Desktop\E-commerce-Project\.venv\Lib\site-packages\django\db\models\query.py", line 629, in get
    num = len(clone)
  File "C:\Users\milan\OneDrive\Desktop\E-commerce-Project\.venv\Lib\site-packages\django\db\models\query.py", line 366, in __len__
    self._fetch_all()
    ~~~~~~~~~~~~~~~^^
  File "C:\Users\milan\OneDrive\Desktop\E-commerce-Project\.venv\Lib\site-packages\django\db\models\query.py", line 1935, in _fetch_all
    self._result_cache = list(self._iterable_class(self))
                         ~~~~^^^^^^^^^^^^^^^^^^^^^^^^^^^^
  File "C:\Users\milan\OneDrive\Desktop\E-commerce-Project\.venv\Lib\site-packages\django\db\models\query.py", line 91, in __iter__
    results = compiler.execute_sql(
        chunked_fetch=self.chunked_fetch, chunk_size=self.chunk_size
    )
  File "C:\Users\milan\OneDrive\Desktop\E-commerce-Project\.venv\Lib\site-packages\django\db\models\sql\compiler.py", line 1622, in execute_sql
    cursor.execute(sql, params)
    ~~~~~~~~~~~~~~^^^^^^^^^^^^^
  File "C:\Users\milan\OneDrive\Desktop\E-commerce-Project\.venv\Lib\site-packages\django\db\backends\utils.py", line 79, in execute
    return self._execute_with_wrappers(
           ~~~~~~~~~~~~~~~~~~~~~~~~~~~^
        sql, params, many=False, executor=self._execute
        ^^^^^^^^^^^^^^^^^^^^^^^^^^^^^^^^^^^^^^^^^^^^^^^
    )
    ^
  File "C:\Users\milan\OneDrive\Desktop\E-commerce-Project\.venv\Lib\site-packages\django\db\backends\utils.py", line 92, in _execute_with_wrappers
    return executor(sql, params, many, context)
  File "C:\Users\milan\OneDrive\Desktop\E-commerce-Project\.venv\Lib\site-packages\django\db\backends\utils.py", line 100, in _execute
    with self.db.wrap_database_errors:
         ^^^^^^^^^^^^^^^^^^^^^^^^^^^^
  File "C:\Users\milan\OneDrive\Desktop\E-commerce-Project\.venv\Lib\site-packages\django\db\utils.py", line 91, in __exit__
    raise dj_exc_value.with_traceback(traceback) from exc_value
  File "C:\Users\milan\OneDrive\Desktop\E-commerce-Project\.venv\Lib\site-packages\django\db\backends\utils.py", line 105, in _execute
    return self.cursor.execute(sql, params)
           ~~~~~~~~~~~~~~~~~~~^^^^^^^^^^^^^
  File "C:\Users\milan\OneDrive\Desktop\E-commerce-Project\.venv\Lib\site-packages\django\db\backends\mysql\base.py", line 76, in execute
    return self.cursor.execute(query, args)
           ~~~~~~~~~~~~~~~~~~~^^^^^^^^^^^^^
  File "C:\Users\milan\OneDrive\Desktop\E-commerce-Project\.venv\Lib\site-packages\MySQLdb\cursors.py", line 179, in execute
    res = self._query(mogrified_query)
  File "C:\Users\milan\OneDrive\Desktop\E-commerce-Project\.venv\Lib\site-packages\MySQLdb\cursors.py", line 330, in _query
    db.query(q)
    ~~~~~~~~^^^
  File "C:\Users\milan\OneDrive\Desktop\E-commerce-Project\.venv\Lib\site-packages\MySQLdb\connections.py", line 286, in query
    _mysql.connection.query(self, query)
    ~~~~~~~~~~~~~~~~~~~~~~~^^^^^^^^^^^^^
django.db.utils.OperationalError: (1054, "Unknown column 'accounts_customuser.can_view_audit_trail' in 'field list'")
[ERROR] 2026-08-03 15:14:20 services.log_event:221 Sentinel failed to record event: OperationalError in /hrm/attendance/incomplete/
Traceback (most recent call last):
  File "C:\Users\milan\OneDrive\Desktop\E-commerce-Project\.venv\Lib\site-packages\django\db\backends\utils.py", line 105, in _execute
    return self.cursor.execute(sql, params)
           ~~~~~~~~~~~~~~~~~~~^^^^^^^^^^^^^
  File "C:\Users\milan\OneDrive\Desktop\E-commerce-Project\.venv\Lib\site-packages\django\db\backends\mysql\base.py", line 76, in execute
    return self.cursor.execute(query, args)
           ~~~~~~~~~~~~~~~~~~~^^^^^^^^^^^^^
  File "C:\Users\milan\OneDrive\Desktop\E-commerce-Project\.venv\Lib\site-packages\MySQLdb\cursors.py", line 179, in execute
    res = self._query(mogrified_query)
  File "C:\Users\milan\OneDrive\Desktop\E-commerce-Project\.venv\Lib\site-packages\MySQLdb\cursors.py", line 330, in _query
    db.query(q)
    ~~~~~~~~^^^
  File "C:\Users\milan\OneDrive\Desktop\E-commerce-Project\.venv\Lib\site-packages\MySQLdb\connections.py", line 286, in query
    _mysql.connection.query(self, query)
    ~~~~~~~~~~~~~~~~~~~~~~~^^^^^^^^^^^^^
MySQLdb.OperationalError: (1054, "Unknown column 'accounts_customuser.can_view_audit_trail' in 'field list'")

The above exception was the direct cause of the following exception:

Traceback (most recent call last):
  File "C:\Users\milan\OneDrive\Desktop\E-commerce-Project\.venv\Lib\site-packages\django\core\handlers\base.py", line 197, in _get_response
    response = wrapped_callback(request, *callback_args, **callback_kwargs)
  File "C:\Users\milan\OneDrive\Desktop\E-commerce-Project\.venv\Lib\site-packages\django\contrib\auth\decorators.py", line 56, in _view_wrapper
    test_pass = test_func(request.user)
  File "C:\Users\milan\OneDrive\Desktop\E-commerce-Project\.venv\Lib\site-packages\django\contrib\auth\decorators.py", line 79, in <lambda>
    lambda u: u.is_authenticated,
              ^^^^^^^^^^^^^^^^^^
  File "C:\Users\milan\OneDrive\Desktop\E-commerce-Project\.venv\Lib\site-packages\django\utils\functional.py", line 251, in inner
    self._setup()
    ~~~~~~~~~~~^^
  File "C:\Users\milan\OneDrive\Desktop\E-commerce-Project\.venv\Lib\site-packages\django\utils\functional.py", line 404, in _setup
    self._wrapped = self._setupfunc()
                    ~~~~~~~~~~~~~~~^^
  File "C:\Users\milan\OneDrive\Desktop\E-commerce-Project\.venv\Lib\site-packages\django\contrib\auth\middleware.py", line 39, in <lambda>
    request.user = SimpleLazyObject(lambda: get_user(request))
                                            ~~~~~~~~^^^^^^^^^
  File "C:\Users\milan\OneDrive\Desktop\E-commerce-Project\.venv\Lib\site-packages\django\contrib\auth\middleware.py", line 19, in get_user
    request._cached_user = auth.get_user(request)
                           ~~~~~~~~~~~~~^^^^^^^^^
  File "C:\Users\milan\OneDrive\Desktop\E-commerce-Project\.venv\Lib\site-packages\django\contrib\auth\__init__.py", line 311, in get_user
    user = backend.get_user(user_id)
  File "C:\Users\milan\OneDrive\Desktop\E-commerce-Project\.venv\Lib\site-packages\django\contrib\auth\backends.py", line 232, in get_user
    user = UserModel._default_manager.get(pk=user_id)
  File "C:\Users\milan\OneDrive\Desktop\E-commerce-Project\.venv\Lib\site-packages\django\db\models\manager.py", line 87, in manager_method
    return getattr(self.get_queryset(), name)(*args, **kwargs)
           ~~~~~~~~~~~~~~~~~~~~~~~~~~~~~~~~~~^^^^^^^^^^^^^^^^^
  File "C:\Users\milan\OneDrive\Desktop\E-commerce-Project\.venv\Lib\site-packages\django\db\models\query.py", line 629, in get
    num = len(clone)
  File "C:\Users\milan\OneDrive\Desktop\E-commerce-Project\.venv\Lib\site-packages\django\db\models\query.py", line 366, in __len__
    self._fetch_all()
    ~~~~~~~~~~~~~~~^^
  File "C:\Users\milan\OneDrive\Desktop\E-commerce-Project\.venv\Lib\site-packages\django\db\models\query.py", line 1935, in _fetch_all
    self._result_cache = list(self._iterable_class(self))
                         ~~~~^^^^^^^^^^^^^^^^^^^^^^^^^^^^
  File "C:\Users\milan\OneDrive\Desktop\E-commerce-Project\.venv\Lib\site-packages\django\db\models\query.py", line 91, in __iter__
    results = compiler.execute_sql(
        chunked_fetch=self.chunked_fetch, chunk_size=self.chunk_size
    )
  File "C:\Users\milan\OneDrive\Desktop\E-commerce-Project\.venv\Lib\site-packages\django\db\models\sql\compiler.py", line 1622, in execute_sql
    cursor.execute(sql, params)
    ~~~~~~~~~~~~~~^^^^^^^^^^^^^
  File "C:\Users\milan\OneDrive\Desktop\E-commerce-Project\.venv\Lib\site-packages\django\db\backends\utils.py", line 79, in execute
    return self._execute_with_wrappers(
           ~~~~~~~~~~~~~~~~~~~~~~~~~~~^
        sql, params, many=False, executor=self._execute
        ^^^^^^^^^^^^^^^^^^^^^^^^^^^^^^^^^^^^^^^^^^^^^^^
    )
    ^
  File "C:\Users\milan\OneDrive\Desktop\E-commerce-Project\.venv\Lib\site-packages\django\db\backends\utils.py", line 92, in _execute_with_wrappers
    return executor(sql, params, many, context)
  File "C:\Users\milan\OneDrive\Desktop\E-commerce-Project\.venv\Lib\site-packages\django\db\backends\utils.py", line 100, in _execute
    with self.db.wrap_database_errors:
         ^^^^^^^^^^^^^^^^^^^^^^^^^^^^
  File "C:\Users\milan\OneDrive\Desktop\E-commerce-Project\.venv\Lib\site-packages\django\db\utils.py", line 91, in __exit__
    raise dj_exc_value.with_traceback(traceback) from exc_value
  File "C:\Users\milan\OneDrive\Desktop\E-commerce-Project\.venv\Lib\site-packages\django\db\backends\utils.py", line 105, in _execute
    return self.cursor.execute(sql, params)
           ~~~~~~~~~~~~~~~~~~~^^^^^^^^^^^^^
  File "C:\Users\milan\OneDrive\Desktop\E-commerce-Project\.venv\Lib\site-packages\django\db\backends\mysql\base.py", line 76, in execute
    return self.cursor.execute(query, args)
           ~~~~~~~~~~~~~~~~~~~^^^^^^^^^^^^^
  File "C:\Users\milan\OneDrive\Desktop\E-commerce-Project\.venv\Lib\site-packages\MySQLdb\cursors.py", line 179, in execute
    res = self._query(mogrified_query)
  File "C:\Users\milan\OneDrive\Desktop\E-commerce-Project\.venv\Lib\site-packages\MySQLdb\cursors.py", line 330, in _query
    db.query(q)
    ~~~~~~~~^^^
  File "C:\Users\milan\OneDrive\Desktop\E-commerce-Project\.venv\Lib\site-packages\MySQLdb\connections.py", line 286, in query
    _mysql.connection.query(self, query)
    ~~~~~~~~~~~~~~~~~~~~~~~^^^^^^^^^^^^^
django.db.utils.OperationalError: (1054, "Unknown column 'accounts_customuser.can_view_audit_trail' in 'field list'")

During handling of the above exception, another exception occurred:

Traceback (most recent call last):
  File "C:\Users\milan\OneDrive\Desktop\E-commerce-Project\.venv\Lib\site-packages\django\db\backends\utils.py", line 105, in _execute
    return self.cursor.execute(sql, params)
           ~~~~~~~~~~~~~~~~~~~^^^^^^^^^^^^^
  File "C:\Users\milan\OneDrive\Desktop\E-commerce-Project\.venv\Lib\site-packages\django\db\backends\mysql\base.py", line 76, in execute
    return self.cursor.execute(query, args)
           ~~~~~~~~~~~~~~~~~~~^^^^^^^^^^^^^
  File "C:\Users\milan\OneDrive\Desktop\E-commerce-Project\.venv\Lib\site-packages\MySQLdb\cursors.py", line 179, in execute
    res = self._query(mogrified_query)
  File "C:\Users\milan\OneDrive\Desktop\E-commerce-Project\.venv\Lib\site-packages\MySQLdb\cursors.py", line 330, in _query
    db.query(q)
    ~~~~~~~~^^^
  File "C:\Users\milan\OneDrive\Desktop\E-commerce-Project\.venv\Lib\site-packages\MySQLdb\connections.py", line 286, in query
    _mysql.connection.query(self, query)
    ~~~~~~~~~~~~~~~~~~~~~~~^^^^^^^^^^^^^
MySQLdb.OperationalError: (1054, "Unknown column 'accounts_customuser.can_view_audit_trail' in 'field list'")

The above exception was the direct cause of the following exception:

Traceback (most recent call last):
  File "C:\Users\milan\OneDrive\Desktop\E-commerce-Project\myproject\sentinel\services.py", line 150, in log_event
    if candidate is not None and getattr(candidate, 'is_authenticated', False):
                                 ~~~~~~~^^^^^^^^^^^^^^^^^^^^^^^^^^^^^^^^^^^^^^
  File "C:\Users\milan\OneDrive\Desktop\E-commerce-Project\.venv\Lib\site-packages\django\utils\functional.py", line 251, in inner
    self._setup()
    ~~~~~~~~~~~^^
  File "C:\Users\milan\OneDrive\Desktop\E-commerce-Project\.venv\Lib\site-packages\django\utils\functional.py", line 404, in _setup
    self._wrapped = self._setupfunc()
                    ~~~~~~~~~~~~~~~^^
  File "C:\Users\milan\OneDrive\Desktop\E-commerce-Project\.venv\Lib\site-packages\django\contrib\auth\middleware.py", line 39, in <lambda>
    request.user = SimpleLazyObject(lambda: get_user(request))
                                            ~~~~~~~~^^^^^^^^^
  File "C:\Users\milan\OneDrive\Desktop\E-commerce-Project\.venv\Lib\site-packages\django\contrib\auth\middleware.py", line 19, in get_user
    request._cached_user = auth.get_user(request)
                           ~~~~~~~~~~~~~^^^^^^^^^
  File "C:\Users\milan\OneDrive\Desktop\E-commerce-Project\.venv\Lib\site-packages\django\contrib\auth\__init__.py", line 311, in get_user
    user = backend.get_user(user_id)
  File "C:\Users\milan\OneDrive\Desktop\E-commerce-Project\.venv\Lib\site-packages\django\contrib\auth\backends.py", line 232, in get_user
    user = UserModel._default_manager.get(pk=user_id)
  File "C:\Users\milan\OneDrive\Desktop\E-commerce-Project\.venv\Lib\site-packages\django\db\models\manager.py", line 87, in manager_method
    return getattr(self.get_queryset(), name)(*args, **kwargs)
           ~~~~~~~~~~~~~~~~~~~~~~~~~~~~~~~~~~^^^^^^^^^^^^^^^^^
  File "C:\Users\milan\OneDrive\Desktop\E-commerce-Project\.venv\Lib\site-packages\django\db\models\query.py", line 629, in get
    num = len(clone)
  File "C:\Users\milan\OneDrive\Desktop\E-commerce-Project\.venv\Lib\site-packages\django\db\models\query.py", line 366, in __len__
    self._fetch_all()
    ~~~~~~~~~~~~~~~^^
  File "C:\Users\milan\OneDrive\Desktop\E-commerce-Project\.venv\Lib\site-packages\django\db\models\query.py", line 1935, in _fetch_all
    self._result_cache = list(self._iterable_class(self))
                         ~~~~^^^^^^^^^^^^^^^^^^^^^^^^^^^^
  File "C:\Users\milan\OneDrive\Desktop\E-commerce-Project\.venv\Lib\site-packages\django\db\models\query.py", line 91, in __iter__
    results = compiler.execute_sql(
        chunked_fetch=self.chunked_fetch, chunk_size=self.chunk_size
    )
  File "C:\Users\milan\OneDrive\Desktop\E-commerce-Project\.venv\Lib\site-packages\django\db\models\sql\compiler.py", line 1622, in execute_sql
    cursor.execute(sql, params)
    ~~~~~~~~~~~~~~^^^^^^^^^^^^^
  File "C:\Users\milan\OneDrive\Desktop\E-commerce-Project\.venv\Lib\site-packages\django\db\backends\utils.py", line 79, in execute
    return self._execute_with_wrappers(
           ~~~~~~~~~~~~~~~~~~~~~~~~~~~^
        sql, params, many=False, executor=self._execute
        ^^^^^^^^^^^^^^^^^^^^^^^^^^^^^^^^^^^^^^^^^^^^^^^
    )
    ^
  File "C:\Users\milan\OneDrive\Desktop\E-commerce-Project\.venv\Lib\site-packages\django\db\backends\utils.py", line 92, in _execute_with_wrappers
    return executor(sql, params, many, context)
  File "C:\Users\milan\OneDrive\Desktop\E-commerce-Project\.venv\Lib\site-packages\django\db\backends\utils.py", line 100, in _execute
    with self.db.wrap_database_errors:
         ^^^^^^^^^^^^^^^^^^^^^^^^^^^^
  File "C:\Users\milan\OneDrive\Desktop\E-commerce-Project\.venv\Lib\site-packages\django\db\utils.py", line 91, in __exit__
    raise dj_exc_value.with_traceback(traceback) from exc_value
  File "C:\Users\milan\OneDrive\Desktop\E-commerce-Project\.venv\Lib\site-packages\django\db\backends\utils.py", line 105, in _execute
    return self.cursor.execute(sql, params)
           ~~~~~~~~~~~~~~~~~~~^^^^^^^^^^^^^
  File "C:\Users\milan\OneDrive\Desktop\E-commerce-Project\.venv\Lib\site-packages\django\db\backends\mysql\base.py", line 76, in execute
    return self.cursor.execute(query, args)
           ~~~~~~~~~~~~~~~~~~~^^^^^^^^^^^^^
  File "C:\Users\milan\OneDrive\Desktop\E-commerce-Project\.venv\Lib\site-packages\MySQLdb\cursors.py", line 179, in execute
    res = self._query(mogrified_query)
  File "C:\Users\milan\OneDrive\Desktop\E-commerce-Project\.venv\Lib\site-packages\MySQLdb\cursors.py", line 330, in _query
    db.query(q)
    ~~~~~~~~^^^
  File "C:\Users\milan\OneDrive\Desktop\E-commerce-Project\.venv\Lib\site-packages\MySQLdb\connections.py", line 286, in query
    _mysql.connection.query(self, query)
    ~~~~~~~~~~~~~~~~~~~~~~~^^^^^^^^^^^^^
django.db.utils.OperationalError: (1054, "Unknown column 'accounts_customuser.can_view_audit_trail' in 'field list'")
[ERROR] 2026-08-03 15:15:20 services.log_event:221 Sentinel failed to record event: OperationalError in /api/active-notice/
Traceback (most recent call last):
  File "C:\Users\milan\OneDrive\Desktop\E-commerce-Project\.venv\Lib\site-packages\django\db\backends\utils.py", line 105, in _execute
    return self.cursor.execute(sql, params)
           ~~~~~~~~~~~~~~~~~~~^^^^^^^^^^^^^
  File "C:\Users\milan\OneDrive\Desktop\E-commerce-Project\.venv\Lib\site-packages\django\db\backends\mysql\base.py", line 76, in execute
    return self.cursor.execute(query, args)
           ~~~~~~~~~~~~~~~~~~~^^^^^^^^^^^^^
  File "C:\Users\milan\OneDrive\Desktop\E-commerce-Project\.venv\Lib\site-packages\MySQLdb\cursors.py", line 179, in execute
    res = self._query(mogrified_query)
  File "C:\Users\milan\OneDrive\Desktop\E-commerce-Project\.venv\Lib\site-packages\MySQLdb\cursors.py", line 330, in _query
    db.query(q)
    ~~~~~~~~^^^
  File "C:\Users\milan\OneDrive\Desktop\E-commerce-Project\.venv\Lib\site-packages\MySQLdb\connections.py", line 286, in query
    _mysql.connection.query(self, query)
    ~~~~~~~~~~~~~~~~~~~~~~~^^^^^^^^^^^^^
MySQLdb.OperationalError: (1054, "Unknown column 'accounts_customuser.can_view_audit_trail' in 'field list'")

The above exception was the direct cause of the following exception:

Traceback (most recent call last):
  File "C:\Users\milan\OneDrive\Desktop\E-commerce-Project\.venv\Lib\site-packages\django\core\handlers\base.py", line 197, in _get_response
    response = wrapped_callback(request, *callback_args, **callback_kwargs)
  File "C:\Users\milan\OneDrive\Desktop\E-commerce-Project\.venv\Lib\site-packages\django\contrib\auth\decorators.py", line 56, in _view_wrapper
    test_pass = test_func(request.user)
  File "C:\Users\milan\OneDrive\Desktop\E-commerce-Project\.venv\Lib\site-packages\django\contrib\auth\decorators.py", line 79, in <lambda>
    lambda u: u.is_authenticated,
              ^^^^^^^^^^^^^^^^^^
  File "C:\Users\milan\OneDrive\Desktop\E-commerce-Project\.venv\Lib\site-packages\django\utils\functional.py", line 251, in inner
    self._setup()
    ~~~~~~~~~~~^^
  File "C:\Users\milan\OneDrive\Desktop\E-commerce-Project\.venv\Lib\site-packages\django\utils\functional.py", line 404, in _setup
    self._wrapped = self._setupfunc()
                    ~~~~~~~~~~~~~~~^^
  File "C:\Users\milan\OneDrive\Desktop\E-commerce-Project\.venv\Lib\site-packages\django\contrib\auth\middleware.py", line 39, in <lambda>
    request.user = SimpleLazyObject(lambda: get_user(request))
                                            ~~~~~~~~^^^^^^^^^
  File "C:\Users\milan\OneDrive\Desktop\E-commerce-Project\.venv\Lib\site-packages\django\contrib\auth\middleware.py", line 19, in get_user
    request._cached_user = auth.get_user(request)
                           ~~~~~~~~~~~~~^^^^^^^^^
  File "C:\Users\milan\OneDrive\Desktop\E-commerce-Project\.venv\Lib\site-packages\django\contrib\auth\__init__.py", line 311, in get_user
    user = backend.get_user(user_id)
  File "C:\Users\milan\OneDrive\Desktop\E-commerce-Project\.venv\Lib\site-packages\django\contrib\auth\backends.py", line 232, in get_user
    user = UserModel._default_manager.get(pk=user_id)
  File "C:\Users\milan\OneDrive\Desktop\E-commerce-Project\.venv\Lib\site-packages\django\db\models\manager.py", line 87, in manager_method
    return getattr(self.get_queryset(), name)(*args, **kwargs)
           ~~~~~~~~~~~~~~~~~~~~~~~~~~~~~~~~~~^^^^^^^^^^^^^^^^^
  File "C:\Users\milan\OneDrive\Desktop\E-commerce-Project\.venv\Lib\site-packages\django\db\models\query.py", line 629, in get
    num = len(clone)
  File "C:\Users\milan\OneDrive\Desktop\E-commerce-Project\.venv\Lib\site-packages\django\db\models\query.py", line 366, in __len__
    self._fetch_all()
    ~~~~~~~~~~~~~~~^^
  File "C:\Users\milan\OneDrive\Desktop\E-commerce-Project\.venv\Lib\site-packages\django\db\models\query.py", line 1935, in _fetch_all
    self._result_cache = list(self._iterable_class(self))
                         ~~~~^^^^^^^^^^^^^^^^^^^^^^^^^^^^
  File "C:\Users\milan\OneDrive\Desktop\E-commerce-Project\.venv\Lib\site-packages\django\db\models\query.py", line 91, in __iter__
    results = compiler.execute_sql(
        chunked_fetch=self.chunked_fetch, chunk_size=self.chunk_size
    )
  File "C:\Users\milan\OneDrive\Desktop\E-commerce-Project\.venv\Lib\site-packages\django\db\models\sql\compiler.py", line 1622, in execute_sql
    cursor.execute(sql, params)
    ~~~~~~~~~~~~~~^^^^^^^^^^^^^
  File "C:\Users\milan\OneDrive\Desktop\E-commerce-Project\.venv\Lib\site-packages\django\db\backends\utils.py", line 79, in execute
    return self._execute_with_wrappers(
           ~~~~~~~~~~~~~~~~~~~~~~~~~~~^
        sql, params, many=False, executor=self._execute
        ^^^^^^^^^^^^^^^^^^^^^^^^^^^^^^^^^^^^^^^^^^^^^^^
    )
    ^
  File "C:\Users\milan\OneDrive\Desktop\E-commerce-Project\.venv\Lib\site-packages\django\db\backends\utils.py", line 92, in _execute_with_wrappers
    return executor(sql, params, many, context)
  File "C:\Users\milan\OneDrive\Desktop\E-commerce-Project\.venv\Lib\site-packages\django\db\backends\utils.py", line 100, in _execute
    with self.db.wrap_database_errors:
         ^^^^^^^^^^^^^^^^^^^^^^^^^^^^
  File "C:\Users\milan\OneDrive\Desktop\E-commerce-Project\.venv\Lib\site-packages\django\db\utils.py", line 91, in __exit__
    raise dj_exc_value.with_traceback(traceback) from exc_value
  File "C:\Users\milan\OneDrive\Desktop\E-commerce-Project\.venv\Lib\site-packages\django\db\backends\utils.py", line 105, in _execute
    return self.cursor.execute(sql, params)
           ~~~~~~~~~~~~~~~~~~~^^^^^^^^^^^^^
  File "C:\Users\milan\OneDrive\Desktop\E-commerce-Project\.venv\Lib\site-packages\django\db\backends\mysql\base.py", line 76, in execute
    return self.cursor.execute(query, args)
           ~~~~~~~~~~~~~~~~~~~^^^^^^^^^^^^^
  File "C:\Users\milan\OneDrive\Desktop\E-commerce-Project\.venv\Lib\site-packages\MySQLdb\cursors.py", line 179, in execute
    res = self._query(mogrified_query)
  File "C:\Users\milan\OneDrive\Desktop\E-commerce-Project\.venv\Lib\site-packages\MySQLdb\cursors.py", line 330, in _query
    db.query(q)
    ~~~~~~~~^^^
  File "C:\Users\milan\OneDrive\Desktop\E-commerce-Project\.venv\Lib\site-packages\MySQLdb\connections.py", line 286, in query
    _mysql.connection.query(self, query)
    ~~~~~~~~~~~~~~~~~~~~~~~^^^^^^^^^^^^^
django.db.utils.OperationalError: (1054, "Unknown column 'accounts_customuser.can_view_audit_trail' in 'field list'")

During handling of the above exception, another exception occurred:

Traceback (most recent call last):
  File "C:\Users\milan\OneDrive\Desktop\E-commerce-Project\.venv\Lib\site-packages\django\db\backends\utils.py", line 105, in _execute
    return self.cursor.execute(sql, params)
           ~~~~~~~~~~~~~~~~~~~^^^^^^^^^^^^^
  File "C:\Users\milan\OneDrive\Desktop\E-commerce-Project\.venv\Lib\site-packages\django\db\backends\mysql\base.py", line 76, in execute
    return self.cursor.execute(query, args)
           ~~~~~~~~~~~~~~~~~~~^^^^^^^^^^^^^
  File "C:\Users\milan\OneDrive\Desktop\E-commerce-Project\.venv\Lib\site-packages\MySQLdb\cursors.py", line 179, in execute
    res = self._query(mogrified_query)
  File "C:\Users\milan\OneDrive\Desktop\E-commerce-Project\.venv\Lib\site-packages\MySQLdb\cursors.py", line 330, in _query
    db.query(q)
    ~~~~~~~~^^^
  File "C:\Users\milan\OneDrive\Desktop\E-commerce-Project\.venv\Lib\site-packages\MySQLdb\connections.py", line 286, in query
    _mysql.connection.query(self, query)
    ~~~~~~~~~~~~~~~~~~~~~~~^^^^^^^^^^^^^
MySQLdb.OperationalError: (1054, "Unknown column 'accounts_customuser.can_view_audit_trail' in 'field list'")

The above exception was the direct cause of the following exception:

Traceback (most recent call last):
  File "C:\Users\milan\OneDrive\Desktop\E-commerce-Project\myproject\sentinel\services.py", line 150, in log_event
    if candidate is not None and getattr(candidate, 'is_authenticated', False):
                                 ~~~~~~~^^^^^^^^^^^^^^^^^^^^^^^^^^^^^^^^^^^^^^
  File "C:\Users\milan\OneDrive\Desktop\E-commerce-Project\.venv\Lib\site-packages\django\utils\functional.py", line 251, in inner
    self._setup()
    ~~~~~~~~~~~^^
  File "C:\Users\milan\OneDrive\Desktop\E-commerce-Project\.venv\Lib\site-packages\django\utils\functional.py", line 404, in _setup
    self._wrapped = self._setupfunc()
                    ~~~~~~~~~~~~~~~^^
  File "C:\Users\milan\OneDrive\Desktop\E-commerce-Project\.venv\Lib\site-packages\django\contrib\auth\middleware.py", line 39, in <lambda>
    request.user = SimpleLazyObject(lambda: get_user(request))
                                            ~~~~~~~~^^^^^^^^^
  File "C:\Users\milan\OneDrive\Desktop\E-commerce-Project\.venv\Lib\site-packages\django\contrib\auth\middleware.py", line 19, in get_user
    request._cached_user = auth.get_user(request)
                           ~~~~~~~~~~~~~^^^^^^^^^
  File "C:\Users\milan\OneDrive\Desktop\E-commerce-Project\.venv\Lib\site-packages\django\contrib\auth\__init__.py", line 311, in get_user
    user = backend.get_user(user_id)
  File "C:\Users\milan\OneDrive\Desktop\E-commerce-Project\.venv\Lib\site-packages\django\contrib\auth\backends.py", line 232, in get_user
    user = UserModel._default_manager.get(pk=user_id)
  File "C:\Users\milan\OneDrive\Desktop\E-commerce-Project\.venv\Lib\site-packages\django\db\models\manager.py", line 87, in manager_method
    return getattr(self.get_queryset(), name)(*args, **kwargs)
           ~~~~~~~~~~~~~~~~~~~~~~~~~~~~~~~~~~^^^^^^^^^^^^^^^^^
  File "C:\Users\milan\OneDrive\Desktop\E-commerce-Project\.venv\Lib\site-packages\django\db\models\query.py", line 629, in get
    num = len(clone)
  File "C:\Users\milan\OneDrive\Desktop\E-commerce-Project\.venv\Lib\site-packages\django\db\models\query.py", line 366, in __len__
    self._fetch_all()
    ~~~~~~~~~~~~~~~^^
  File "C:\Users\milan\OneDrive\Desktop\E-commerce-Project\.venv\Lib\site-packages\django\db\models\query.py", line 1935, in _fetch_all
    self._result_cache = list(self._iterable_class(self))
                         ~~~~^^^^^^^^^^^^^^^^^^^^^^^^^^^^
  File "C:\Users\milan\OneDrive\Desktop\E-commerce-Project\.venv\Lib\site-packages\django\db\models\query.py", line 91, in __iter__
    results = compiler.execute_sql(
        chunked_fetch=self.chunked_fetch, chunk_size=self.chunk_size
    )
  File "C:\Users\milan\OneDrive\Desktop\E-commerce-Project\.venv\Lib\site-packages\django\db\models\sql\compiler.py", line 1622, in execute_sql
    cursor.execute(sql, params)
    ~~~~~~~~~~~~~~^^^^^^^^^^^^^
  File "C:\Users\milan\OneDrive\Desktop\E-commerce-Project\.venv\Lib\site-packages\django\db\backends\utils.py", line 79, in execute
    return self._execute_with_wrappers(
           ~~~~~~~~~~~~~~~~~~~~~~~~~~~^
        sql, params, many=False, executor=self._execute
        ^^^^^^^^^^^^^^^^^^^^^^^^^^^^^^^^^^^^^^^^^^^^^^^
    )
    ^
  File "C:\Users\milan\OneDrive\Desktop\E-commerce-Project\.venv\Lib\site-packages\django\db\backends\utils.py", line 92, in _execute_with_wrappers
    return executor(sql, params, many, context)
  File "C:\Users\milan\OneDrive\Desktop\E-commerce-Project\.venv\Lib\site-packages\django\db\backends\utils.py", line 100, in _execute
    with self.db.wrap_database_errors:
         ^^^^^^^^^^^^^^^^^^^^^^^^^^^^
  File "C:\Users\milan\OneDrive\Desktop\E-commerce-Project\.venv\Lib\site-packages\django\db\utils.py", line 91, in __exit__
    raise dj_exc_value.with_traceback(traceback) from exc_value
  File "C:\Users\milan\OneDrive\Desktop\E-commerce-Project\.venv\Lib\site-packages\django\db\backends\utils.py", line 105, in _execute
    return self.cursor.execute(sql, params)
           ~~~~~~~~~~~~~~~~~~~^^^^^^^^^^^^^
  File "C:\Users\milan\OneDrive\Desktop\E-commerce-Project\.venv\Lib\site-packages\django\db\backends\mysql\base.py", line 76, in execute
    return self.cursor.execute(query, args)
           ~~~~~~~~~~~~~~~~~~~^^^^^^^^^^^^^
  File "C:\Users\milan\OneDrive\Desktop\E-commerce-Project\.venv\Lib\site-packages\MySQLdb\cursors.py", line 179, in execute
    res = self._query(mogrified_query)
  File "C:\Users\milan\OneDrive\Desktop\E-commerce-Project\.venv\Lib\site-packages\MySQLdb\cursors.py", line 330, in _query
    db.query(q)
    ~~~~~~~~^^^
  File "C:\Users\milan\OneDrive\Desktop\E-commerce-Project\.venv\Lib\site-packages\MySQLdb\connections.py", line 286, in query
    _mysql.connection.query(self, query)
    ~~~~~~~~~~~~~~~~~~~~~~~^^^^^^^^^^^^^
django.db.utils.OperationalError: (1054, "Unknown column 'accounts_customuser.can_view_audit_trail' in 'field list'")
[ERROR] 2026-08-03 15:15:20 services.log_event:221 Sentinel failed to record event: OperationalError in /chat/api/unread-count/
Traceback (most recent call last):
  File "C:\Users\milan\OneDrive\Desktop\E-commerce-Project\.venv\Lib\site-packages\django\db\backends\utils.py", line 105, in _execute
    return self.cursor.execute(sql, params)
           ~~~~~~~~~~~~~~~~~~~^^^^^^^^^^^^^
  File "C:\Users\milan\OneDrive\Desktop\E-commerce-Project\.venv\Lib\site-packages\django\db\backends\mysql\base.py", line 76, in execute
    return self.cursor.execute(query, args)
           ~~~~~~~~~~~~~~~~~~~^^^^^^^^^^^^^
  File "C:\Users\milan\OneDrive\Desktop\E-commerce-Project\.venv\Lib\site-packages\MySQLdb\cursors.py", line 179, in execute
    res = self._query(mogrified_query)
  File "C:\Users\milan\OneDrive\Desktop\E-commerce-Project\.venv\Lib\site-packages\MySQLdb\cursors.py", line 330, in _query
    db.query(q)
    ~~~~~~~~^^^
  File "C:\Users\milan\OneDrive\Desktop\E-commerce-Project\.venv\Lib\site-packages\MySQLdb\connections.py", line 286, in query
    _mysql.connection.query(self, query)
    ~~~~~~~~~~~~~~~~~~~~~~~^^^^^^^^^^^^^
MySQLdb.OperationalError: (1054, "Unknown column 'accounts_customuser.can_view_audit_trail' in 'field list'")

The above exception was the direct cause of the following exception:

Traceback (most recent call last):
  File "C:\Users\milan\OneDrive\Desktop\E-commerce-Project\.venv\Lib\site-packages\django\core\handlers\base.py", line 197, in _get_response
    response = wrapped_callback(request, *callback_args, **callback_kwargs)
  File "C:\Users\milan\OneDrive\Desktop\E-commerce-Project\.venv\Lib\site-packages\django\views\decorators\http.py", line 64, in inner
    return func(request, *args, **kwargs)
  File "C:\Users\milan\OneDrive\Desktop\E-commerce-Project\myproject\chat\views.py", line 275, in api_unread_count
    if not request.user.is_authenticated:
           ^^^^^^^^^^^^^^^^^^^^^^^^^^^^^
  File "C:\Users\milan\OneDrive\Desktop\E-commerce-Project\.venv\Lib\site-packages\django\utils\functional.py", line 251, in inner
    self._setup()
    ~~~~~~~~~~~^^
  File "C:\Users\milan\OneDrive\Desktop\E-commerce-Project\.venv\Lib\site-packages\django\utils\functional.py", line 404, in _setup
    self._wrapped = self._setupfunc()
                    ~~~~~~~~~~~~~~~^^
  File "C:\Users\milan\OneDrive\Desktop\E-commerce-Project\.venv\Lib\site-packages\django\contrib\auth\middleware.py", line 39, in <lambda>
    request.user = SimpleLazyObject(lambda: get_user(request))
                                            ~~~~~~~~^^^^^^^^^
  File "C:\Users\milan\OneDrive\Desktop\E-commerce-Project\.venv\Lib\site-packages\django\contrib\auth\middleware.py", line 19, in get_user
    request._cached_user = auth.get_user(request)
                           ~~~~~~~~~~~~~^^^^^^^^^
  File "C:\Users\milan\OneDrive\Desktop\E-commerce-Project\.venv\Lib\site-packages\django\contrib\auth\__init__.py", line 311, in get_user
    user = backend.get_user(user_id)
  File "C:\Users\milan\OneDrive\Desktop\E-commerce-Project\.venv\Lib\site-packages\django\contrib\auth\backends.py", line 232, in get_user
    user = UserModel._default_manager.get(pk=user_id)
  File "C:\Users\milan\OneDrive\Desktop\E-commerce-Project\.venv\Lib\site-packages\django\db\models\manager.py", line 87, in manager_method
    return getattr(self.get_queryset(), name)(*args, **kwargs)
           ~~~~~~~~~~~~~~~~~~~~~~~~~~~~~~~~~~^^^^^^^^^^^^^^^^^
  File "C:\Users\milan\OneDrive\Desktop\E-commerce-Project\.venv\Lib\site-packages\django\db\models\query.py", line 629, in get
    num = len(clone)
  File "C:\Users\milan\OneDrive\Desktop\E-commerce-Project\.venv\Lib\site-packages\django\db\models\query.py", line 366, in __len__
    self._fetch_all()
    ~~~~~~~~~~~~~~~^^
  File "C:\Users\milan\OneDrive\Desktop\E-commerce-Project\.venv\Lib\site-packages\django\db\models\query.py", line 1935, in _fetch_all
    self._result_cache = list(self._iterable_class(self))
                         ~~~~^^^^^^^^^^^^^^^^^^^^^^^^^^^^
  File "C:\Users\milan\OneDrive\Desktop\E-commerce-Project\.venv\Lib\site-packages\django\db\models\query.py", line 91, in __iter__
    results = compiler.execute_sql(
        chunked_fetch=self.chunked_fetch, chunk_size=self.chunk_size
    )
  File "C:\Users\milan\OneDrive\Desktop\E-commerce-Project\.venv\Lib\site-packages\django\db\models\sql\compiler.py", line 1622, in execute_sql
    cursor.execute(sql, params)
    ~~~~~~~~~~~~~~^^^^^^^^^^^^^
  File "C:\Users\milan\OneDrive\Desktop\E-commerce-Project\.venv\Lib\site-packages\django\db\backends\utils.py", line 79, in execute
    return self._execute_with_wrappers(
           ~~~~~~~~~~~~~~~~~~~~~~~~~~~^
        sql, params, many=False, executor=self._execute
        ^^^^^^^^^^^^^^^^^^^^^^^^^^^^^^^^^^^^^^^^^^^^^^^
    )
    ^
  File "C:\Users\milan\OneDrive\Desktop\E-commerce-Project\.venv\Lib\site-packages\django\db\backends\utils.py", line 92, in _execute_with_wrappers
    return executor(sql, params, many, context)
  File "C:\Users\milan\OneDrive\Desktop\E-commerce-Project\.venv\Lib\site-packages\django\db\backends\utils.py", line 100, in _execute
    with self.db.wrap_database_errors:
         ^^^^^^^^^^^^^^^^^^^^^^^^^^^^
  File "C:\Users\milan\OneDrive\Desktop\E-commerce-Project\.venv\Lib\site-packages\django\db\utils.py", line 91, in __exit__
    raise dj_exc_value.with_traceback(traceback) from exc_value
  File "C:\Users\milan\OneDrive\Desktop\E-commerce-Project\.venv\Lib\site-packages\django\db\backends\utils.py", line 105, in _execute
    return self.cursor.execute(sql, params)
           ~~~~~~~~~~~~~~~~~~~^^^^^^^^^^^^^
  File "C:\Users\milan\OneDrive\Desktop\E-commerce-Project\.venv\Lib\site-packages\django\db\backends\mysql\base.py", line 76, in execute
    return self.cursor.execute(query, args)
           ~~~~~~~~~~~~~~~~~~~^^^^^^^^^^^^^
  File "C:\Users\milan\OneDrive\Desktop\E-commerce-Project\.venv\Lib\site-packages\MySQLdb\cursors.py", line 179, in execute
    res = self._query(mogrified_query)
  File "C:\Users\milan\OneDrive\Desktop\E-commerce-Project\.venv\Lib\site-packages\MySQLdb\cursors.py", line 330, in _query
    db.query(q)
    ~~~~~~~~^^^
  File "C:\Users\milan\OneDrive\Desktop\E-commerce-Project\.venv\Lib\site-packages\MySQLdb\connections.py", line 286, in query
    _mysql.connection.query(self, query)
    ~~~~~~~~~~~~~~~~~~~~~~~^^^^^^^^^^^^^
django.db.utils.OperationalError: (1054, "Unknown column 'accounts_customuser.can_view_audit_trail' in 'field list'")

During handling of the above exception, another exception occurred:

Traceback (most recent call last):
  File "C:\Users\milan\OneDrive\Desktop\E-commerce-Project\.venv\Lib\site-packages\django\db\backends\utils.py", line 105, in _execute
    return self.cursor.execute(sql, params)
           ~~~~~~~~~~~~~~~~~~~^^^^^^^^^^^^^
  File "C:\Users\milan\OneDrive\Desktop\E-commerce-Project\.venv\Lib\site-packages\django\db\backends\mysql\base.py", line 76, in execute
    return self.cursor.execute(query, args)
           ~~~~~~~~~~~~~~~~~~~^^^^^^^^^^^^^
  File "C:\Users\milan\OneDrive\Desktop\E-commerce-Project\.venv\Lib\site-packages\MySQLdb\cursors.py", line 179, in execute
    res = self._query(mogrified_query)
  File "C:\Users\milan\OneDrive\Desktop\E-commerce-Project\.venv\Lib\site-packages\MySQLdb\cursors.py", line 330, in _query
    db.query(q)
    ~~~~~~~~^^^
  File "C:\Users\milan\OneDrive\Desktop\E-commerce-Project\.venv\Lib\site-packages\MySQLdb\connections.py", line 286, in query
    _mysql.connection.query(self, query)
    ~~~~~~~~~~~~~~~~~~~~~~~^^^^^^^^^^^^^
MySQLdb.OperationalError: (1054, "Unknown column 'accounts_customuser.can_view_audit_trail' in 'field list'")

The above exception was the direct cause of the following exception:

Traceback (most recent call last):
  File "C:\Users\milan\OneDrive\Desktop\E-commerce-Project\myproject\sentinel\services.py", line 150, in log_event
    if candidate is not None and getattr(candidate, 'is_authenticated', False):
                                 ~~~~~~~^^^^^^^^^^^^^^^^^^^^^^^^^^^^^^^^^^^^^^
  File "C:\Users\milan\OneDrive\Desktop\E-commerce-Project\.venv\Lib\site-packages\django\utils\functional.py", line 251, in inner
    self._setup()
    ~~~~~~~~~~~^^
  File "C:\Users\milan\OneDrive\Desktop\E-commerce-Project\.venv\Lib\site-packages\django\utils\functional.py", line 404, in _setup
    self._wrapped = self._setupfunc()
                    ~~~~~~~~~~~~~~~^^
  File "C:\Users\milan\OneDrive\Desktop\E-commerce-Project\.venv\Lib\site-packages\django\contrib\auth\middleware.py", line 39, in <lambda>
    request.user = SimpleLazyObject(lambda: get_user(request))
                                            ~~~~~~~~^^^^^^^^^
  File "C:\Users\milan\OneDrive\Desktop\E-commerce-Project\.venv\Lib\site-packages\django\contrib\auth\middleware.py", line 19, in get_user
    request._cached_user = auth.get_user(request)
                           ~~~~~~~~~~~~~^^^^^^^^^
  File "C:\Users\milan\OneDrive\Desktop\E-commerce-Project\.venv\Lib\site-packages\django\contrib\auth\__init__.py", line 311, in get_user
    user = backend.get_user(user_id)
  File "C:\Users\milan\OneDrive\Desktop\E-commerce-Project\.venv\Lib\site-packages\django\contrib\auth\backends.py", line 232, in get_user
    user = UserModel._default_manager.get(pk=user_id)
  File "C:\Users\milan\OneDrive\Desktop\E-commerce-Project\.venv\Lib\site-packages\django\db\models\manager.py", line 87, in manager_method
    return getattr(self.get_queryset(), name)(*args, **kwargs)
           ~~~~~~~~~~~~~~~~~~~~~~~~~~~~~~~~~~^^^^^^^^^^^^^^^^^
  File "C:\Users\milan\OneDrive\Desktop\E-commerce-Project\.venv\Lib\site-packages\django\db\models\query.py", line 629, in get
    num = len(clone)
  File "C:\Users\milan\OneDrive\Desktop\E-commerce-Project\.venv\Lib\site-packages\django\db\models\query.py", line 366, in __len__
    self._fetch_all()
    ~~~~~~~~~~~~~~~^^
  File "C:\Users\milan\OneDrive\Desktop\E-commerce-Project\.venv\Lib\site-packages\django\db\models\query.py", line 1935, in _fetch_all
    self._result_cache = list(self._iterable_class(self))
                         ~~~~^^^^^^^^^^^^^^^^^^^^^^^^^^^^
  File "C:\Users\milan\OneDrive\Desktop\E-commerce-Project\.venv\Lib\site-packages\django\db\models\query.py", line 91, in __iter__
    results = compiler.execute_sql(
        chunked_fetch=self.chunked_fetch, chunk_size=self.chunk_size
    )
  File "C:\Users\milan\OneDrive\Desktop\E-commerce-Project\.venv\Lib\site-packages\django\db\models\sql\compiler.py", line 1622, in execute_sql
    cursor.execute(sql, params)
    ~~~~~~~~~~~~~~^^^^^^^^^^^^^
  File "C:\Users\milan\OneDrive\Desktop\E-commerce-Project\.venv\Lib\site-packages\django\db\backends\utils.py", line 79, in execute
    return self._execute_with_wrappers(
           ~~~~~~~~~~~~~~~~~~~~~~~~~~~^
        sql, params, many=False, executor=self._execute
        ^^^^^^^^^^^^^^^^^^^^^^^^^^^^^^^^^^^^^^^^^^^^^^^
    )
    ^
  File "C:\Users\milan\OneDrive\Desktop\E-commerce-Project\.venv\Lib\site-packages\django\db\backends\utils.py", line 92, in _execute_with_wrappers
    return executor(sql, params, many, context)
  File "C:\Users\milan\OneDrive\Desktop\E-commerce-Project\.venv\Lib\site-packages\django\db\backends\utils.py", line 100, in _execute
    with self.db.wrap_database_errors:
         ^^^^^^^^^^^^^^^^^^^^^^^^^^^^
  File "C:\Users\milan\OneDrive\Desktop\E-commerce-Project\.venv\Lib\site-packages\django\db\utils.py", line 91, in __exit__
    raise dj_exc_value.with_traceback(traceback) from exc_value
  File "C:\Users\milan\OneDrive\Desktop\E-commerce-Project\.venv\Lib\site-packages\django\db\backends\utils.py", line 105, in _execute
    return self.cursor.execute(sql, params)
           ~~~~~~~~~~~~~~~~~~~^^^^^^^^^^^^^
  File "C:\Users\milan\OneDrive\Desktop\E-commerce-Project\.venv\Lib\site-packages\django\db\backends\mysql\base.py", line 76, in execute
    return self.cursor.execute(query, args)
           ~~~~~~~~~~~~~~~~~~~^^^^^^^^^^^^^
  File "C:\Users\milan\OneDrive\Desktop\E-commerce-Project\.venv\Lib\site-packages\MySQLdb\cursors.py", line 179, in execute
    res = self._query(mogrified_query)
  File "C:\Users\milan\OneDrive\Desktop\E-commerce-Project\.venv\Lib\site-packages\MySQLdb\cursors.py", line 330, in _query
    db.query(q)
    ~~~~~~~~^^^
  File "C:\Users\milan\OneDrive\Desktop\E-commerce-Project\.venv\Lib\site-packages\MySQLdb\connections.py", line 286, in query
    _mysql.connection.query(self, query)
    ~~~~~~~~~~~~~~~~~~~~~~~^^^^^^^^^^^^^
django.db.utils.OperationalError: (1054, "Unknown column 'accounts_customuser.can_view_audit_trail' in 'field list'")
[ERROR] 2026-08-03 15:15:20 services.log_event:221 Sentinel failed to record event: OperationalError in /hrm/attendance/incomplete/
Traceback (most recent call last):
  File "C:\Users\milan\OneDrive\Desktop\E-commerce-Project\.venv\Lib\site-packages\django\db\backends\utils.py", line 105, in _execute
    return self.cursor.execute(sql, params)
           ~~~~~~~~~~~~~~~~~~~^^^^^^^^^^^^^
  File "C:\Users\milan\OneDrive\Desktop\E-commerce-Project\.venv\Lib\site-packages\django\db\backends\mysql\base.py", line 76, in execute
    return self.cursor.execute(query, args)
           ~~~~~~~~~~~~~~~~~~~^^^^^^^^^^^^^
  File "C:\Users\milan\OneDrive\Desktop\E-commerce-Project\.venv\Lib\site-packages\MySQLdb\cursors.py", line 179, in execute
    res = self._query(mogrified_query)
  File "C:\Users\milan\OneDrive\Desktop\E-commerce-Project\.venv\Lib\site-packages\MySQLdb\cursors.py", line 330, in _query
    db.query(q)
    ~~~~~~~~^^^
  File "C:\Users\milan\OneDrive\Desktop\E-commerce-Project\.venv\Lib\site-packages\MySQLdb\connections.py", line 286, in query
    _mysql.connection.query(self, query)
    ~~~~~~~~~~~~~~~~~~~~~~~^^^^^^^^^^^^^
MySQLdb.OperationalError: (1054, "Unknown column 'accounts_customuser.can_view_audit_trail' in 'field list'")

The above exception was the direct cause of the following exception:

Traceback (most recent call last):
  File "C:\Users\milan\OneDrive\Desktop\E-commerce-Project\.venv\Lib\site-packages\django\core\handlers\base.py", line 197, in _get_response
    response = wrapped_callback(request, *callback_args, **callback_kwargs)
  File "C:\Users\milan\OneDrive\Desktop\E-commerce-Project\.venv\Lib\site-packages\django\contrib\auth\decorators.py", line 56, in _view_wrapper
    test_pass = test_func(request.user)
  File "C:\Users\milan\OneDrive\Desktop\E-commerce-Project\.venv\Lib\site-packages\django\contrib\auth\decorators.py", line 79, in <lambda>
    lambda u: u.is_authenticated,
              ^^^^^^^^^^^^^^^^^^
  File "C:\Users\milan\OneDrive\Desktop\E-commerce-Project\.venv\Lib\site-packages\django\utils\functional.py", line 251, in inner
    self._setup()
    ~~~~~~~~~~~^^
  File "C:\Users\milan\OneDrive\Desktop\E-commerce-Project\.venv\Lib\site-packages\django\utils\functional.py", line 404, in _setup
    self._wrapped = self._setupfunc()
                    ~~~~~~~~~~~~~~~^^
  File "C:\Users\milan\OneDrive\Desktop\E-commerce-Project\.venv\Lib\site-packages\django\contrib\auth\middleware.py", line 39, in <lambda>
    request.user = SimpleLazyObject(lambda: get_user(request))
                                            ~~~~~~~~^^^^^^^^^
  File "C:\Users\milan\OneDrive\Desktop\E-commerce-Project\.venv\Lib\site-packages\django\contrib\auth\middleware.py", line 19, in get_user
    request._cached_user = auth.get_user(request)
                           ~~~~~~~~~~~~~^^^^^^^^^
  File "C:\Users\milan\OneDrive\Desktop\E-commerce-Project\.venv\Lib\site-packages\django\contrib\auth\__init__.py", line 311, in get_user
    user = backend.get_user(user_id)
  File "C:\Users\milan\OneDrive\Desktop\E-commerce-Project\.venv\Lib\site-packages\django\contrib\auth\backends.py", line 232, in get_user
    user = UserModel._default_manager.get(pk=user_id)
  File "C:\Users\milan\OneDrive\Desktop\E-commerce-Project\.venv\Lib\site-packages\django\db\models\manager.py", line 87, in manager_method
    return getattr(self.get_queryset(), name)(*args, **kwargs)
           ~~~~~~~~~~~~~~~~~~~~~~~~~~~~~~~~~~^^^^^^^^^^^^^^^^^
  File "C:\Users\milan\OneDrive\Desktop\E-commerce-Project\.venv\Lib\site-packages\django\db\models\query.py", line 629, in get
    num = len(clone)
  File "C:\Users\milan\OneDrive\Desktop\E-commerce-Project\.venv\Lib\site-packages\django\db\models\query.py", line 366, in __len__
    self._fetch_all()
    ~~~~~~~~~~~~~~~^^
  File "C:\Users\milan\OneDrive\Desktop\E-commerce-Project\.venv\Lib\site-packages\django\db\models\query.py", line 1935, in _fetch_all
    self._result_cache = list(self._iterable_class(self))
                         ~~~~^^^^^^^^^^^^^^^^^^^^^^^^^^^^
  File "C:\Users\milan\OneDrive\Desktop\E-commerce-Project\.venv\Lib\site-packages\django\db\models\query.py", line 91, in __iter__
    results = compiler.execute_sql(
        chunked_fetch=self.chunked_fetch, chunk_size=self.chunk_size
    )
  File "C:\Users\milan\OneDrive\Desktop\E-commerce-Project\.venv\Lib\site-packages\django\db\models\sql\compiler.py", line 1622, in execute_sql
    cursor.execute(sql, params)
    ~~~~~~~~~~~~~~^^^^^^^^^^^^^
  File "C:\Users\milan\OneDrive\Desktop\E-commerce-Project\.venv\Lib\site-packages\django\db\backends\utils.py", line 79, in execute
    return self._execute_with_wrappers(
           ~~~~~~~~~~~~~~~~~~~~~~~~~~~^
        sql, params, many=False, executor=self._execute
        ^^^^^^^^^^^^^^^^^^^^^^^^^^^^^^^^^^^^^^^^^^^^^^^
    )
    ^
  File "C:\Users\milan\OneDrive\Desktop\E-commerce-Project\.venv\Lib\site-packages\django\db\backends\utils.py", line 92, in _execute_with_wrappers
    return executor(sql, params, many, context)
  File "C:\Users\milan\OneDrive\Desktop\E-commerce-Project\.venv\Lib\site-packages\django\db\backends\utils.py", line 100, in _execute
    with self.db.wrap_database_errors:
         ^^^^^^^^^^^^^^^^^^^^^^^^^^^^
  File "C:\Users\milan\OneDrive\Desktop\E-commerce-Project\.venv\Lib\site-packages\django\db\utils.py", line 91, in __exit__
    raise dj_exc_value.with_traceback(traceback) from exc_value
  File "C:\Users\milan\OneDrive\Desktop\E-commerce-Project\.venv\Lib\site-packages\django\db\backends\utils.py", line 105, in _execute
    return self.cursor.execute(sql, params)
           ~~~~~~~~~~~~~~~~~~~^^^^^^^^^^^^^
  File "C:\Users\milan\OneDrive\Desktop\E-commerce-Project\.venv\Lib\site-packages\django\db\backends\mysql\base.py", line 76, in execute
    return self.cursor.execute(query, args)
           ~~~~~~~~~~~~~~~~~~~^^^^^^^^^^^^^
  File "C:\Users\milan\OneDrive\Desktop\E-commerce-Project\.venv\Lib\site-packages\MySQLdb\cursors.py", line 179, in execute
    res = self._query(mogrified_query)
  File "C:\Users\milan\OneDrive\Desktop\E-commerce-Project\.venv\Lib\site-packages\MySQLdb\cursors.py", line 330, in _query
    db.query(q)
    ~~~~~~~~^^^
  File "C:\Users\milan\OneDrive\Desktop\E-commerce-Project\.venv\Lib\site-packages\MySQLdb\connections.py", line 286, in query
    _mysql.connection.query(self, query)
    ~~~~~~~~~~~~~~~~~~~~~~~^^^^^^^^^^^^^
django.db.utils.OperationalError: (1054, "Unknown column 'accounts_customuser.can_view_audit_trail' in 'field list'")

During handling of the above exception, another exception occurred:

Traceback (most recent call last):
  File "C:\Users\milan\OneDrive\Desktop\E-commerce-Project\.venv\Lib\site-packages\django\db\backends\utils.py", line 105, in _execute
    return self.cursor.execute(sql, params)
           ~~~~~~~~~~~~~~~~~~~^^^^^^^^^^^^^
  File "C:\Users\milan\OneDrive\Desktop\E-commerce-Project\.venv\Lib\site-packages\django\db\backends\mysql\base.py", line 76, in execute
    return self.cursor.execute(query, args)
           ~~~~~~~~~~~~~~~~~~~^^^^^^^^^^^^^
  File "C:\Users\milan\OneDrive\Desktop\E-commerce-Project\.venv\Lib\site-packages\MySQLdb\cursors.py", line 179, in execute
    res = self._query(mogrified_query)
  File "C:\Users\milan\OneDrive\Desktop\E-commerce-Project\.venv\Lib\site-packages\MySQLdb\cursors.py", line 330, in _query
    db.query(q)
    ~~~~~~~~^^^
  File "C:\Users\milan\OneDrive\Desktop\E-commerce-Project\.venv\Lib\site-packages\MySQLdb\connections.py", line 286, in query
    _mysql.connection.query(self, query)
    ~~~~~~~~~~~~~~~~~~~~~~~^^^^^^^^^^^^^
MySQLdb.OperationalError: (1054, "Unknown column 'accounts_customuser.can_view_audit_trail' in 'field list'")

The above exception was the direct cause of the following exception:

Traceback (most recent call last):
  File "C:\Users\milan\OneDrive\Desktop\E-commerce-Project\myproject\sentinel\services.py", line 150, in log_event
    if candidate is not None and getattr(candidate, 'is_authenticated', False):
                                 ~~~~~~~^^^^^^^^^^^^^^^^^^^^^^^^^^^^^^^^^^^^^^
  File "C:\Users\milan\OneDrive\Desktop\E-commerce-Project\.venv\Lib\site-packages\django\utils\functional.py", line 251, in inner
    self._setup()
    ~~~~~~~~~~~^^
  File "C:\Users\milan\OneDrive\Desktop\E-commerce-Project\.venv\Lib\site-packages\django\utils\functional.py", line 404, in _setup
    self._wrapped = self._setupfunc()
                    ~~~~~~~~~~~~~~~^^
  File "C:\Users\milan\OneDrive\Desktop\E-commerce-Project\.venv\Lib\site-packages\django\contrib\auth\middleware.py", line 39, in <lambda>
    request.user = SimpleLazyObject(lambda: get_user(request))
                                            ~~~~~~~~^^^^^^^^^
  File "C:\Users\milan\OneDrive\Desktop\E-commerce-Project\.venv\Lib\site-packages\django\contrib\auth\middleware.py", line 19, in get_user
    request._cached_user = auth.get_user(request)
                           ~~~~~~~~~~~~~^^^^^^^^^
  File "C:\Users\milan\OneDrive\Desktop\E-commerce-Project\.venv\Lib\site-packages\django\contrib\auth\__init__.py", line 311, in get_user
    user = backend.get_user(user_id)
  File "C:\Users\milan\OneDrive\Desktop\E-commerce-Project\.venv\Lib\site-packages\django\contrib\auth\backends.py", line 232, in get_user
    user = UserModel._default_manager.get(pk=user_id)
  File "C:\Users\milan\OneDrive\Desktop\E-commerce-Project\.venv\Lib\site-packages\django\db\models\manager.py", line 87, in manager_method
    return getattr(self.get_queryset(), name)(*args, **kwargs)
           ~~~~~~~~~~~~~~~~~~~~~~~~~~~~~~~~~~^^^^^^^^^^^^^^^^^
  File "C:\Users\milan\OneDrive\Desktop\E-commerce-Project\.venv\Lib\site-packages\django\db\models\query.py", line 629, in get
    num = len(clone)
  File "C:\Users\milan\OneDrive\Desktop\E-commerce-Project\.venv\Lib\site-packages\django\db\models\query.py", line 366, in __len__
    self._fetch_all()
    ~~~~~~~~~~~~~~~^^
  File "C:\Users\milan\OneDrive\Desktop\E-commerce-Project\.venv\Lib\site-packages\django\db\models\query.py", line 1935, in _fetch_all
    self._result_cache = list(self._iterable_class(self))
                         ~~~~^^^^^^^^^^^^^^^^^^^^^^^^^^^^
  File "C:\Users\milan\OneDrive\Desktop\E-commerce-Project\.venv\Lib\site-packages\django\db\models\query.py", line 91, in __iter__
    results = compiler.execute_sql(
        chunked_fetch=self.chunked_fetch, chunk_size=self.chunk_size
    )
  File "C:\Users\milan\OneDrive\Desktop\E-commerce-Project\.venv\Lib\site-packages\django\db\models\sql\compiler.py", line 1622, in execute_sql
    cursor.execute(sql, params)
    ~~~~~~~~~~~~~~^^^^^^^^^^^^^
  File "C:\Users\milan\OneDrive\Desktop\E-commerce-Project\.venv\Lib\site-packages\django\db\backends\utils.py", line 79, in execute
    return self._execute_with_wrappers(
           ~~~~~~~~~~~~~~~~~~~~~~~~~~~^
        sql, params, many=False, executor=self._execute
        ^^^^^^^^^^^^^^^^^^^^^^^^^^^^^^^^^^^^^^^^^^^^^^^
    )
    ^
  File "C:\Users\milan\OneDrive\Desktop\E-commerce-Project\.venv\Lib\site-packages\django\db\backends\utils.py", line 92, in _execute_with_wrappers
    return executor(sql, params, many, context)
  File "C:\Users\milan\OneDrive\Desktop\E-commerce-Project\.venv\Lib\site-packages\django\db\backends\utils.py", line 100, in _execute
    with self.db.wrap_database_errors:
         ^^^^^^^^^^^^^^^^^^^^^^^^^^^^
  File "C:\Users\milan\OneDrive\Desktop\E-commerce-Project\.venv\Lib\site-packages\django\db\utils.py", line 91, in __exit__
    raise dj_exc_value.with_traceback(traceback) from exc_value
  File "C:\Users\milan\OneDrive\Desktop\E-commerce-Project\.venv\Lib\site-packages\django\db\backends\utils.py", line 105, in _execute
    return self.cursor.execute(sql, params)
           ~~~~~~~~~~~~~~~~~~~^^^^^^^^^^^^^
  File "C:\Users\milan\OneDrive\Desktop\E-commerce-Project\.venv\Lib\site-packages\django\db\backends\mysql\base.py", line 76, in execute
    return self.cursor.execute(query, args)
           ~~~~~~~~~~~~~~~~~~~^^^^^^^^^^^^^
  File "C:\Users\milan\OneDrive\Desktop\E-commerce-Project\.venv\Lib\site-packages\MySQLdb\cursors.py", line 179, in execute
    res = self._query(mogrified_query)
  File "C:\Users\milan\OneDrive\Desktop\E-commerce-Project\.venv\Lib\site-packages\MySQLdb\cursors.py", line 330, in _query
    db.query(q)
    ~~~~~~~~^^^
  File "C:\Users\milan\OneDrive\Desktop\E-commerce-Project\.venv\Lib\site-packages\MySQLdb\connections.py", line 286, in query
    _mysql.connection.query(self, query)
    ~~~~~~~~~~~~~~~~~~~~~~~^^^^^^^^^^^^^
django.db.utils.OperationalError: (1054, "Unknown column 'accounts_customuser.can_view_audit_trail' in 'field list'")
[ERROR] 2026-08-03 15:16:20 services.log_event:221 Sentinel failed to record event: OperationalError in /api/active-notice/
Traceback (most recent call last):
  File "C:\Users\milan\OneDrive\Desktop\E-commerce-Project\.venv\Lib\site-packages\django\db\backends\utils.py", line 105, in _execute
    return self.cursor.execute(sql, params)
           ~~~~~~~~~~~~~~~~~~~^^^^^^^^^^^^^
  File "C:\Users\milan\OneDrive\Desktop\E-commerce-Project\.venv\Lib\site-packages\django\db\backends\mysql\base.py", line 76, in execute
    return self.cursor.execute(query, args)
           ~~~~~~~~~~~~~~~~~~~^^^^^^^^^^^^^
  File "C:\Users\milan\OneDrive\Desktop\E-commerce-Project\.venv\Lib\site-packages\MySQLdb\cursors.py", line 179, in execute
    res = self._query(mogrified_query)
  File "C:\Users\milan\OneDrive\Desktop\E-commerce-Project\.venv\Lib\site-packages\MySQLdb\cursors.py", line 330, in _query
    db.query(q)
    ~~~~~~~~^^^
  File "C:\Users\milan\OneDrive\Desktop\E-commerce-Project\.venv\Lib\site-packages\MySQLdb\connections.py", line 286, in query
    _mysql.connection.query(self, query)
    ~~~~~~~~~~~~~~~~~~~~~~~^^^^^^^^^^^^^
MySQLdb.OperationalError: (1054, "Unknown column 'accounts_customuser.can_view_audit_trail' in 'field list'")

The above exception was the direct cause of the following exception:

Traceback (most recent call last):
  File "C:\Users\milan\OneDrive\Desktop\E-commerce-Project\.venv\Lib\site-packages\django\core\handlers\base.py", line 197, in _get_response
    response = wrapped_callback(request, *callback_args, **callback_kwargs)
  File "C:\Users\milan\OneDrive\Desktop\E-commerce-Project\.venv\Lib\site-packages\django\contrib\auth\decorators.py", line 56, in _view_wrapper
    test_pass = test_func(request.user)
  File "C:\Users\milan\OneDrive\Desktop\E-commerce-Project\.venv\Lib\site-packages\django\contrib\auth\decorators.py", line 79, in <lambda>
    lambda u: u.is_authenticated,
              ^^^^^^^^^^^^^^^^^^
  File "C:\Users\milan\OneDrive\Desktop\E-commerce-Project\.venv\Lib\site-packages\django\utils\functional.py", line 251, in inner
    self._setup()
    ~~~~~~~~~~~^^
  File "C:\Users\milan\OneDrive\Desktop\E-commerce-Project\.venv\Lib\site-packages\django\utils\functional.py", line 404, in _setup
    self._wrapped = self._setupfunc()
                    ~~~~~~~~~~~~~~~^^
  File "C:\Users\milan\OneDrive\Desktop\E-commerce-Project\.venv\Lib\site-packages\django\contrib\auth\middleware.py", line 39, in <lambda>
    request.user = SimpleLazyObject(lambda: get_user(request))
                                            ~~~~~~~~^^^^^^^^^
  File "C:\Users\milan\OneDrive\Desktop\E-commerce-Project\.venv\Lib\site-packages\django\contrib\auth\middleware.py", line 19, in get_user
    request._cached_user = auth.get_user(request)
                           ~~~~~~~~~~~~~^^^^^^^^^
  File "C:\Users\milan\OneDrive\Desktop\E-commerce-Project\.venv\Lib\site-packages\django\contrib\auth\__init__.py", line 311, in get_user
    user = backend.get_user(user_id)
  File "C:\Users\milan\OneDrive\Desktop\E-commerce-Project\.venv\Lib\site-packages\django\contrib\auth\backends.py", line 232, in get_user
    user = UserModel._default_manager.get(pk=user_id)
  File "C:\Users\milan\OneDrive\Desktop\E-commerce-Project\.venv\Lib\site-packages\django\db\models\manager.py", line 87, in manager_method
    return getattr(self.get_queryset(), name)(*args, **kwargs)
           ~~~~~~~~~~~~~~~~~~~~~~~~~~~~~~~~~~^^^^^^^^^^^^^^^^^
  File "C:\Users\milan\OneDrive\Desktop\E-commerce-Project\.venv\Lib\site-packages\django\db\models\query.py", line 629, in get
    num = len(clone)
  File "C:\Users\milan\OneDrive\Desktop\E-commerce-Project\.venv\Lib\site-packages\django\db\models\query.py", line 366, in __len__
    self._fetch_all()
    ~~~~~~~~~~~~~~~^^
  File "C:\Users\milan\OneDrive\Desktop\E-commerce-Project\.venv\Lib\site-packages\django\db\models\query.py", line 1935, in _fetch_all
    self._result_cache = list(self._iterable_class(self))
                         ~~~~^^^^^^^^^^^^^^^^^^^^^^^^^^^^
  File "C:\Users\milan\OneDrive\Desktop\E-commerce-Project\.venv\Lib\site-packages\django\db\models\query.py", line 91, in __iter__
    results = compiler.execute_sql(
        chunked_fetch=self.chunked_fetch, chunk_size=self.chunk_size
    )
  File "C:\Users\milan\OneDrive\Desktop\E-commerce-Project\.venv\Lib\site-packages\django\db\models\sql\compiler.py", line 1622, in execute_sql
    cursor.execute(sql, params)
    ~~~~~~~~~~~~~~^^^^^^^^^^^^^
  File "C:\Users\milan\OneDrive\Desktop\E-commerce-Project\.venv\Lib\site-packages\django\db\backends\utils.py", line 79, in execute
    return self._execute_with_wrappers(
           ~~~~~~~~~~~~~~~~~~~~~~~~~~~^
        sql, params, many=False, executor=self._execute
        ^^^^^^^^^^^^^^^^^^^^^^^^^^^^^^^^^^^^^^^^^^^^^^^
    )
    ^
  File "C:\Users\milan\OneDrive\Desktop\E-commerce-Project\.venv\Lib\site-packages\django\db\backends\utils.py", line 92, in _execute_with_wrappers
    return executor(sql, params, many, context)
  File "C:\Users\milan\OneDrive\Desktop\E-commerce-Project\.venv\Lib\site-packages\django\db\backends\utils.py", line 100, in _execute
    with self.db.wrap_database_errors:
         ^^^^^^^^^^^^^^^^^^^^^^^^^^^^
  File "C:\Users\milan\OneDrive\Desktop\E-commerce-Project\.venv\Lib\site-packages\django\db\utils.py", line 91, in __exit__
    raise dj_exc_value.with_traceback(traceback) from exc_value
  File "C:\Users\milan\OneDrive\Desktop\E-commerce-Project\.venv\Lib\site-packages\django\db\backends\utils.py", line 105, in _execute
    return self.cursor.execute(sql, params)
           ~~~~~~~~~~~~~~~~~~~^^^^^^^^^^^^^
  File "C:\Users\milan\OneDrive\Desktop\E-commerce-Project\.venv\Lib\site-packages\django\db\backends\mysql\base.py", line 76, in execute
    return self.cursor.execute(query, args)
           ~~~~~~~~~~~~~~~~~~~^^^^^^^^^^^^^
  File "C:\Users\milan\OneDrive\Desktop\E-commerce-Project\.venv\Lib\site-packages\MySQLdb\cursors.py", line 179, in execute
    res = self._query(mogrified_query)
  File "C:\Users\milan\OneDrive\Desktop\E-commerce-Project\.venv\Lib\site-packages\MySQLdb\cursors.py", line 330, in _query
    db.query(q)
    ~~~~~~~~^^^
  File "C:\Users\milan\OneDrive\Desktop\E-commerce-Project\.venv\Lib\site-packages\MySQLdb\connections.py", line 286, in query
    _mysql.connection.query(self, query)
    ~~~~~~~~~~~~~~~~~~~~~~~^^^^^^^^^^^^^
django.db.utils.OperationalError: (1054, "Unknown column 'accounts_customuser.can_view_audit_trail' in 'field list'")

During handling of the above exception, another exception occurred:

Traceback (most recent call last):
  File "C:\Users\milan\OneDrive\Desktop\E-commerce-Project\.venv\Lib\site-packages\django\db\backends\utils.py", line 105, in _execute
    return self.cursor.execute(sql, params)
           ~~~~~~~~~~~~~~~~~~~^^^^^^^^^^^^^
  File "C:\Users\milan\OneDrive\Desktop\E-commerce-Project\.venv\Lib\site-packages\django\db\backends\mysql\base.py", line 76, in execute
    return self.cursor.execute(query, args)
           ~~~~~~~~~~~~~~~~~~~^^^^^^^^^^^^^
  File "C:\Users\milan\OneDrive\Desktop\E-commerce-Project\.venv\Lib\site-packages\MySQLdb\cursors.py", line 179, in execute
    res = self._query(mogrified_query)
  File "C:\Users\milan\OneDrive\Desktop\E-commerce-Project\.venv\Lib\site-packages\MySQLdb\cursors.py", line 330, in _query
    db.query(q)
    ~~~~~~~~^^^
  File "C:\Users\milan\OneDrive\Desktop\E-commerce-Project\.venv\Lib\site-packages\MySQLdb\connections.py", line 286, in query
    _mysql.connection.query(self, query)
    ~~~~~~~~~~~~~~~~~~~~~~~^^^^^^^^^^^^^
MySQLdb.OperationalError: (1054, "Unknown column 'accounts_customuser.can_view_audit_trail' in 'field list'")

The above exception was the direct cause of the following exception:

Traceback (most recent call last):
  File "C:\Users\milan\OneDrive\Desktop\E-commerce-Project\myproject\sentinel\services.py", line 150, in log_event
    if candidate is not None and getattr(candidate, 'is_authenticated', False):
                                 ~~~~~~~^^^^^^^^^^^^^^^^^^^^^^^^^^^^^^^^^^^^^^
  File "C:\Users\milan\OneDrive\Desktop\E-commerce-Project\.venv\Lib\site-packages\django\utils\functional.py", line 251, in inner
    self._setup()
    ~~~~~~~~~~~^^
  File "C:\Users\milan\OneDrive\Desktop\E-commerce-Project\.venv\Lib\site-packages\django\utils\functional.py", line 404, in _setup
    self._wrapped = self._setupfunc()
                    ~~~~~~~~~~~~~~~^^
  File "C:\Users\milan\OneDrive\Desktop\E-commerce-Project\.venv\Lib\site-packages\django\contrib\auth\middleware.py", line 39, in <lambda>
    request.user = SimpleLazyObject(lambda: get_user(request))
                                            ~~~~~~~~^^^^^^^^^
  File "C:\Users\milan\OneDrive\Desktop\E-commerce-Project\.venv\Lib\site-packages\django\contrib\auth\middleware.py", line 19, in get_user
    request._cached_user = auth.get_user(request)
                           ~~~~~~~~~~~~~^^^^^^^^^
  File "C:\Users\milan\OneDrive\Desktop\E-commerce-Project\.venv\Lib\site-packages\django\contrib\auth\__init__.py", line 311, in get_user
    user = backend.get_user(user_id)
  File "C:\Users\milan\OneDrive\Desktop\E-commerce-Project\.venv\Lib\site-packages\django\contrib\auth\backends.py", line 232, in get_user
    user = UserModel._default_manager.get(pk=user_id)
  File "C:\Users\milan\OneDrive\Desktop\E-commerce-Project\.venv\Lib\site-packages\django\db\models\manager.py", line 87, in manager_method
    return getattr(self.get_queryset(), name)(*args, **kwargs)
           ~~~~~~~~~~~~~~~~~~~~~~~~~~~~~~~~~~^^^^^^^^^^^^^^^^^
  File "C:\Users\milan\OneDrive\Desktop\E-commerce-Project\.venv\Lib\site-packages\django\db\models\query.py", line 629, in get
    num = len(clone)
  File "C:\Users\milan\OneDrive\Desktop\E-commerce-Project\.venv\Lib\site-packages\django\db\models\query.py", line 366, in __len__
    self._fetch_all()
    ~~~~~~~~~~~~~~~^^
  File "C:\Users\milan\OneDrive\Desktop\E-commerce-Project\.venv\Lib\site-packages\django\db\models\query.py", line 1935, in _fetch_all
    self._result_cache = list(self._iterable_class(self))
                         ~~~~^^^^^^^^^^^^^^^^^^^^^^^^^^^^
  File "C:\Users\milan\OneDrive\Desktop\E-commerce-Project\.venv\Lib\site-packages\django\db\models\query.py", line 91, in __iter__
    results = compiler.execute_sql(
        chunked_fetch=self.chunked_fetch, chunk_size=self.chunk_size
    )
  File "C:\Users\milan\OneDrive\Desktop\E-commerce-Project\.venv\Lib\site-packages\django\db\models\sql\compiler.py", line 1622, in execute_sql
    cursor.execute(sql, params)
    ~~~~~~~~~~~~~~^^^^^^^^^^^^^
  File "C:\Users\milan\OneDrive\Desktop\E-commerce-Project\.venv\Lib\site-packages\django\db\backends\utils.py", line 79, in execute
    return self._execute_with_wrappers(
           ~~~~~~~~~~~~~~~~~~~~~~~~~~~^
        sql, params, many=False, executor=self._execute
        ^^^^^^^^^^^^^^^^^^^^^^^^^^^^^^^^^^^^^^^^^^^^^^^
    )
    ^
  File "C:\Users\milan\OneDrive\Desktop\E-commerce-Project\.venv\Lib\site-packages\django\db\backends\utils.py", line 92, in _execute_with_wrappers
    return executor(sql, params, many, context)
  File "C:\Users\milan\OneDrive\Desktop\E-commerce-Project\.venv\Lib\site-packages\django\db\backends\utils.py", line 100, in _execute
    with self.db.wrap_database_errors:
         ^^^^^^^^^^^^^^^^^^^^^^^^^^^^
  File "C:\Users\milan\OneDrive\Desktop\E-commerce-Project\.venv\Lib\site-packages\django\db\utils.py", line 91, in __exit__
    raise dj_exc_value.with_traceback(traceback) from exc_value
  File "C:\Users\milan\OneDrive\Desktop\E-commerce-Project\.venv\Lib\site-packages\django\db\backends\utils.py", line 105, in _execute
    return self.cursor.execute(sql, params)
           ~~~~~~~~~~~~~~~~~~~^^^^^^^^^^^^^
  File "C:\Users\milan\OneDrive\Desktop\E-commerce-Project\.venv\Lib\site-packages\django\db\backends\mysql\base.py", line 76, in execute
    return self.cursor.execute(query, args)
           ~~~~~~~~~~~~~~~~~~~^^^^^^^^^^^^^
  File "C:\Users\milan\OneDrive\Desktop\E-commerce-Project\.venv\Lib\site-packages\MySQLdb\cursors.py", line 179, in execute
    res = self._query(mogrified_query)
  File "C:\Users\milan\OneDrive\Desktop\E-commerce-Project\.venv\Lib\site-packages\MySQLdb\cursors.py", line 330, in _query
    db.query(q)
    ~~~~~~~~^^^
  File "C:\Users\milan\OneDrive\Desktop\E-commerce-Project\.venv\Lib\site-packages\MySQLdb\connections.py", line 286, in query
    _mysql.connection.query(self, query)
    ~~~~~~~~~~~~~~~~~~~~~~~^^^^^^^^^^^^^
django.db.utils.OperationalError: (1054, "Unknown column 'accounts_customuser.can_view_audit_trail' in 'field list'")
[ERROR] 2026-08-03 15:16:20 services.log_event:221 Sentinel failed to record event: OperationalError in /chat/api/unread-count/
Traceback (most recent call last):
  File "C:\Users\milan\OneDrive\Desktop\E-commerce-Project\.venv\Lib\site-packages\django\db\backends\utils.py", line 105, in _execute
    return self.cursor.execute(sql, params)
           ~~~~~~~~~~~~~~~~~~~^^^^^^^^^^^^^
  File "C:\Users\milan\OneDrive\Desktop\E-commerce-Project\.venv\Lib\site-packages\django\db\backends\mysql\base.py", line 76, in execute
    return self.cursor.execute(query, args)
           ~~~~~~~~~~~~~~~~~~~^^^^^^^^^^^^^
  File "C:\Users\milan\OneDrive\Desktop\E-commerce-Project\.venv\Lib\site-packages\MySQLdb\cursors.py", line 179, in execute
    res = self._query(mogrified_query)
  File "C:\Users\milan\OneDrive\Desktop\E-commerce-Project\.venv\Lib\site-packages\MySQLdb\cursors.py", line 330, in _query
    db.query(q)
    ~~~~~~~~^^^
  File "C:\Users\milan\OneDrive\Desktop\E-commerce-Project\.venv\Lib\site-packages\MySQLdb\connections.py", line 286, in query
    _mysql.connection.query(self, query)
    ~~~~~~~~~~~~~~~~~~~~~~~^^^^^^^^^^^^^
MySQLdb.OperationalError: (1054, "Unknown column 'accounts_customuser.can_view_audit_trail' in 'field list'")

The above exception was the direct cause of the following exception:

Traceback (most recent call last):
  File "C:\Users\milan\OneDrive\Desktop\E-commerce-Project\.venv\Lib\site-packages\django\core\handlers\base.py", line 197, in _get_response
    response = wrapped_callback(request, *callback_args, **callback_kwargs)
  File "C:\Users\milan\OneDrive\Desktop\E-commerce-Project\.venv\Lib\site-packages\django\views\decorators\http.py", line 64, in inner
    return func(request, *args, **kwargs)
  File "C:\Users\milan\OneDrive\Desktop\E-commerce-Project\myproject\chat\views.py", line 275, in api_unread_count
    if not request.user.is_authenticated:
           ^^^^^^^^^^^^^^^^^^^^^^^^^^^^^
  File "C:\Users\milan\OneDrive\Desktop\E-commerce-Project\.venv\Lib\site-packages\django\utils\functional.py", line 251, in inner
    self._setup()
    ~~~~~~~~~~~^^
  File "C:\Users\milan\OneDrive\Desktop\E-commerce-Project\.venv\Lib\site-packages\django\utils\functional.py", line 404, in _setup
    self._wrapped = self._setupfunc()
                    ~~~~~~~~~~~~~~~^^
  File "C:\Users\milan\OneDrive\Desktop\E-commerce-Project\.venv\Lib\site-packages\django\contrib\auth\middleware.py", line 39, in <lambda>
    request.user = SimpleLazyObject(lambda: get_user(request))
                                            ~~~~~~~~^^^^^^^^^
  File "C:\Users\milan\OneDrive\Desktop\E-commerce-Project\.venv\Lib\site-packages\django\contrib\auth\middleware.py", line 19, in get_user
    request._cached_user = auth.get_user(request)
                           ~~~~~~~~~~~~~^^^^^^^^^
  File "C:\Users\milan\OneDrive\Desktop\E-commerce-Project\.venv\Lib\site-packages\django\contrib\auth\__init__.py", line 311, in get_user
    user = backend.get_user(user_id)
  File "C:\Users\milan\OneDrive\Desktop\E-commerce-Project\.venv\Lib\site-packages\django\contrib\auth\backends.py", line 232, in get_user
    user = UserModel._default_manager.get(pk=user_id)
  File "C:\Users\milan\OneDrive\Desktop\E-commerce-Project\.venv\Lib\site-packages\django\db\models\manager.py", line 87, in manager_method
    return getattr(self.get_queryset(), name)(*args, **kwargs)
           ~~~~~~~~~~~~~~~~~~~~~~~~~~~~~~~~~~^^^^^^^^^^^^^^^^^
  File "C:\Users\milan\OneDrive\Desktop\E-commerce-Project\.venv\Lib\site-packages\django\db\models\query.py", line 629, in get
    num = len(clone)
  File "C:\Users\milan\OneDrive\Desktop\E-commerce-Project\.venv\Lib\site-packages\django\db\models\query.py", line 366, in __len__
    self._fetch_all()
    ~~~~~~~~~~~~~~~^^
  File "C:\Users\milan\OneDrive\Desktop\E-commerce-Project\.venv\Lib\site-packages\django\db\models\query.py", line 1935, in _fetch_all
    self._result_cache = list(self._iterable_class(self))
                         ~~~~^^^^^^^^^^^^^^^^^^^^^^^^^^^^
  File "C:\Users\milan\OneDrive\Desktop\E-commerce-Project\.venv\Lib\site-packages\django\db\models\query.py", line 91, in __iter__
    results = compiler.execute_sql(
        chunked_fetch=self.chunked_fetch, chunk_size=self.chunk_size
    )
  File "C:\Users\milan\OneDrive\Desktop\E-commerce-Project\.venv\Lib\site-packages\django\db\models\sql\compiler.py", line 1622, in execute_sql
    cursor.execute(sql, params)
    ~~~~~~~~~~~~~~^^^^^^^^^^^^^
  File "C:\Users\milan\OneDrive\Desktop\E-commerce-Project\.venv\Lib\site-packages\django\db\backends\utils.py", line 79, in execute
    return self._execute_with_wrappers(
           ~~~~~~~~~~~~~~~~~~~~~~~~~~~^
        sql, params, many=False, executor=self._execute
        ^^^^^^^^^^^^^^^^^^^^^^^^^^^^^^^^^^^^^^^^^^^^^^^
    )
    ^
  File "C:\Users\milan\OneDrive\Desktop\E-commerce-Project\.venv\Lib\site-packages\django\db\backends\utils.py", line 92, in _execute_with_wrappers
    return executor(sql, params, many, context)
  File "C:\Users\milan\OneDrive\Desktop\E-commerce-Project\.venv\Lib\site-packages\django\db\backends\utils.py", line 100, in _execute
    with self.db.wrap_database_errors:
         ^^^^^^^^^^^^^^^^^^^^^^^^^^^^
  File "C:\Users\milan\OneDrive\Desktop\E-commerce-Project\.venv\Lib\site-packages\django\db\utils.py", line 91, in __exit__
    raise dj_exc_value.with_traceback(traceback) from exc_value
  File "C:\Users\milan\OneDrive\Desktop\E-commerce-Project\.venv\Lib\site-packages\django\db\backends\utils.py", line 105, in _execute
    return self.cursor.execute(sql, params)
           ~~~~~~~~~~~~~~~~~~~^^^^^^^^^^^^^
  File "C:\Users\milan\OneDrive\Desktop\E-commerce-Project\.venv\Lib\site-packages\django\db\backends\mysql\base.py", line 76, in execute
    return self.cursor.execute(query, args)
           ~~~~~~~~~~~~~~~~~~~^^^^^^^^^^^^^
  File "C:\Users\milan\OneDrive\Desktop\E-commerce-Project\.venv\Lib\site-packages\MySQLdb\cursors.py", line 179, in execute
    res = self._query(mogrified_query)
  File "C:\Users\milan\OneDrive\Desktop\E-commerce-Project\.venv\Lib\site-packages\MySQLdb\cursors.py", line 330, in _query
    db.query(q)
    ~~~~~~~~^^^
  File "C:\Users\milan\OneDrive\Desktop\E-commerce-Project\.venv\Lib\site-packages\MySQLdb\connections.py", line 286, in query
    _mysql.connection.query(self, query)
    ~~~~~~~~~~~~~~~~~~~~~~~^^^^^^^^^^^^^
django.db.utils.OperationalError: (1054, "Unknown column 'accounts_customuser.can_view_audit_trail' in 'field list'")

During handling of the above exception, another exception occurred:

Traceback (most recent call last):
  File "C:\Users\milan\OneDrive\Desktop\E-commerce-Project\.venv\Lib\site-packages\django\db\backends\utils.py", line 105, in _execute
    return self.cursor.execute(sql, params)
           ~~~~~~~~~~~~~~~~~~~^^^^^^^^^^^^^
  File "C:\Users\milan\OneDrive\Desktop\E-commerce-Project\.venv\Lib\site-packages\django\db\backends\mysql\base.py", line 76, in execute
    return self.cursor.execute(query, args)
           ~~~~~~~~~~~~~~~~~~~^^^^^^^^^^^^^
  File "C:\Users\milan\OneDrive\Desktop\E-commerce-Project\.venv\Lib\site-packages\MySQLdb\cursors.py", line 179, in execute
    res = self._query(mogrified_query)
  File "C:\Users\milan\OneDrive\Desktop\E-commerce-Project\.venv\Lib\site-packages\MySQLdb\cursors.py", line 330, in _query
    db.query(q)
    ~~~~~~~~^^^
  File "C:\Users\milan\OneDrive\Desktop\E-commerce-Project\.venv\Lib\site-packages\MySQLdb\connections.py", line 286, in query
    _mysql.connection.query(self, query)
    ~~~~~~~~~~~~~~~~~~~~~~~^^^^^^^^^^^^^
MySQLdb.OperationalError: (1054, "Unknown column 'accounts_customuser.can_view_audit_trail' in 'field list'")

The above exception was the direct cause of the following exception:

Traceback (most recent call last):
  File "C:\Users\milan\OneDrive\Desktop\E-commerce-Project\myproject\sentinel\services.py", line 150, in log_event
    if candidate is not None and getattr(candidate, 'is_authenticated', False):
                                 ~~~~~~~^^^^^^^^^^^^^^^^^^^^^^^^^^^^^^^^^^^^^^
  File "C:\Users\milan\OneDrive\Desktop\E-commerce-Project\.venv\Lib\site-packages\django\utils\functional.py", line 251, in inner
    self._setup()
    ~~~~~~~~~~~^^
  File "C:\Users\milan\OneDrive\Desktop\E-commerce-Project\.venv\Lib\site-packages\django\utils\functional.py", line 404, in _setup
    self._wrapped = self._setupfunc()
                    ~~~~~~~~~~~~~~~^^
  File "C:\Users\milan\OneDrive\Desktop\E-commerce-Project\.venv\Lib\site-packages\django\contrib\auth\middleware.py", line 39, in <lambda>
    request.user = SimpleLazyObject(lambda: get_user(request))
                                            ~~~~~~~~^^^^^^^^^
  File "C:\Users\milan\OneDrive\Desktop\E-commerce-Project\.venv\Lib\site-packages\django\contrib\auth\middleware.py", line 19, in get_user
    request._cached_user = auth.get_user(request)
                           ~~~~~~~~~~~~~^^^^^^^^^
  File "C:\Users\milan\OneDrive\Desktop\E-commerce-Project\.venv\Lib\site-packages\django\contrib\auth\__init__.py", line 311, in get_user
    user = backend.get_user(user_id)
  File "C:\Users\milan\OneDrive\Desktop\E-commerce-Project\.venv\Lib\site-packages\django\contrib\auth\backends.py", line 232, in get_user
    user = UserModel._default_manager.get(pk=user_id)
  File "C:\Users\milan\OneDrive\Desktop\E-commerce-Project\.venv\Lib\site-packages\django\db\models\manager.py", line 87, in manager_method
    return getattr(self.get_queryset(), name)(*args, **kwargs)
           ~~~~~~~~~~~~~~~~~~~~~~~~~~~~~~~~~~^^^^^^^^^^^^^^^^^
  File "C:\Users\milan\OneDrive\Desktop\E-commerce-Project\.venv\Lib\site-packages\django\db\models\query.py", line 629, in get
    num = len(clone)
  File "C:\Users\milan\OneDrive\Desktop\E-commerce-Project\.venv\Lib\site-packages\django\db\models\query.py", line 366, in __len__
    self._fetch_all()
    ~~~~~~~~~~~~~~~^^
  File "C:\Users\milan\OneDrive\Desktop\E-commerce-Project\.venv\Lib\site-packages\django\db\models\query.py", line 1935, in _fetch_all
    self._result_cache = list(self._iterable_class(self))
                         ~~~~^^^^^^^^^^^^^^^^^^^^^^^^^^^^
  File "C:\Users\milan\OneDrive\Desktop\E-commerce-Project\.venv\Lib\site-packages\django\db\models\query.py", line 91, in __iter__
    results = compiler.execute_sql(
        chunked_fetch=self.chunked_fetch, chunk_size=self.chunk_size
    )
  File "C:\Users\milan\OneDrive\Desktop\E-commerce-Project\.venv\Lib\site-packages\django\db\models\sql\compiler.py", line 1622, in execute_sql
    cursor.execute(sql, params)
    ~~~~~~~~~~~~~~^^^^^^^^^^^^^
  File "C:\Users\milan\OneDrive\Desktop\E-commerce-Project\.venv\Lib\site-packages\django\db\backends\utils.py", line 79, in execute
    return self._execute_with_wrappers(
           ~~~~~~~~~~~~~~~~~~~~~~~~~~~^
        sql, params, many=False, executor=self._execute
        ^^^^^^^^^^^^^^^^^^^^^^^^^^^^^^^^^^^^^^^^^^^^^^^
    )
    ^
  File "C:\Users\milan\OneDrive\Desktop\E-commerce-Project\.venv\Lib\site-packages\django\db\backends\utils.py", line 92, in _execute_with_wrappers
    return executor(sql, params, many, context)
  File "C:\Users\milan\OneDrive\Desktop\E-commerce-Project\.venv\Lib\site-packages\django\db\backends\utils.py", line 100, in _execute
    with self.db.wrap_database_errors:
         ^^^^^^^^^^^^^^^^^^^^^^^^^^^^
  File "C:\Users\milan\OneDrive\Desktop\E-commerce-Project\.venv\Lib\site-packages\django\db\utils.py", line 91, in __exit__
    raise dj_exc_value.with_traceback(traceback) from exc_value
  File "C:\Users\milan\OneDrive\Desktop\E-commerce-Project\.venv\Lib\site-packages\django\db\backends\utils.py", line 105, in _execute
    return self.cursor.execute(sql, params)
           ~~~~~~~~~~~~~~~~~~~^^^^^^^^^^^^^
  File "C:\Users\milan\OneDrive\Desktop\E-commerce-Project\.venv\Lib\site-packages\django\db\backends\mysql\base.py", line 76, in execute
    return self.cursor.execute(query, args)
           ~~~~~~~~~~~~~~~~~~~^^^^^^^^^^^^^
  File "C:\Users\milan\OneDrive\Desktop\E-commerce-Project\.venv\Lib\site-packages\MySQLdb\cursors.py", line 179, in execute
    res = self._query(mogrified_query)
  File "C:\Users\milan\OneDrive\Desktop\E-commerce-Project\.venv\Lib\site-packages\MySQLdb\cursors.py", line 330, in _query
    db.query(q)
    ~~~~~~~~^^^
  File "C:\Users\milan\OneDrive\Desktop\E-commerce-Project\.venv\Lib\site-packages\MySQLdb\connections.py", line 286, in query
    _mysql.connection.query(self, query)
    ~~~~~~~~~~~~~~~~~~~~~~~^^^^^^^^^^^^^
django.db.utils.OperationalError: (1054, "Unknown column 'accounts_customuser.can_view_audit_trail' in 'field list'")
[ERROR] 2026-08-03 15:16:20 services.log_event:221 Sentinel failed to record event: OperationalError in /hrm/attendance/incomplete/
Traceback (most recent call last):
  File "C:\Users\milan\OneDrive\Desktop\E-commerce-Project\.venv\Lib\site-packages\django\db\backends\utils.py", line 105, in _execute
    return self.cursor.execute(sql, params)
           ~~~~~~~~~~~~~~~~~~~^^^^^^^^^^^^^
  File "C:\Users\milan\OneDrive\Desktop\E-commerce-Project\.venv\Lib\site-packages\django\db\backends\mysql\base.py", line 76, in execute
    return self.cursor.execute(query, args)
           ~~~~~~~~~~~~~~~~~~~^^^^^^^^^^^^^
  File "C:\Users\milan\OneDrive\Desktop\E-commerce-Project\.venv\Lib\site-packages\MySQLdb\cursors.py", line 179, in execute
    res = self._query(mogrified_query)
  File "C:\Users\milan\OneDrive\Desktop\E-commerce-Project\.venv\Lib\site-packages\MySQLdb\cursors.py", line 330, in _query
    db.query(q)
    ~~~~~~~~^^^
  File "C:\Users\milan\OneDrive\Desktop\E-commerce-Project\.venv\Lib\site-packages\MySQLdb\connections.py", line 286, in query
    _mysql.connection.query(self, query)
    ~~~~~~~~~~~~~~~~~~~~~~~^^^^^^^^^^^^^
MySQLdb.OperationalError: (1054, "Unknown column 'accounts_customuser.can_view_audit_trail' in 'field list'")

The above exception was the direct cause of the following exception:

Traceback (most recent call last):
  File "C:\Users\milan\OneDrive\Desktop\E-commerce-Project\.venv\Lib\site-packages\django\core\handlers\base.py", line 197, in _get_response
    response = wrapped_callback(request, *callback_args, **callback_kwargs)
  File "C:\Users\milan\OneDrive\Desktop\E-commerce-Project\.venv\Lib\site-packages\django\contrib\auth\decorators.py", line 56, in _view_wrapper
    test_pass = test_func(request.user)
  File "C:\Users\milan\OneDrive\Desktop\E-commerce-Project\.venv\Lib\site-packages\django\contrib\auth\decorators.py", line 79, in <lambda>
    lambda u: u.is_authenticated,
              ^^^^^^^^^^^^^^^^^^
  File "C:\Users\milan\OneDrive\Desktop\E-commerce-Project\.venv\Lib\site-packages\django\utils\functional.py", line 251, in inner
    self._setup()
    ~~~~~~~~~~~^^
  File "C:\Users\milan\OneDrive\Desktop\E-commerce-Project\.venv\Lib\site-packages\django\utils\functional.py", line 404, in _setup
    self._wrapped = self._setupfunc()
                    ~~~~~~~~~~~~~~~^^
  File "C:\Users\milan\OneDrive\Desktop\E-commerce-Project\.venv\Lib\site-packages\django\contrib\auth\middleware.py", line 39, in <lambda>
    request.user = SimpleLazyObject(lambda: get_user(request))
                                            ~~~~~~~~^^^^^^^^^
  File "C:\Users\milan\OneDrive\Desktop\E-commerce-Project\.venv\Lib\site-packages\django\contrib\auth\middleware.py", line 19, in get_user
    request._cached_user = auth.get_user(request)
                           ~~~~~~~~~~~~~^^^^^^^^^
  File "C:\Users\milan\OneDrive\Desktop\E-commerce-Project\.venv\Lib\site-packages\django\contrib\auth\__init__.py", line 311, in get_user
    user = backend.get_user(user_id)
  File "C:\Users\milan\OneDrive\Desktop\E-commerce-Project\.venv\Lib\site-packages\django\contrib\auth\backends.py", line 232, in get_user
    user = UserModel._default_manager.get(pk=user_id)
  File "C:\Users\milan\OneDrive\Desktop\E-commerce-Project\.venv\Lib\site-packages\django\db\models\manager.py", line 87, in manager_method
    return getattr(self.get_queryset(), name)(*args, **kwargs)
           ~~~~~~~~~~~~~~~~~~~~~~~~~~~~~~~~~~^^^^^^^^^^^^^^^^^
  File "C:\Users\milan\OneDrive\Desktop\E-commerce-Project\.venv\Lib\site-packages\django\db\models\query.py", line 629, in get
    num = len(clone)
  File "C:\Users\milan\OneDrive\Desktop\E-commerce-Project\.venv\Lib\site-packages\django\db\models\query.py", line 366, in __len__
    self._fetch_all()
    ~~~~~~~~~~~~~~~^^
  File "C:\Users\milan\OneDrive\Desktop\E-commerce-Project\.venv\Lib\site-packages\django\db\models\query.py", line 1935, in _fetch_all
    self._result_cache = list(self._iterable_class(self))
                         ~~~~^^^^^^^^^^^^^^^^^^^^^^^^^^^^
  File "C:\Users\milan\OneDrive\Desktop\E-commerce-Project\.venv\Lib\site-packages\django\db\models\query.py", line 91, in __iter__
    results = compiler.execute_sql(
        chunked_fetch=self.chunked_fetch, chunk_size=self.chunk_size
    )
  File "C:\Users\milan\OneDrive\Desktop\E-commerce-Project\.venv\Lib\site-packages\django\db\models\sql\compiler.py", line 1622, in execute_sql
    cursor.execute(sql, params)
    ~~~~~~~~~~~~~~^^^^^^^^^^^^^
  File "C:\Users\milan\OneDrive\Desktop\E-commerce-Project\.venv\Lib\site-packages\django\db\backends\utils.py", line 79, in execute
    return self._execute_with_wrappers(
           ~~~~~~~~~~~~~~~~~~~~~~~~~~~^
        sql, params, many=False, executor=self._execute
        ^^^^^^^^^^^^^^^^^^^^^^^^^^^^^^^^^^^^^^^^^^^^^^^
    )
    ^
  File "C:\Users\milan\OneDrive\Desktop\E-commerce-Project\.venv\Lib\site-packages\django\db\backends\utils.py", line 92, in _execute_with_wrappers
    return executor(sql, params, many, context)
  File "C:\Users\milan\OneDrive\Desktop\E-commerce-Project\.venv\Lib\site-packages\django\db\backends\utils.py", line 100, in _execute
    with self.db.wrap_database_errors:
         ^^^^^^^^^^^^^^^^^^^^^^^^^^^^
  File "C:\Users\milan\OneDrive\Desktop\E-commerce-Project\.venv\Lib\site-packages\django\db\utils.py", line 91, in __exit__
    raise dj_exc_value.with_traceback(traceback) from exc_value
  File "C:\Users\milan\OneDrive\Desktop\E-commerce-Project\.venv\Lib\site-packages\django\db\backends\utils.py", line 105, in _execute
    return self.cursor.execute(sql, params)
           ~~~~~~~~~~~~~~~~~~~^^^^^^^^^^^^^
  File "C:\Users\milan\OneDrive\Desktop\E-commerce-Project\.venv\Lib\site-packages\django\db\backends\mysql\base.py", line 76, in execute
    return self.cursor.execute(query, args)
           ~~~~~~~~~~~~~~~~~~~^^^^^^^^^^^^^
  File "C:\Users\milan\OneDrive\Desktop\E-commerce-Project\.venv\Lib\site-packages\MySQLdb\cursors.py", line 179, in execute
    res = self._query(mogrified_query)
  File "C:\Users\milan\OneDrive\Desktop\E-commerce-Project\.venv\Lib\site-packages\MySQLdb\cursors.py", line 330, in _query
    db.query(q)
    ~~~~~~~~^^^
  File "C:\Users\milan\OneDrive\Desktop\E-commerce-Project\.venv\Lib\site-packages\MySQLdb\connections.py", line 286, in query
    _mysql.connection.query(self, query)
    ~~~~~~~~~~~~~~~~~~~~~~~^^^^^^^^^^^^^
django.db.utils.OperationalError: (1054, "Unknown column 'accounts_customuser.can_view_audit_trail' in 'field list'")

During handling of the above exception, another exception occurred:

Traceback (most recent call last):
  File "C:\Users\milan\OneDrive\Desktop\E-commerce-Project\.venv\Lib\site-packages\django\db\backends\utils.py", line 105, in _execute
    return self.cursor.execute(sql, params)
           ~~~~~~~~~~~~~~~~~~~^^^^^^^^^^^^^
  File "C:\Users\milan\OneDrive\Desktop\E-commerce-Project\.venv\Lib\site-packages\django\db\backends\mysql\base.py", line 76, in execute
    return self.cursor.execute(query, args)
           ~~~~~~~~~~~~~~~~~~~^^^^^^^^^^^^^
  File "C:\Users\milan\OneDrive\Desktop\E-commerce-Project\.venv\Lib\site-packages\MySQLdb\cursors.py", line 179, in execute
    res = self._query(mogrified_query)
  File "C:\Users\milan\OneDrive\Desktop\E-commerce-Project\.venv\Lib\site-packages\MySQLdb\cursors.py", line 330, in _query
    db.query(q)
    ~~~~~~~~^^^
  File "C:\Users\milan\OneDrive\Desktop\E-commerce-Project\.venv\Lib\site-packages\MySQLdb\connections.py", line 286, in query
    _mysql.connection.query(self, query)
    ~~~~~~~~~~~~~~~~~~~~~~~^^^^^^^^^^^^^
MySQLdb.OperationalError: (1054, "Unknown column 'accounts_customuser.can_view_audit_trail' in 'field list'")

The above exception was the direct cause of the following exception:

Traceback (most recent call last):
  File "C:\Users\milan\OneDrive\Desktop\E-commerce-Project\myproject\sentinel\services.py", line 150, in log_event
    if candidate is not None and getattr(candidate, 'is_authenticated', False):
                                 ~~~~~~~^^^^^^^^^^^^^^^^^^^^^^^^^^^^^^^^^^^^^^
  File "C:\Users\milan\OneDrive\Desktop\E-commerce-Project\.venv\Lib\site-packages\django\utils\functional.py", line 251, in inner
    self._setup()
    ~~~~~~~~~~~^^
  File "C:\Users\milan\OneDrive\Desktop\E-commerce-Project\.venv\Lib\site-packages\django\utils\functional.py", line 404, in _setup
    self._wrapped = self._setupfunc()
                    ~~~~~~~~~~~~~~~^^
  File "C:\Users\milan\OneDrive\Desktop\E-commerce-Project\.venv\Lib\site-packages\django\contrib\auth\middleware.py", line 39, in <lambda>
    request.user = SimpleLazyObject(lambda: get_user(request))
                                            ~~~~~~~~^^^^^^^^^
  File "C:\Users\milan\OneDrive\Desktop\E-commerce-Project\.venv\Lib\site-packages\django\contrib\auth\middleware.py", line 19, in get_user
    request._cached_user = auth.get_user(request)
                           ~~~~~~~~~~~~~^^^^^^^^^
  File "C:\Users\milan\OneDrive\Desktop\E-commerce-Project\.venv\Lib\site-packages\django\contrib\auth\__init__.py", line 311, in get_user
    user = backend.get_user(user_id)
  File "C:\Users\milan\OneDrive\Desktop\E-commerce-Project\.venv\Lib\site-packages\django\contrib\auth\backends.py", line 232, in get_user
    user = UserModel._default_manager.get(pk=user_id)
  File "C:\Users\milan\OneDrive\Desktop\E-commerce-Project\.venv\Lib\site-packages\django\db\models\manager.py", line 87, in manager_method
    return getattr(self.get_queryset(), name)(*args, **kwargs)
           ~~~~~~~~~~~~~~~~~~~~~~~~~~~~~~~~~~^^^^^^^^^^^^^^^^^
  File "C:\Users\milan\OneDrive\Desktop\E-commerce-Project\.venv\Lib\site-packages\django\db\models\query.py", line 629, in get
    num = len(clone)
  File "C:\Users\milan\OneDrive\Desktop\E-commerce-Project\.venv\Lib\site-packages\django\db\models\query.py", line 366, in __len__
    self._fetch_all()
    ~~~~~~~~~~~~~~~^^
  File "C:\Users\milan\OneDrive\Desktop\E-commerce-Project\.venv\Lib\site-packages\django\db\models\query.py", line 1935, in _fetch_all
    self._result_cache = list(self._iterable_class(self))
                         ~~~~^^^^^^^^^^^^^^^^^^^^^^^^^^^^
  File "C:\Users\milan\OneDrive\Desktop\E-commerce-Project\.venv\Lib\site-packages\django\db\models\query.py", line 91, in __iter__
    results = compiler.execute_sql(
        chunked_fetch=self.chunked_fetch, chunk_size=self.chunk_size
    )
  File "C:\Users\milan\OneDrive\Desktop\E-commerce-Project\.venv\Lib\site-packages\django\db\models\sql\compiler.py", line 1622, in execute_sql
    cursor.execute(sql, params)
    ~~~~~~~~~~~~~~^^^^^^^^^^^^^
  File "C:\Users\milan\OneDrive\Desktop\E-commerce-Project\.venv\Lib\site-packages\django\db\backends\utils.py", line 79, in execute
    return self._execute_with_wrappers(
           ~~~~~~~~~~~~~~~~~~~~~~~~~~~^
        sql, params, many=False, executor=self._execute
        ^^^^^^^^^^^^^^^^^^^^^^^^^^^^^^^^^^^^^^^^^^^^^^^
    )
    ^
  File "C:\Users\milan\OneDrive\Desktop\E-commerce-Project\.venv\Lib\site-packages\django\db\backends\utils.py", line 92, in _execute_with_wrappers
    return executor(sql, params, many, context)
  File "C:\Users\milan\OneDrive\Desktop\E-commerce-Project\.venv\Lib\site-packages\django\db\backends\utils.py", line 100, in _execute
    with self.db.wrap_database_errors:
         ^^^^^^^^^^^^^^^^^^^^^^^^^^^^
  File "C:\Users\milan\OneDrive\Desktop\E-commerce-Project\.venv\Lib\site-packages\django\db\utils.py", line 91, in __exit__
    raise dj_exc_value.with_traceback(traceback) from exc_value
  File "C:\Users\milan\OneDrive\Desktop\E-commerce-Project\.venv\Lib\site-packages\django\db\backends\utils.py", line 105, in _execute
    return self.cursor.execute(sql, params)
           ~~~~~~~~~~~~~~~~~~~^^^^^^^^^^^^^
  File "C:\Users\milan\OneDrive\Desktop\E-commerce-Project\.venv\Lib\site-packages\django\db\backends\mysql\base.py", line 76, in execute
    return self.cursor.execute(query, args)
           ~~~~~~~~~~~~~~~~~~~^^^^^^^^^^^^^
  File "C:\Users\milan\OneDrive\Desktop\E-commerce-Project\.venv\Lib\site-packages\MySQLdb\cursors.py", line 179, in execute
    res = self._query(mogrified_query)
  File "C:\Users\milan\OneDrive\Desktop\E-commerce-Project\.venv\Lib\site-packages\MySQLdb\cursors.py", line 330, in _query
    db.query(q)
    ~~~~~~~~^^^
  File "C:\Users\milan\OneDrive\Desktop\E-commerce-Project\.venv\Lib\site-packages\MySQLdb\connections.py", line 286, in query
    _mysql.connection.query(self, query)
    ~~~~~~~~~~~~~~~~~~~~~~~^^^^^^^^^^^^^
django.db.utils.OperationalError: (1054, "Unknown column 'accounts_customuser.can_view_audit_trail' in 'field list'")
[ERROR] 2026-08-03 15:17:20 services.log_event:221 Sentinel failed to record event: OperationalError in /chat/api/unread-count/
Traceback (most recent call last):
  File "C:\Users\milan\OneDrive\Desktop\E-commerce-Project\.venv\Lib\site-packages\django\db\backends\utils.py", line 105, in _execute
    return self.cursor.execute(sql, params)
           ~~~~~~~~~~~~~~~~~~~^^^^^^^^^^^^^
  File "C:\Users\milan\OneDrive\Desktop\E-commerce-Project\.venv\Lib\site-packages\django\db\backends\mysql\base.py", line 76, in execute
    return self.cursor.execute(query, args)
           ~~~~~~~~~~~~~~~~~~~^^^^^^^^^^^^^
  File "C:\Users\milan\OneDrive\Desktop\E-commerce-Project\.venv\Lib\site-packages\MySQLdb\cursors.py", line 179, in execute
    res = self._query(mogrified_query)
  File "C:\Users\milan\OneDrive\Desktop\E-commerce-Project\.venv\Lib\site-packages\MySQLdb\cursors.py", line 330, in _query
    db.query(q)
    ~~~~~~~~^^^
  File "C:\Users\milan\OneDrive\Desktop\E-commerce-Project\.venv\Lib\site-packages\MySQLdb\connections.py", line 286, in query
    _mysql.connection.query(self, query)
    ~~~~~~~~~~~~~~~~~~~~~~~^^^^^^^^^^^^^
MySQLdb.OperationalError: (1054, "Unknown column 'accounts_customuser.can_view_audit_trail' in 'field list'")

The above exception was the direct cause of the following exception:

Traceback (most recent call last):
  File "C:\Users\milan\OneDrive\Desktop\E-commerce-Project\.venv\Lib\site-packages\django\core\handlers\base.py", line 197, in _get_response
    response = wrapped_callback(request, *callback_args, **callback_kwargs)
  File "C:\Users\milan\OneDrive\Desktop\E-commerce-Project\.venv\Lib\site-packages\django\views\decorators\http.py", line 64, in inner
    return func(request, *args, **kwargs)
  File "C:\Users\milan\OneDrive\Desktop\E-commerce-Project\myproject\chat\views.py", line 275, in api_unread_count
    if not request.user.is_authenticated:
           ^^^^^^^^^^^^^^^^^^^^^^^^^^^^^
  File "C:\Users\milan\OneDrive\Desktop\E-commerce-Project\.venv\Lib\site-packages\django\utils\functional.py", line 251, in inner
    self._setup()
    ~~~~~~~~~~~^^
  File "C:\Users\milan\OneDrive\Desktop\E-commerce-Project\.venv\Lib\site-packages\django\utils\functional.py", line 404, in _setup
    self._wrapped = self._setupfunc()
                    ~~~~~~~~~~~~~~~^^
  File "C:\Users\milan\OneDrive\Desktop\E-commerce-Project\.venv\Lib\site-packages\django\contrib\auth\middleware.py", line 39, in <lambda>
    request.user = SimpleLazyObject(lambda: get_user(request))
                                            ~~~~~~~~^^^^^^^^^
  File "C:\Users\milan\OneDrive\Desktop\E-commerce-Project\.venv\Lib\site-packages\django\contrib\auth\middleware.py", line 19, in get_user
    request._cached_user = auth.get_user(request)
                           ~~~~~~~~~~~~~^^^^^^^^^
  File "C:\Users\milan\OneDrive\Desktop\E-commerce-Project\.venv\Lib\site-packages\django\contrib\auth\__init__.py", line 311, in get_user
    user = backend.get_user(user_id)
  File "C:\Users\milan\OneDrive\Desktop\E-commerce-Project\.venv\Lib\site-packages\django\contrib\auth\backends.py", line 232, in get_user
    user = UserModel._default_manager.get(pk=user_id)
  File "C:\Users\milan\OneDrive\Desktop\E-commerce-Project\.venv\Lib\site-packages\django\db\models\manager.py", line 87, in manager_method
    return getattr(self.get_queryset(), name)(*args, **kwargs)
           ~~~~~~~~~~~~~~~~~~~~~~~~~~~~~~~~~~^^^^^^^^^^^^^^^^^
  File "C:\Users\milan\OneDrive\Desktop\E-commerce-Project\.venv\Lib\site-packages\django\db\models\query.py", line 629, in get
    num = len(clone)
  File "C:\Users\milan\OneDrive\Desktop\E-commerce-Project\.venv\Lib\site-packages\django\db\models\query.py", line 366, in __len__
    self._fetch_all()
    ~~~~~~~~~~~~~~~^^
  File "C:\Users\milan\OneDrive\Desktop\E-commerce-Project\.venv\Lib\site-packages\django\db\models\query.py", line 1935, in _fetch_all
    self._result_cache = list(self._iterable_class(self))
                         ~~~~^^^^^^^^^^^^^^^^^^^^^^^^^^^^
  File "C:\Users\milan\OneDrive\Desktop\E-commerce-Project\.venv\Lib\site-packages\django\db\models\query.py", line 91, in __iter__
    results = compiler.execute_sql(
        chunked_fetch=self.chunked_fetch, chunk_size=self.chunk_size
    )
  File "C:\Users\milan\OneDrive\Desktop\E-commerce-Project\.venv\Lib\site-packages\django\db\models\sql\compiler.py", line 1622, in execute_sql
    cursor.execute(sql, params)
    ~~~~~~~~~~~~~~^^^^^^^^^^^^^
  File "C:\Users\milan\OneDrive\Desktop\E-commerce-Project\.venv\Lib\site-packages\django\db\backends\utils.py", line 79, in execute
    return self._execute_with_wrappers(
           ~~~~~~~~~~~~~~~~~~~~~~~~~~~^
        sql, params, many=False, executor=self._execute
        ^^^^^^^^^^^^^^^^^^^^^^^^^^^^^^^^^^^^^^^^^^^^^^^
    )
    ^
  File "C:\Users\milan\OneDrive\Desktop\E-commerce-Project\.venv\Lib\site-packages\django\db\backends\utils.py", line 92, in _execute_with_wrappers
    return executor(sql, params, many, context)
  File "C:\Users\milan\OneDrive\Desktop\E-commerce-Project\.venv\Lib\site-packages\django\db\backends\utils.py", line 100, in _execute
    with self.db.wrap_database_errors:
         ^^^^^^^^^^^^^^^^^^^^^^^^^^^^
  File "C:\Users\milan\OneDrive\Desktop\E-commerce-Project\.venv\Lib\site-packages\django\db\utils.py", line 91, in __exit__
    raise dj_exc_value.with_traceback(traceback) from exc_value
  File "C:\Users\milan\OneDrive\Desktop\E-commerce-Project\.venv\Lib\site-packages\django\db\backends\utils.py", line 105, in _execute
    return self.cursor.execute(sql, params)
           ~~~~~~~~~~~~~~~~~~~^^^^^^^^^^^^^
  File "C:\Users\milan\OneDrive\Desktop\E-commerce-Project\.venv\Lib\site-packages\django\db\backends\mysql\base.py", line 76, in execute
    return self.cursor.execute(query, args)
           ~~~~~~~~~~~~~~~~~~~^^^^^^^^^^^^^
  File "C:\Users\milan\OneDrive\Desktop\E-commerce-Project\.venv\Lib\site-packages\MySQLdb\cursors.py", line 179, in execute
    res = self._query(mogrified_query)
  File "C:\Users\milan\OneDrive\Desktop\E-commerce-Project\.venv\Lib\site-packages\MySQLdb\cursors.py", line 330, in _query
    db.query(q)
    ~~~~~~~~^^^
  File "C:\Users\milan\OneDrive\Desktop\E-commerce-Project\.venv\Lib\site-packages\MySQLdb\connections.py", line 286, in query
    _mysql.connection.query(self, query)
    ~~~~~~~~~~~~~~~~~~~~~~~^^^^^^^^^^^^^
django.db.utils.OperationalError: (1054, "Unknown column 'accounts_customuser.can_view_audit_trail' in 'field list'")

During handling of the above exception, another exception occurred:

Traceback (most recent call last):
  File "C:\Users\milan\OneDrive\Desktop\E-commerce-Project\.venv\Lib\site-packages\django\db\backends\utils.py", line 105, in _execute
    return self.cursor.execute(sql, params)
           ~~~~~~~~~~~~~~~~~~~^^^^^^^^^^^^^
  File "C:\Users\milan\OneDrive\Desktop\E-commerce-Project\.venv\Lib\site-packages\django\db\backends\mysql\base.py", line 76, in execute
    return self.cursor.execute(query, args)
           ~~~~~~~~~~~~~~~~~~~^^^^^^^^^^^^^
  File "C:\Users\milan\OneDrive\Desktop\E-commerce-Project\.venv\Lib\site-packages\MySQLdb\cursors.py", line 179, in execute
    res = self._query(mogrified_query)
  File "C:\Users\milan\OneDrive\Desktop\E-commerce-Project\.venv\Lib\site-packages\MySQLdb\cursors.py", line 330, in _query
    db.query(q)
    ~~~~~~~~^^^
  File "C:\Users\milan\OneDrive\Desktop\E-commerce-Project\.venv\Lib\site-packages\MySQLdb\connections.py", line 286, in query
    _mysql.connection.query(self, query)
    ~~~~~~~~~~~~~~~~~~~~~~~^^^^^^^^^^^^^
MySQLdb.OperationalError: (1054, "Unknown column 'accounts_customuser.can_view_audit_trail' in 'field list'")

The above exception was the direct cause of the following exception:

Traceback (most recent call last):
  File "C:\Users\milan\OneDrive\Desktop\E-commerce-Project\myproject\sentinel\services.py", line 150, in log_event
    if candidate is not None and getattr(candidate, 'is_authenticated', False):
                                 ~~~~~~~^^^^^^^^^^^^^^^^^^^^^^^^^^^^^^^^^^^^^^
  File "C:\Users\milan\OneDrive\Desktop\E-commerce-Project\.venv\Lib\site-packages\django\utils\functional.py", line 251, in inner
    self._setup()
    ~~~~~~~~~~~^^
  File "C:\Users\milan\OneDrive\Desktop\E-commerce-Project\.venv\Lib\site-packages\django\utils\functional.py", line 404, in _setup
    self._wrapped = self._setupfunc()
                    ~~~~~~~~~~~~~~~^^
  File "C:\Users\milan\OneDrive\Desktop\E-commerce-Project\.venv\Lib\site-packages\django\contrib\auth\middleware.py", line 39, in <lambda>
    request.user = SimpleLazyObject(lambda: get_user(request))
                                            ~~~~~~~~^^^^^^^^^
  File "C:\Users\milan\OneDrive\Desktop\E-commerce-Project\.venv\Lib\site-packages\django\contrib\auth\middleware.py", line 19, in get_user
    request._cached_user = auth.get_user(request)
                           ~~~~~~~~~~~~~^^^^^^^^^
  File "C:\Users\milan\OneDrive\Desktop\E-commerce-Project\.venv\Lib\site-packages\django\contrib\auth\__init__.py", line 311, in get_user
    user = backend.get_user(user_id)
  File "C:\Users\milan\OneDrive\Desktop\E-commerce-Project\.venv\Lib\site-packages\django\contrib\auth\backends.py", line 232, in get_user
    user = UserModel._default_manager.get(pk=user_id)
  File "C:\Users\milan\OneDrive\Desktop\E-commerce-Project\.venv\Lib\site-packages\django\db\models\manager.py", line 87, in manager_method
    return getattr(self.get_queryset(), name)(*args, **kwargs)
           ~~~~~~~~~~~~~~~~~~~~~~~~~~~~~~~~~~^^^^^^^^^^^^^^^^^
  File "C:\Users\milan\OneDrive\Desktop\E-commerce-Project\.venv\Lib\site-packages\django\db\models\query.py", line 629, in get
    num = len(clone)
  File "C:\Users\milan\OneDrive\Desktop\E-commerce-Project\.venv\Lib\site-packages\django\db\models\query.py", line 366, in __len__
    self._fetch_all()
    ~~~~~~~~~~~~~~~^^
  File "C:\Users\milan\OneDrive\Desktop\E-commerce-Project\.venv\Lib\site-packages\django\db\models\query.py", line 1935, in _fetch_all
    self._result_cache = list(self._iterable_class(self))
                         ~~~~^^^^^^^^^^^^^^^^^^^^^^^^^^^^
  File "C:\Users\milan\OneDrive\Desktop\E-commerce-Project\.venv\Lib\site-packages\django\db\models\query.py", line 91, in __iter__
    results = compiler.execute_sql(
        chunked_fetch=self.chunked_fetch, chunk_size=self.chunk_size
    )
  File "C:\Users\milan\OneDrive\Desktop\E-commerce-Project\.venv\Lib\site-packages\django\db\models\sql\compiler.py", line 1622, in execute_sql
    cursor.execute(sql, params)
    ~~~~~~~~~~~~~~^^^^^^^^^^^^^
  File "C:\Users\milan\OneDrive\Desktop\E-commerce-Project\.venv\Lib\site-packages\django\db\backends\utils.py", line 79, in execute
    return self._execute_with_wrappers(
           ~~~~~~~~~~~~~~~~~~~~~~~~~~~^
        sql, params, many=False, executor=self._execute
        ^^^^^^^^^^^^^^^^^^^^^^^^^^^^^^^^^^^^^^^^^^^^^^^
    )
    ^
  File "C:\Users\milan\OneDrive\Desktop\E-commerce-Project\.venv\Lib\site-packages\django\db\backends\utils.py", line 92, in _execute_with_wrappers
    return executor(sql, params, many, context)
  File "C:\Users\milan\OneDrive\Desktop\E-commerce-Project\.venv\Lib\site-packages\django\db\backends\utils.py", line 100, in _execute
    with self.db.wrap_database_errors:
         ^^^^^^^^^^^^^^^^^^^^^^^^^^^^
  File "C:\Users\milan\OneDrive\Desktop\E-commerce-Project\.venv\Lib\site-packages\django\db\utils.py", line 91, in __exit__
    raise dj_exc_value.with_traceback(traceback) from exc_value
  File "C:\Users\milan\OneDrive\Desktop\E-commerce-Project\.venv\Lib\site-packages\django\db\backends\utils.py", line 105, in _execute
    return self.cursor.execute(sql, params)
           ~~~~~~~~~~~~~~~~~~~^^^^^^^^^^^^^
  File "C:\Users\milan\OneDrive\Desktop\E-commerce-Project\.venv\Lib\site-packages\django\db\backends\mysql\base.py", line 76, in execute
    return self.cursor.execute(query, args)
           ~~~~~~~~~~~~~~~~~~~^^^^^^^^^^^^^
  File "C:\Users\milan\OneDrive\Desktop\E-commerce-Project\.venv\Lib\site-packages\MySQLdb\cursors.py", line 179, in execute
    res = self._query(mogrified_query)
  File "C:\Users\milan\OneDrive\Desktop\E-commerce-Project\.venv\Lib\site-packages\MySQLdb\cursors.py", line 330, in _query
    db.query(q)
    ~~~~~~~~^^^
  File "C:\Users\milan\OneDrive\Desktop\E-commerce-Project\.venv\Lib\site-packages\MySQLdb\connections.py", line 286, in query
    _mysql.connection.query(self, query)
    ~~~~~~~~~~~~~~~~~~~~~~~^^^^^^^^^^^^^
django.db.utils.OperationalError: (1054, "Unknown column 'accounts_customuser.can_view_audit_trail' in 'field list'")
[ERROR] 2026-08-03 15:17:20 services.log_event:221 Sentinel failed to record event: OperationalError in /api/active-notice/
Traceback (most recent call last):
  File "C:\Users\milan\OneDrive\Desktop\E-commerce-Project\.venv\Lib\site-packages\django\db\backends\utils.py", line 105, in _execute
    return self.cursor.execute(sql, params)
           ~~~~~~~~~~~~~~~~~~~^^^^^^^^^^^^^
  File "C:\Users\milan\OneDrive\Desktop\E-commerce-Project\.venv\Lib\site-packages\django\db\backends\mysql\base.py", line 76, in execute
    return self.cursor.execute(query, args)
           ~~~~~~~~~~~~~~~~~~~^^^^^^^^^^^^^
  File "C:\Users\milan\OneDrive\Desktop\E-commerce-Project\.venv\Lib\site-packages\MySQLdb\cursors.py", line 179, in execute
    res = self._query(mogrified_query)
  File "C:\Users\milan\OneDrive\Desktop\E-commerce-Project\.venv\Lib\site-packages\MySQLdb\cursors.py", line 330, in _query
    db.query(q)
    ~~~~~~~~^^^
  File "C:\Users\milan\OneDrive\Desktop\E-commerce-Project\.venv\Lib\site-packages\MySQLdb\connections.py", line 286, in query
    _mysql.connection.query(self, query)
    ~~~~~~~~~~~~~~~~~~~~~~~^^^^^^^^^^^^^
MySQLdb.OperationalError: (1054, "Unknown column 'accounts_customuser.can_view_audit_trail' in 'field list'")

The above exception was the direct cause of the following exception:

Traceback (most recent call last):
  File "C:\Users\milan\OneDrive\Desktop\E-commerce-Project\.venv\Lib\site-packages\django\core\handlers\base.py", line 197, in _get_response
    response = wrapped_callback(request, *callback_args, **callback_kwargs)
  File "C:\Users\milan\OneDrive\Desktop\E-commerce-Project\.venv\Lib\site-packages\django\contrib\auth\decorators.py", line 56, in _view_wrapper
    test_pass = test_func(request.user)
  File "C:\Users\milan\OneDrive\Desktop\E-commerce-Project\.venv\Lib\site-packages\django\contrib\auth\decorators.py", line 79, in <lambda>
    lambda u: u.is_authenticated,
              ^^^^^^^^^^^^^^^^^^
  File "C:\Users\milan\OneDrive\Desktop\E-commerce-Project\.venv\Lib\site-packages\django\utils\functional.py", line 251, in inner
    self._setup()
    ~~~~~~~~~~~^^
  File "C:\Users\milan\OneDrive\Desktop\E-commerce-Project\.venv\Lib\site-packages\django\utils\functional.py", line 404, in _setup
    self._wrapped = self._setupfunc()
                    ~~~~~~~~~~~~~~~^^
  File "C:\Users\milan\OneDrive\Desktop\E-commerce-Project\.venv\Lib\site-packages\django\contrib\auth\middleware.py", line 39, in <lambda>
    request.user = SimpleLazyObject(lambda: get_user(request))
                                            ~~~~~~~~^^^^^^^^^
  File "C:\Users\milan\OneDrive\Desktop\E-commerce-Project\.venv\Lib\site-packages\django\contrib\auth\middleware.py", line 19, in get_user
    request._cached_user = auth.get_user(request)
                           ~~~~~~~~~~~~~^^^^^^^^^
  File "C:\Users\milan\OneDrive\Desktop\E-commerce-Project\.venv\Lib\site-packages\django\contrib\auth\__init__.py", line 311, in get_user
    user = backend.get_user(user_id)
  File "C:\Users\milan\OneDrive\Desktop\E-commerce-Project\.venv\Lib\site-packages\django\contrib\auth\backends.py", line 232, in get_user
    user = UserModel._default_manager.get(pk=user_id)
  File "C:\Users\milan\OneDrive\Desktop\E-commerce-Project\.venv\Lib\site-packages\django\db\models\manager.py", line 87, in manager_method
    return getattr(self.get_queryset(), name)(*args, **kwargs)
           ~~~~~~~~~~~~~~~~~~~~~~~~~~~~~~~~~~^^^^^^^^^^^^^^^^^
  File "C:\Users\milan\OneDrive\Desktop\E-commerce-Project\.venv\Lib\site-packages\django\db\models\query.py", line 629, in get
    num = len(clone)
  File "C:\Users\milan\OneDrive\Desktop\E-commerce-Project\.venv\Lib\site-packages\django\db\models\query.py", line 366, in __len__
    self._fetch_all()
    ~~~~~~~~~~~~~~~^^
  File "C:\Users\milan\OneDrive\Desktop\E-commerce-Project\.venv\Lib\site-packages\django\db\models\query.py", line 1935, in _fetch_all
    self._result_cache = list(self._iterable_class(self))
                         ~~~~^^^^^^^^^^^^^^^^^^^^^^^^^^^^
  File "C:\Users\milan\OneDrive\Desktop\E-commerce-Project\.venv\Lib\site-packages\django\db\models\query.py", line 91, in __iter__
    results = compiler.execute_sql(
        chunked_fetch=self.chunked_fetch, chunk_size=self.chunk_size
    )
  File "C:\Users\milan\OneDrive\Desktop\E-commerce-Project\.venv\Lib\site-packages\django\db\models\sql\compiler.py", line 1622, in execute_sql
    cursor.execute(sql, params)
    ~~~~~~~~~~~~~~^^^^^^^^^^^^^
  File "C:\Users\milan\OneDrive\Desktop\E-commerce-Project\.venv\Lib\site-packages\django\db\backends\utils.py", line 79, in execute
    return self._execute_with_wrappers(
           ~~~~~~~~~~~~~~~~~~~~~~~~~~~^
        sql, params, many=False, executor=self._execute
        ^^^^^^^^^^^^^^^^^^^^^^^^^^^^^^^^^^^^^^^^^^^^^^^
    )
    ^
  File "C:\Users\milan\OneDrive\Desktop\E-commerce-Project\.venv\Lib\site-packages\django\db\backends\utils.py", line 92, in _execute_with_wrappers
    return executor(sql, params, many, context)
  File "C:\Users\milan\OneDrive\Desktop\E-commerce-Project\.venv\Lib\site-packages\django\db\backends\utils.py", line 100, in _execute
    with self.db.wrap_database_errors:
         ^^^^^^^^^^^^^^^^^^^^^^^^^^^^
  File "C:\Users\milan\OneDrive\Desktop\E-commerce-Project\.venv\Lib\site-packages\django\db\utils.py", line 91, in __exit__
    raise dj_exc_value.with_traceback(traceback) from exc_value
  File "C:\Users\milan\OneDrive\Desktop\E-commerce-Project\.venv\Lib\site-packages\django\db\backends\utils.py", line 105, in _execute
    return self.cursor.execute(sql, params)
           ~~~~~~~~~~~~~~~~~~~^^^^^^^^^^^^^
  File "C:\Users\milan\OneDrive\Desktop\E-commerce-Project\.venv\Lib\site-packages\django\db\backends\mysql\base.py", line 76, in execute
    return self.cursor.execute(query, args)
           ~~~~~~~~~~~~~~~~~~~^^^^^^^^^^^^^
  File "C:\Users\milan\OneDrive\Desktop\E-commerce-Project\.venv\Lib\site-packages\MySQLdb\cursors.py", line 179, in execute
    res = self._query(mogrified_query)
  File "C:\Users\milan\OneDrive\Desktop\E-commerce-Project\.venv\Lib\site-packages\MySQLdb\cursors.py", line 330, in _query
    db.query(q)
    ~~~~~~~~^^^
  File "C:\Users\milan\OneDrive\Desktop\E-commerce-Project\.venv\Lib\site-packages\MySQLdb\connections.py", line 286, in query
    _mysql.connection.query(self, query)
    ~~~~~~~~~~~~~~~~~~~~~~~^^^^^^^^^^^^^
django.db.utils.OperationalError: (1054, "Unknown column 'accounts_customuser.can_view_audit_trail' in 'field list'")

During handling of the above exception, another exception occurred:

Traceback (most recent call last):
  File "C:\Users\milan\OneDrive\Desktop\E-commerce-Project\.venv\Lib\site-packages\django\db\backends\utils.py", line 105, in _execute
    return self.cursor.execute(sql, params)
           ~~~~~~~~~~~~~~~~~~~^^^^^^^^^^^^^
  File "C:\Users\milan\OneDrive\Desktop\E-commerce-Project\.venv\Lib\site-packages\django\db\backends\mysql\base.py", line 76, in execute
    return self.cursor.execute(query, args)
           ~~~~~~~~~~~~~~~~~~~^^^^^^^^^^^^^
  File "C:\Users\milan\OneDrive\Desktop\E-commerce-Project\.venv\Lib\site-packages\MySQLdb\cursors.py", line 179, in execute
    res = self._query(mogrified_query)
  File "C:\Users\milan\OneDrive\Desktop\E-commerce-Project\.venv\Lib\site-packages\MySQLdb\cursors.py", line 330, in _query
    db.query(q)
    ~~~~~~~~^^^
  File "C:\Users\milan\OneDrive\Desktop\E-commerce-Project\.venv\Lib\site-packages\MySQLdb\connections.py", line 286, in query
    _mysql.connection.query(self, query)
    ~~~~~~~~~~~~~~~~~~~~~~~^^^^^^^^^^^^^
MySQLdb.OperationalError: (1054, "Unknown column 'accounts_customuser.can_view_audit_trail' in 'field list'")

The above exception was the direct cause of the following exception:

Traceback (most recent call last):
  File "C:\Users\milan\OneDrive\Desktop\E-commerce-Project\myproject\sentinel\services.py", line 150, in log_event
    if candidate is not None and getattr(candidate, 'is_authenticated', False):
                                 ~~~~~~~^^^^^^^^^^^^^^^^^^^^^^^^^^^^^^^^^^^^^^
  File "C:\Users\milan\OneDrive\Desktop\E-commerce-Project\.venv\Lib\site-packages\django\utils\functional.py", line 251, in inner
    self._setup()
    ~~~~~~~~~~~^^
  File "C:\Users\milan\OneDrive\Desktop\E-commerce-Project\.venv\Lib\site-packages\django\utils\functional.py", line 404, in _setup
    self._wrapped = self._setupfunc()
                    ~~~~~~~~~~~~~~~^^
  File "C:\Users\milan\OneDrive\Desktop\E-commerce-Project\.venv\Lib\site-packages\django\contrib\auth\middleware.py", line 39, in <lambda>
    request.user = SimpleLazyObject(lambda: get_user(request))
                                            ~~~~~~~~^^^^^^^^^
  File "C:\Users\milan\OneDrive\Desktop\E-commerce-Project\.venv\Lib\site-packages\django\contrib\auth\middleware.py", line 19, in get_user
    request._cached_user = auth.get_user(request)
                           ~~~~~~~~~~~~~^^^^^^^^^
  File "C:\Users\milan\OneDrive\Desktop\E-commerce-Project\.venv\Lib\site-packages\django\contrib\auth\__init__.py", line 311, in get_user
    user = backend.get_user(user_id)
  File "C:\Users\milan\OneDrive\Desktop\E-commerce-Project\.venv\Lib\site-packages\django\contrib\auth\backends.py", line 232, in get_user
    user = UserModel._default_manager.get(pk=user_id)
  File "C:\Users\milan\OneDrive\Desktop\E-commerce-Project\.venv\Lib\site-packages\django\db\models\manager.py", line 87, in manager_method
    return getattr(self.get_queryset(), name)(*args, **kwargs)
           ~~~~~~~~~~~~~~~~~~~~~~~~~~~~~~~~~~^^^^^^^^^^^^^^^^^
  File "C:\Users\milan\OneDrive\Desktop\E-commerce-Project\.venv\Lib\site-packages\django\db\models\query.py", line 629, in get
    num = len(clone)
  File "C:\Users\milan\OneDrive\Desktop\E-commerce-Project\.venv\Lib\site-packages\django\db\models\query.py", line 366, in __len__
    self._fetch_all()
    ~~~~~~~~~~~~~~~^^
  File "C:\Users\milan\OneDrive\Desktop\E-commerce-Project\.venv\Lib\site-packages\django\db\models\query.py", line 1935, in _fetch_all
    self._result_cache = list(self._iterable_class(self))
                         ~~~~^^^^^^^^^^^^^^^^^^^^^^^^^^^^
  File "C:\Users\milan\OneDrive\Desktop\E-commerce-Project\.venv\Lib\site-packages\django\db\models\query.py", line 91, in __iter__
    results = compiler.execute_sql(
        chunked_fetch=self.chunked_fetch, chunk_size=self.chunk_size
    )
  File "C:\Users\milan\OneDrive\Desktop\E-commerce-Project\.venv\Lib\site-packages\django\db\models\sql\compiler.py", line 1622, in execute_sql
    cursor.execute(sql, params)
    ~~~~~~~~~~~~~~^^^^^^^^^^^^^
  File "C:\Users\milan\OneDrive\Desktop\E-commerce-Project\.venv\Lib\site-packages\django\db\backends\utils.py", line 79, in execute
    return self._execute_with_wrappers(
           ~~~~~~~~~~~~~~~~~~~~~~~~~~~^
        sql, params, many=False, executor=self._execute
        ^^^^^^^^^^^^^^^^^^^^^^^^^^^^^^^^^^^^^^^^^^^^^^^
    )
    ^
  File "C:\Users\milan\OneDrive\Desktop\E-commerce-Project\.venv\Lib\site-packages\django\db\backends\utils.py", line 92, in _execute_with_wrappers
    return executor(sql, params, many, context)
  File "C:\Users\milan\OneDrive\Desktop\E-commerce-Project\.venv\Lib\site-packages\django\db\backends\utils.py", line 100, in _execute
    with self.db.wrap_database_errors:
         ^^^^^^^^^^^^^^^^^^^^^^^^^^^^
  File "C:\Users\milan\OneDrive\Desktop\E-commerce-Project\.venv\Lib\site-packages\django\db\utils.py", line 91, in __exit__
    raise dj_exc_value.with_traceback(traceback) from exc_value
  File "C:\Users\milan\OneDrive\Desktop\E-commerce-Project\.venv\Lib\site-packages\django\db\backends\utils.py", line 105, in _execute
    return self.cursor.execute(sql, params)
           ~~~~~~~~~~~~~~~~~~~^^^^^^^^^^^^^
  File "C:\Users\milan\OneDrive\Desktop\E-commerce-Project\.venv\Lib\site-packages\django\db\backends\mysql\base.py", line 76, in execute
    return self.cursor.execute(query, args)
           ~~~~~~~~~~~~~~~~~~~^^^^^^^^^^^^^
  File "C:\Users\milan\OneDrive\Desktop\E-commerce-Project\.venv\Lib\site-packages\MySQLdb\cursors.py", line 179, in execute
    res = self._query(mogrified_query)
  File "C:\Users\milan\OneDrive\Desktop\E-commerce-Project\.venv\Lib\site-packages\MySQLdb\cursors.py", line 330, in _query
    db.query(q)
    ~~~~~~~~^^^
  File "C:\Users\milan\OneDrive\Desktop\E-commerce-Project\.venv\Lib\site-packages\MySQLdb\connections.py", line 286, in query
    _mysql.connection.query(self, query)
    ~~~~~~~~~~~~~~~~~~~~~~~^^^^^^^^^^^^^
django.db.utils.OperationalError: (1054, "Unknown column 'accounts_customuser.can_view_audit_trail' in 'field list'")
[ERROR] 2026-08-03 15:17:20 services.log_event:221 Sentinel failed to record event: OperationalError in /hrm/attendance/incomplete/
Traceback (most recent call last):
  File "C:\Users\milan\OneDrive\Desktop\E-commerce-Project\.venv\Lib\site-packages\django\db\backends\utils.py", line 105, in _execute
    return self.cursor.execute(sql, params)
           ~~~~~~~~~~~~~~~~~~~^^^^^^^^^^^^^
  File "C:\Users\milan\OneDrive\Desktop\E-commerce-Project\.venv\Lib\site-packages\django\db\backends\mysql\base.py", line 76, in execute
    return self.cursor.execute(query, args)
           ~~~~~~~~~~~~~~~~~~~^^^^^^^^^^^^^
  File "C:\Users\milan\OneDrive\Desktop\E-commerce-Project\.venv\Lib\site-packages\MySQLdb\cursors.py", line 179, in execute
    res = self._query(mogrified_query)
  File "C:\Users\milan\OneDrive\Desktop\E-commerce-Project\.venv\Lib\site-packages\MySQLdb\cursors.py", line 330, in _query
    db.query(q)
    ~~~~~~~~^^^
  File "C:\Users\milan\OneDrive\Desktop\E-commerce-Project\.venv\Lib\site-packages\MySQLdb\connections.py", line 286, in query
    _mysql.connection.query(self, query)
    ~~~~~~~~~~~~~~~~~~~~~~~^^^^^^^^^^^^^
MySQLdb.OperationalError: (1054, "Unknown column 'accounts_customuser.can_view_audit_trail' in 'field list'")

The above exception was the direct cause of the following exception:

Traceback (most recent call last):
  File "C:\Users\milan\OneDrive\Desktop\E-commerce-Project\.venv\Lib\site-packages\django\core\handlers\base.py", line 197, in _get_response
    response = wrapped_callback(request, *callback_args, **callback_kwargs)
  File "C:\Users\milan\OneDrive\Desktop\E-commerce-Project\.venv\Lib\site-packages\django\contrib\auth\decorators.py", line 56, in _view_wrapper
    test_pass = test_func(request.user)
  File "C:\Users\milan\OneDrive\Desktop\E-commerce-Project\.venv\Lib\site-packages\django\contrib\auth\decorators.py", line 79, in <lambda>
    lambda u: u.is_authenticated,
              ^^^^^^^^^^^^^^^^^^
  File "C:\Users\milan\OneDrive\Desktop\E-commerce-Project\.venv\Lib\site-packages\django\utils\functional.py", line 251, in inner
    self._setup()
    ~~~~~~~~~~~^^
  File "C:\Users\milan\OneDrive\Desktop\E-commerce-Project\.venv\Lib\site-packages\django\utils\functional.py", line 404, in _setup
    self._wrapped = self._setupfunc()
                    ~~~~~~~~~~~~~~~^^
  File "C:\Users\milan\OneDrive\Desktop\E-commerce-Project\.venv\Lib\site-packages\django\contrib\auth\middleware.py", line 39, in <lambda>
    request.user = SimpleLazyObject(lambda: get_user(request))
                                            ~~~~~~~~^^^^^^^^^
  File "C:\Users\milan\OneDrive\Desktop\E-commerce-Project\.venv\Lib\site-packages\django\contrib\auth\middleware.py", line 19, in get_user
    request._cached_user = auth.get_user(request)
                           ~~~~~~~~~~~~~^^^^^^^^^
  File "C:\Users\milan\OneDrive\Desktop\E-commerce-Project\.venv\Lib\site-packages\django\contrib\auth\__init__.py", line 311, in get_user
    user = backend.get_user(user_id)
  File "C:\Users\milan\OneDrive\Desktop\E-commerce-Project\.venv\Lib\site-packages\django\contrib\auth\backends.py", line 232, in get_user
    user = UserModel._default_manager.get(pk=user_id)
  File "C:\Users\milan\OneDrive\Desktop\E-commerce-Project\.venv\Lib\site-packages\django\db\models\manager.py", line 87, in manager_method
    return getattr(self.get_queryset(), name)(*args, **kwargs)
           ~~~~~~~~~~~~~~~~~~~~~~~~~~~~~~~~~~^^^^^^^^^^^^^^^^^
  File "C:\Users\milan\OneDrive\Desktop\E-commerce-Project\.venv\Lib\site-packages\django\db\models\query.py", line 629, in get
    num = len(clone)
  File "C:\Users\milan\OneDrive\Desktop\E-commerce-Project\.venv\Lib\site-packages\django\db\models\query.py", line 366, in __len__
    self._fetch_all()
    ~~~~~~~~~~~~~~~^^
  File "C:\Users\milan\OneDrive\Desktop\E-commerce-Project\.venv\Lib\site-packages\django\db\models\query.py", line 1935, in _fetch_all
    self._result_cache = list(self._iterable_class(self))
                         ~~~~^^^^^^^^^^^^^^^^^^^^^^^^^^^^
  File "C:\Users\milan\OneDrive\Desktop\E-commerce-Project\.venv\Lib\site-packages\django\db\models\query.py", line 91, in __iter__
    results = compiler.execute_sql(
        chunked_fetch=self.chunked_fetch, chunk_size=self.chunk_size
    )
  File "C:\Users\milan\OneDrive\Desktop\E-commerce-Project\.venv\Lib\site-packages\django\db\models\sql\compiler.py", line 1622, in execute_sql
    cursor.execute(sql, params)
    ~~~~~~~~~~~~~~^^^^^^^^^^^^^
  File "C:\Users\milan\OneDrive\Desktop\E-commerce-Project\.venv\Lib\site-packages\django\db\backends\utils.py", line 79, in execute
    return self._execute_with_wrappers(
           ~~~~~~~~~~~~~~~~~~~~~~~~~~~^
        sql, params, many=False, executor=self._execute
        ^^^^^^^^^^^^^^^^^^^^^^^^^^^^^^^^^^^^^^^^^^^^^^^
    )
    ^
  File "C:\Users\milan\OneDrive\Desktop\E-commerce-Project\.venv\Lib\site-packages\django\db\backends\utils.py", line 92, in _execute_with_wrappers
    return executor(sql, params, many, context)
  File "C:\Users\milan\OneDrive\Desktop\E-commerce-Project\.venv\Lib\site-packages\django\db\backends\utils.py", line 100, in _execute
    with self.db.wrap_database_errors:
         ^^^^^^^^^^^^^^^^^^^^^^^^^^^^
  File "C:\Users\milan\OneDrive\Desktop\E-commerce-Project\.venv\Lib\site-packages\django\db\utils.py", line 91, in __exit__
    raise dj_exc_value.with_traceback(traceback) from exc_value
  File "C:\Users\milan\OneDrive\Desktop\E-commerce-Project\.venv\Lib\site-packages\django\db\backends\utils.py", line 105, in _execute
    return self.cursor.execute(sql, params)
           ~~~~~~~~~~~~~~~~~~~^^^^^^^^^^^^^
  File "C:\Users\milan\OneDrive\Desktop\E-commerce-Project\.venv\Lib\site-packages\django\db\backends\mysql\base.py", line 76, in execute
    return self.cursor.execute(query, args)
           ~~~~~~~~~~~~~~~~~~~^^^^^^^^^^^^^
  File "C:\Users\milan\OneDrive\Desktop\E-commerce-Project\.venv\Lib\site-packages\MySQLdb\cursors.py", line 179, in execute
    res = self._query(mogrified_query)
  File "C:\Users\milan\OneDrive\Desktop\E-commerce-Project\.venv\Lib\site-packages\MySQLdb\cursors.py", line 330, in _query
    db.query(q)
    ~~~~~~~~^^^
  File "C:\Users\milan\OneDrive\Desktop\E-commerce-Project\.venv\Lib\site-packages\MySQLdb\connections.py", line 286, in query
    _mysql.connection.query(self, query)
    ~~~~~~~~~~~~~~~~~~~~~~~^^^^^^^^^^^^^
django.db.utils.OperationalError: (1054, "Unknown column 'accounts_customuser.can_view_audit_trail' in 'field list'")

During handling of the above exception, another exception occurred:

Traceback (most recent call last):
  File "C:\Users\milan\OneDrive\Desktop\E-commerce-Project\.venv\Lib\site-packages\django\db\backends\utils.py", line 105, in _execute
    return self.cursor.execute(sql, params)
           ~~~~~~~~~~~~~~~~~~~^^^^^^^^^^^^^
  File "C:\Users\milan\OneDrive\Desktop\E-commerce-Project\.venv\Lib\site-packages\django\db\backends\mysql\base.py", line 76, in execute
    return self.cursor.execute(query, args)
           ~~~~~~~~~~~~~~~~~~~^^^^^^^^^^^^^
  File "C:\Users\milan\OneDrive\Desktop\E-commerce-Project\.venv\Lib\site-packages\MySQLdb\cursors.py", line 179, in execute
    res = self._query(mogrified_query)
  File "C:\Users\milan\OneDrive\Desktop\E-commerce-Project\.venv\Lib\site-packages\MySQLdb\cursors.py", line 330, in _query
    db.query(q)
    ~~~~~~~~^^^
  File "C:\Users\milan\OneDrive\Desktop\E-commerce-Project\.venv\Lib\site-packages\MySQLdb\connections.py", line 286, in query
    _mysql.connection.query(self, query)
    ~~~~~~~~~~~~~~~~~~~~~~~^^^^^^^^^^^^^
MySQLdb.OperationalError: (1054, "Unknown column 'accounts_customuser.can_view_audit_trail' in 'field list'")

The above exception was the direct cause of the following exception:

Traceback (most recent call last):
  File "C:\Users\milan\OneDrive\Desktop\E-commerce-Project\myproject\sentinel\services.py", line 150, in log_event
    if candidate is not None and getattr(candidate, 'is_authenticated', False):
                                 ~~~~~~~^^^^^^^^^^^^^^^^^^^^^^^^^^^^^^^^^^^^^^
  File "C:\Users\milan\OneDrive\Desktop\E-commerce-Project\.venv\Lib\site-packages\django\utils\functional.py", line 251, in inner
    self._setup()
    ~~~~~~~~~~~^^
  File "C:\Users\milan\OneDrive\Desktop\E-commerce-Project\.venv\Lib\site-packages\django\utils\functional.py", line 404, in _setup
    self._wrapped = self._setupfunc()
                    ~~~~~~~~~~~~~~~^^
  File "C:\Users\milan\OneDrive\Desktop\E-commerce-Project\.venv\Lib\site-packages\django\contrib\auth\middleware.py", line 39, in <lambda>
    request.user = SimpleLazyObject(lambda: get_user(request))
                                            ~~~~~~~~^^^^^^^^^
  File "C:\Users\milan\OneDrive\Desktop\E-commerce-Project\.venv\Lib\site-packages\django\contrib\auth\middleware.py", line 19, in get_user
    request._cached_user = auth.get_user(request)
                           ~~~~~~~~~~~~~^^^^^^^^^
  File "C:\Users\milan\OneDrive\Desktop\E-commerce-Project\.venv\Lib\site-packages\django\contrib\auth\__init__.py", line 311, in get_user
    user = backend.get_user(user_id)
  File "C:\Users\milan\OneDrive\Desktop\E-commerce-Project\.venv\Lib\site-packages\django\contrib\auth\backends.py", line 232, in get_user
    user = UserModel._default_manager.get(pk=user_id)
  File "C:\Users\milan\OneDrive\Desktop\E-commerce-Project\.venv\Lib\site-packages\django\db\models\manager.py", line 87, in manager_method
    return getattr(self.get_queryset(), name)(*args, **kwargs)
           ~~~~~~~~~~~~~~~~~~~~~~~~~~~~~~~~~~^^^^^^^^^^^^^^^^^
  File "C:\Users\milan\OneDrive\Desktop\E-commerce-Project\.venv\Lib\site-packages\django\db\models\query.py", line 629, in get
    num = len(clone)
  File "C:\Users\milan\OneDrive\Desktop\E-commerce-Project\.venv\Lib\site-packages\django\db\models\query.py", line 366, in __len__
    self._fetch_all()
    ~~~~~~~~~~~~~~~^^
  File "C:\Users\milan\OneDrive\Desktop\E-commerce-Project\.venv\Lib\site-packages\django\db\models\query.py", line 1935, in _fetch_all
    self._result_cache = list(self._iterable_class(self))
                         ~~~~^^^^^^^^^^^^^^^^^^^^^^^^^^^^
  File "C:\Users\milan\OneDrive\Desktop\E-commerce-Project\.venv\Lib\site-packages\django\db\models\query.py", line 91, in __iter__
    results = compiler.execute_sql(
        chunked_fetch=self.chunked_fetch, chunk_size=self.chunk_size
    )
  File "C:\Users\milan\OneDrive\Desktop\E-commerce-Project\.venv\Lib\site-packages\django\db\models\sql\compiler.py", line 1622, in execute_sql
    cursor.execute(sql, params)
    ~~~~~~~~~~~~~~^^^^^^^^^^^^^
  File "C:\Users\milan\OneDrive\Desktop\E-commerce-Project\.venv\Lib\site-packages\django\db\backends\utils.py", line 79, in execute
    return self._execute_with_wrappers(
           ~~~~~~~~~~~~~~~~~~~~~~~~~~~^
        sql, params, many=False, executor=self._execute
        ^^^^^^^^^^^^^^^^^^^^^^^^^^^^^^^^^^^^^^^^^^^^^^^
    )
    ^
  File "C:\Users\milan\OneDrive\Desktop\E-commerce-Project\.venv\Lib\site-packages\django\db\backends\utils.py", line 92, in _execute_with_wrappers
    return executor(sql, params, many, context)
  File "C:\Users\milan\OneDrive\Desktop\E-commerce-Project\.venv\Lib\site-packages\django\db\backends\utils.py", line 100, in _execute
    with self.db.wrap_database_errors:
         ^^^^^^^^^^^^^^^^^^^^^^^^^^^^
  File "C:\Users\milan\OneDrive\Desktop\E-commerce-Project\.venv\Lib\site-packages\django\db\utils.py", line 91, in __exit__
    raise dj_exc_value.with_traceback(traceback) from exc_value
  File "C:\Users\milan\OneDrive\Desktop\E-commerce-Project\.venv\Lib\site-packages\django\db\backends\utils.py", line 105, in _execute
    return self.cursor.execute(sql, params)
           ~~~~~~~~~~~~~~~~~~~^^^^^^^^^^^^^
  File "C:\Users\milan\OneDrive\Desktop\E-commerce-Project\.venv\Lib\site-packages\django\db\backends\mysql\base.py", line 76, in execute
    return self.cursor.execute(query, args)
           ~~~~~~~~~~~~~~~~~~~^^^^^^^^^^^^^
  File "C:\Users\milan\OneDrive\Desktop\E-commerce-Project\.venv\Lib\site-packages\MySQLdb\cursors.py", line 179, in execute
    res = self._query(mogrified_query)
  File "C:\Users\milan\OneDrive\Desktop\E-commerce-Project\.venv\Lib\site-packages\MySQLdb\cursors.py", line 330, in _query
    db.query(q)
    ~~~~~~~~^^^
  File "C:\Users\milan\OneDrive\Desktop\E-commerce-Project\.venv\Lib\site-packages\MySQLdb\connections.py", line 286, in query
    _mysql.connection.query(self, query)
    ~~~~~~~~~~~~~~~~~~~~~~~^^^^^^^^^^^^^
django.db.utils.OperationalError: (1054, "Unknown column 'accounts_customuser.can_view_audit_trail' in 'field list'")
[ERROR] 2026-08-03 15:18:20 services.log_event:221 Sentinel failed to record event: OperationalError in /chat/api/unread-count/
Traceback (most recent call last):
  File "C:\Users\milan\OneDrive\Desktop\E-commerce-Project\.venv\Lib\site-packages\django\db\backends\utils.py", line 105, in _execute
    return self.cursor.execute(sql, params)
           ~~~~~~~~~~~~~~~~~~~^^^^^^^^^^^^^
  File "C:\Users\milan\OneDrive\Desktop\E-commerce-Project\.venv\Lib\site-packages\django\db\backends\mysql\base.py", line 76, in execute
    return self.cursor.execute(query, args)
           ~~~~~~~~~~~~~~~~~~~^^^^^^^^^^^^^
  File "C:\Users\milan\OneDrive\Desktop\E-commerce-Project\.venv\Lib\site-packages\MySQLdb\cursors.py", line 179, in execute
    res = self._query(mogrified_query)
  File "C:\Users\milan\OneDrive\Desktop\E-commerce-Project\.venv\Lib\site-packages\MySQLdb\cursors.py", line 330, in _query
    db.query(q)
    ~~~~~~~~^^^
  File "C:\Users\milan\OneDrive\Desktop\E-commerce-Project\.venv\Lib\site-packages\MySQLdb\connections.py", line 286, in query
    _mysql.connection.query(self, query)
    ~~~~~~~~~~~~~~~~~~~~~~~^^^^^^^^^^^^^
MySQLdb.OperationalError: (1054, "Unknown column 'accounts_customuser.can_view_audit_trail' in 'field list'")

The above exception was the direct cause of the following exception:

Traceback (most recent call last):
  File "C:\Users\milan\OneDrive\Desktop\E-commerce-Project\.venv\Lib\site-packages\django\core\handlers\base.py", line 197, in _get_response
    response = wrapped_callback(request, *callback_args, **callback_kwargs)
  File "C:\Users\milan\OneDrive\Desktop\E-commerce-Project\.venv\Lib\site-packages\django\views\decorators\http.py", line 64, in inner
    return func(request, *args, **kwargs)
  File "C:\Users\milan\OneDrive\Desktop\E-commerce-Project\myproject\chat\views.py", line 275, in api_unread_count
    if not request.user.is_authenticated:
           ^^^^^^^^^^^^^^^^^^^^^^^^^^^^^
  File "C:\Users\milan\OneDrive\Desktop\E-commerce-Project\.venv\Lib\site-packages\django\utils\functional.py", line 251, in inner
    self._setup()
    ~~~~~~~~~~~^^
  File "C:\Users\milan\OneDrive\Desktop\E-commerce-Project\.venv\Lib\site-packages\django\utils\functional.py", line 404, in _setup
    self._wrapped = self._setupfunc()
                    ~~~~~~~~~~~~~~~^^
  File "C:\Users\milan\OneDrive\Desktop\E-commerce-Project\.venv\Lib\site-packages\django\contrib\auth\middleware.py", line 39, in <lambda>
    request.user = SimpleLazyObject(lambda: get_user(request))
                                            ~~~~~~~~^^^^^^^^^
  File "C:\Users\milan\OneDrive\Desktop\E-commerce-Project\.venv\Lib\site-packages\django\contrib\auth\middleware.py", line 19, in get_user
    request._cached_user = auth.get_user(request)
                           ~~~~~~~~~~~~~^^^^^^^^^
  File "C:\Users\milan\OneDrive\Desktop\E-commerce-Project\.venv\Lib\site-packages\django\contrib\auth\__init__.py", line 311, in get_user
    user = backend.get_user(user_id)
  File "C:\Users\milan\OneDrive\Desktop\E-commerce-Project\.venv\Lib\site-packages\django\contrib\auth\backends.py", line 232, in get_user
    user = UserModel._default_manager.get(pk=user_id)
  File "C:\Users\milan\OneDrive\Desktop\E-commerce-Project\.venv\Lib\site-packages\django\db\models\manager.py", line 87, in manager_method
    return getattr(self.get_queryset(), name)(*args, **kwargs)
           ~~~~~~~~~~~~~~~~~~~~~~~~~~~~~~~~~~^^^^^^^^^^^^^^^^^
  File "C:\Users\milan\OneDrive\Desktop\E-commerce-Project\.venv\Lib\site-packages\django\db\models\query.py", line 629, in get
    num = len(clone)
  File "C:\Users\milan\OneDrive\Desktop\E-commerce-Project\.venv\Lib\site-packages\django\db\models\query.py", line 366, in __len__
    self._fetch_all()
    ~~~~~~~~~~~~~~~^^
  File "C:\Users\milan\OneDrive\Desktop\E-commerce-Project\.venv\Lib\site-packages\django\db\models\query.py", line 1935, in _fetch_all
    self._result_cache = list(self._iterable_class(self))
                         ~~~~^^^^^^^^^^^^^^^^^^^^^^^^^^^^
  File "C:\Users\milan\OneDrive\Desktop\E-commerce-Project\.venv\Lib\site-packages\django\db\models\query.py", line 91, in __iter__
    results = compiler.execute_sql(
        chunked_fetch=self.chunked_fetch, chunk_size=self.chunk_size
    )
  File "C:\Users\milan\OneDrive\Desktop\E-commerce-Project\.venv\Lib\site-packages\django\db\models\sql\compiler.py", line 1622, in execute_sql
    cursor.execute(sql, params)
    ~~~~~~~~~~~~~~^^^^^^^^^^^^^
  File "C:\Users\milan\OneDrive\Desktop\E-commerce-Project\.venv\Lib\site-packages\django\db\backends\utils.py", line 79, in execute
    return self._execute_with_wrappers(
           ~~~~~~~~~~~~~~~~~~~~~~~~~~~^
        sql, params, many=False, executor=self._execute
        ^^^^^^^^^^^^^^^^^^^^^^^^^^^^^^^^^^^^^^^^^^^^^^^
    )
    ^
  File "C:\Users\milan\OneDrive\Desktop\E-commerce-Project\.venv\Lib\site-packages\django\db\backends\utils.py", line 92, in _execute_with_wrappers
    return executor(sql, params, many, context)
  File "C:\Users\milan\OneDrive\Desktop\E-commerce-Project\.venv\Lib\site-packages\django\db\backends\utils.py", line 100, in _execute
    with self.db.wrap_database_errors:
         ^^^^^^^^^^^^^^^^^^^^^^^^^^^^
  File "C:\Users\milan\OneDrive\Desktop\E-commerce-Project\.venv\Lib\site-packages\django\db\utils.py", line 91, in __exit__
    raise dj_exc_value.with_traceback(traceback) from exc_value
  File "C:\Users\milan\OneDrive\Desktop\E-commerce-Project\.venv\Lib\site-packages\django\db\backends\utils.py", line 105, in _execute
    return self.cursor.execute(sql, params)
           ~~~~~~~~~~~~~~~~~~~^^^^^^^^^^^^^
  File "C:\Users\milan\OneDrive\Desktop\E-commerce-Project\.venv\Lib\site-packages\django\db\backends\mysql\base.py", line 76, in execute
    return self.cursor.execute(query, args)
           ~~~~~~~~~~~~~~~~~~~^^^^^^^^^^^^^
  File "C:\Users\milan\OneDrive\Desktop\E-commerce-Project\.venv\Lib\site-packages\MySQLdb\cursors.py", line 179, in execute
    res = self._query(mogrified_query)
  File "C:\Users\milan\OneDrive\Desktop\E-commerce-Project\.venv\Lib\site-packages\MySQLdb\cursors.py", line 330, in _query
    db.query(q)
    ~~~~~~~~^^^
  File "C:\Users\milan\OneDrive\Desktop\E-commerce-Project\.venv\Lib\site-packages\MySQLdb\connections.py", line 286, in query
    _mysql.connection.query(self, query)
    ~~~~~~~~~~~~~~~~~~~~~~~^^^^^^^^^^^^^
django.db.utils.OperationalError: (1054, "Unknown column 'accounts_customuser.can_view_audit_trail' in 'field list'")

During handling of the above exception, another exception occurred:

Traceback (most recent call last):
  File "C:\Users\milan\OneDrive\Desktop\E-commerce-Project\.venv\Lib\site-packages\django\db\backends\utils.py", line 105, in _execute
    return self.cursor.execute(sql, params)
           ~~~~~~~~~~~~~~~~~~~^^^^^^^^^^^^^
  File "C:\Users\milan\OneDrive\Desktop\E-commerce-Project\.venv\Lib\site-packages\django\db\backends\mysql\base.py", line 76, in execute
    return self.cursor.execute(query, args)
           ~~~~~~~~~~~~~~~~~~~^^^^^^^^^^^^^
  File "C:\Users\milan\OneDrive\Desktop\E-commerce-Project\.venv\Lib\site-packages\MySQLdb\cursors.py", line 179, in execute
    res = self._query(mogrified_query)
  File "C:\Users\milan\OneDrive\Desktop\E-commerce-Project\.venv\Lib\site-packages\MySQLdb\cursors.py", line 330, in _query
    db.query(q)
    ~~~~~~~~^^^
  File "C:\Users\milan\OneDrive\Desktop\E-commerce-Project\.venv\Lib\site-packages\MySQLdb\connections.py", line 286, in query
    _mysql.connection.query(self, query)
    ~~~~~~~~~~~~~~~~~~~~~~~^^^^^^^^^^^^^
MySQLdb.OperationalError: (1054, "Unknown column 'accounts_customuser.can_view_audit_trail' in 'field list'")

The above exception was the direct cause of the following exception:

Traceback (most recent call last):
  File "C:\Users\milan\OneDrive\Desktop\E-commerce-Project\myproject\sentinel\services.py", line 150, in log_event
    if candidate is not None and getattr(candidate, 'is_authenticated', False):
                                 ~~~~~~~^^^^^^^^^^^^^^^^^^^^^^^^^^^^^^^^^^^^^^
  File "C:\Users\milan\OneDrive\Desktop\E-commerce-Project\.venv\Lib\site-packages\django\utils\functional.py", line 251, in inner
    self._setup()
    ~~~~~~~~~~~^^
  File "C:\Users\milan\OneDrive\Desktop\E-commerce-Project\.venv\Lib\site-packages\django\utils\functional.py", line 404, in _setup
    self._wrapped = self._setupfunc()
                    ~~~~~~~~~~~~~~~^^
  File "C:\Users\milan\OneDrive\Desktop\E-commerce-Project\.venv\Lib\site-packages\django\contrib\auth\middleware.py", line 39, in <lambda>
    request.user = SimpleLazyObject(lambda: get_user(request))
                                            ~~~~~~~~^^^^^^^^^
  File "C:\Users\milan\OneDrive\Desktop\E-commerce-Project\.venv\Lib\site-packages\django\contrib\auth\middleware.py", line 19, in get_user
    request._cached_user = auth.get_user(request)
                           ~~~~~~~~~~~~~^^^^^^^^^
  File "C:\Users\milan\OneDrive\Desktop\E-commerce-Project\.venv\Lib\site-packages\django\contrib\auth\__init__.py", line 311, in get_user
    user = backend.get_user(user_id)
  File "C:\Users\milan\OneDrive\Desktop\E-commerce-Project\.venv\Lib\site-packages\django\contrib\auth\backends.py", line 232, in get_user
    user = UserModel._default_manager.get(pk=user_id)
  File "C:\Users\milan\OneDrive\Desktop\E-commerce-Project\.venv\Lib\site-packages\django\db\models\manager.py", line 87, in manager_method
    return getattr(self.get_queryset(), name)(*args, **kwargs)
           ~~~~~~~~~~~~~~~~~~~~~~~~~~~~~~~~~~^^^^^^^^^^^^^^^^^
  File "C:\Users\milan\OneDrive\Desktop\E-commerce-Project\.venv\Lib\site-packages\django\db\models\query.py", line 629, in get
    num = len(clone)
  File "C:\Users\milan\OneDrive\Desktop\E-commerce-Project\.venv\Lib\site-packages\django\db\models\query.py", line 366, in __len__
    self._fetch_all()
    ~~~~~~~~~~~~~~~^^
  File "C:\Users\milan\OneDrive\Desktop\E-commerce-Project\.venv\Lib\site-packages\django\db\models\query.py", line 1935, in _fetch_all
    self._result_cache = list(self._iterable_class(self))
                         ~~~~^^^^^^^^^^^^^^^^^^^^^^^^^^^^
  File "C:\Users\milan\OneDrive\Desktop\E-commerce-Project\.venv\Lib\site-packages\django\db\models\query.py", line 91, in __iter__
    results = compiler.execute_sql(
        chunked_fetch=self.chunked_fetch, chunk_size=self.chunk_size
    )
  File "C:\Users\milan\OneDrive\Desktop\E-commerce-Project\.venv\Lib\site-packages\django\db\models\sql\compiler.py", line 1622, in execute_sql
    cursor.execute(sql, params)
    ~~~~~~~~~~~~~~^^^^^^^^^^^^^
  File "C:\Users\milan\OneDrive\Desktop\E-commerce-Project\.venv\Lib\site-packages\django\db\backends\utils.py", line 79, in execute
    return self._execute_with_wrappers(
           ~~~~~~~~~~~~~~~~~~~~~~~~~~~^
        sql, params, many=False, executor=self._execute
        ^^^^^^^^^^^^^^^^^^^^^^^^^^^^^^^^^^^^^^^^^^^^^^^
    )
    ^
  File "C:\Users\milan\OneDrive\Desktop\E-commerce-Project\.venv\Lib\site-packages\django\db\backends\utils.py", line 92, in _execute_with_wrappers
    return executor(sql, params, many, context)
  File "C:\Users\milan\OneDrive\Desktop\E-commerce-Project\.venv\Lib\site-packages\django\db\backends\utils.py", line 100, in _execute
    with self.db.wrap_database_errors:
         ^^^^^^^^^^^^^^^^^^^^^^^^^^^^
  File "C:\Users\milan\OneDrive\Desktop\E-commerce-Project\.venv\Lib\site-packages\django\db\utils.py", line 91, in __exit__
    raise dj_exc_value.with_traceback(traceback) from exc_value
  File "C:\Users\milan\OneDrive\Desktop\E-commerce-Project\.venv\Lib\site-packages\django\db\backends\utils.py", line 105, in _execute
    return self.cursor.execute(sql, params)
           ~~~~~~~~~~~~~~~~~~~^^^^^^^^^^^^^
  File "C:\Users\milan\OneDrive\Desktop\E-commerce-Project\.venv\Lib\site-packages\django\db\backends\mysql\base.py", line 76, in execute
    return self.cursor.execute(query, args)
           ~~~~~~~~~~~~~~~~~~~^^^^^^^^^^^^^
  File "C:\Users\milan\OneDrive\Desktop\E-commerce-Project\.venv\Lib\site-packages\MySQLdb\cursors.py", line 179, in execute
    res = self._query(mogrified_query)
  File "C:\Users\milan\OneDrive\Desktop\E-commerce-Project\.venv\Lib\site-packages\MySQLdb\cursors.py", line 330, in _query
    db.query(q)
    ~~~~~~~~^^^
  File "C:\Users\milan\OneDrive\Desktop\E-commerce-Project\.venv\Lib\site-packages\MySQLdb\connections.py", line 286, in query
    _mysql.connection.query(self, query)
    ~~~~~~~~~~~~~~~~~~~~~~~^^^^^^^^^^^^^
django.db.utils.OperationalError: (1054, "Unknown column 'accounts_customuser.can_view_audit_trail' in 'field list'")
[ERROR] 2026-08-03 15:18:20 services.log_event:221 Sentinel failed to record event: OperationalError in /api/active-notice/
Traceback (most recent call last):
  File "C:\Users\milan\OneDrive\Desktop\E-commerce-Project\.venv\Lib\site-packages\django\db\backends\utils.py", line 105, in _execute
    return self.cursor.execute(sql, params)
           ~~~~~~~~~~~~~~~~~~~^^^^^^^^^^^^^
  File "C:\Users\milan\OneDrive\Desktop\E-commerce-Project\.venv\Lib\site-packages\django\db\backends\mysql\base.py", line 76, in execute
    return self.cursor.execute(query, args)
           ~~~~~~~~~~~~~~~~~~~^^^^^^^^^^^^^
  File "C:\Users\milan\OneDrive\Desktop\E-commerce-Project\.venv\Lib\site-packages\MySQLdb\cursors.py", line 179, in execute
    res = self._query(mogrified_query)
  File "C:\Users\milan\OneDrive\Desktop\E-commerce-Project\.venv\Lib\site-packages\MySQLdb\cursors.py", line 330, in _query
    db.query(q)
    ~~~~~~~~^^^
  File "C:\Users\milan\OneDrive\Desktop\E-commerce-Project\.venv\Lib\site-packages\MySQLdb\connections.py", line 286, in query
    _mysql.connection.query(self, query)
    ~~~~~~~~~~~~~~~~~~~~~~~^^^^^^^^^^^^^
MySQLdb.OperationalError: (1054, "Unknown column 'accounts_customuser.can_view_audit_trail' in 'field list'")

The above exception was the direct cause of the following exception:

Traceback (most recent call last):
  File "C:\Users\milan\OneDrive\Desktop\E-commerce-Project\.venv\Lib\site-packages\django\core\handlers\base.py", line 197, in _get_response
    response = wrapped_callback(request, *callback_args, **callback_kwargs)
  File "C:\Users\milan\OneDrive\Desktop\E-commerce-Project\.venv\Lib\site-packages\django\contrib\auth\decorators.py", line 56, in _view_wrapper
    test_pass = test_func(request.user)
  File "C:\Users\milan\OneDrive\Desktop\E-commerce-Project\.venv\Lib\site-packages\django\contrib\auth\decorators.py", line 79, in <lambda>
    lambda u: u.is_authenticated,
              ^^^^^^^^^^^^^^^^^^
  File "C:\Users\milan\OneDrive\Desktop\E-commerce-Project\.venv\Lib\site-packages\django\utils\functional.py", line 251, in inner
    self._setup()
    ~~~~~~~~~~~^^
  File "C:\Users\milan\OneDrive\Desktop\E-commerce-Project\.venv\Lib\site-packages\django\utils\functional.py", line 404, in _setup
    self._wrapped = self._setupfunc()
                    ~~~~~~~~~~~~~~~^^
  File "C:\Users\milan\OneDrive\Desktop\E-commerce-Project\.venv\Lib\site-packages\django\contrib\auth\middleware.py", line 39, in <lambda>
    request.user = SimpleLazyObject(lambda: get_user(request))
                                            ~~~~~~~~^^^^^^^^^
  File "C:\Users\milan\OneDrive\Desktop\E-commerce-Project\.venv\Lib\site-packages\django\contrib\auth\middleware.py", line 19, in get_user
    request._cached_user = auth.get_user(request)
                           ~~~~~~~~~~~~~^^^^^^^^^
  File "C:\Users\milan\OneDrive\Desktop\E-commerce-Project\.venv\Lib\site-packages\django\contrib\auth\__init__.py", line 311, in get_user
    user = backend.get_user(user_id)
  File "C:\Users\milan\OneDrive\Desktop\E-commerce-Project\.venv\Lib\site-packages\django\contrib\auth\backends.py", line 232, in get_user
    user = UserModel._default_manager.get(pk=user_id)
  File "C:\Users\milan\OneDrive\Desktop\E-commerce-Project\.venv\Lib\site-packages\django\db\models\manager.py", line 87, in manager_method
    return getattr(self.get_queryset(), name)(*args, **kwargs)
           ~~~~~~~~~~~~~~~~~~~~~~~~~~~~~~~~~~^^^^^^^^^^^^^^^^^
  File "C:\Users\milan\OneDrive\Desktop\E-commerce-Project\.venv\Lib\site-packages\django\db\models\query.py", line 629, in get
    num = len(clone)
  File "C:\Users\milan\OneDrive\Desktop\E-commerce-Project\.venv\Lib\site-packages\django\db\models\query.py", line 366, in __len__
    self._fetch_all()
    ~~~~~~~~~~~~~~~^^
  File "C:\Users\milan\OneDrive\Desktop\E-commerce-Project\.venv\Lib\site-packages\django\db\models\query.py", line 1935, in _fetch_all
    self._result_cache = list(self._iterable_class(self))
                         ~~~~^^^^^^^^^^^^^^^^^^^^^^^^^^^^
  File "C:\Users\milan\OneDrive\Desktop\E-commerce-Project\.venv\Lib\site-packages\django\db\models\query.py", line 91, in __iter__
    results = compiler.execute_sql(
        chunked_fetch=self.chunked_fetch, chunk_size=self.chunk_size
    )
  File "C:\Users\milan\OneDrive\Desktop\E-commerce-Project\.venv\Lib\site-packages\django\db\models\sql\compiler.py", line 1622, in execute_sql
    cursor.execute(sql, params)
    ~~~~~~~~~~~~~~^^^^^^^^^^^^^
  File "C:\Users\milan\OneDrive\Desktop\E-commerce-Project\.venv\Lib\site-packages\django\db\backends\utils.py", line 79, in execute
    return self._execute_with_wrappers(
           ~~~~~~~~~~~~~~~~~~~~~~~~~~~^
        sql, params, many=False, executor=self._execute
        ^^^^^^^^^^^^^^^^^^^^^^^^^^^^^^^^^^^^^^^^^^^^^^^
    )
    ^
  File "C:\Users\milan\OneDrive\Desktop\E-commerce-Project\.venv\Lib\site-packages\django\db\backends\utils.py", line 92, in _execute_with_wrappers
    return executor(sql, params, many, context)
  File "C:\Users\milan\OneDrive\Desktop\E-commerce-Project\.venv\Lib\site-packages\django\db\backends\utils.py", line 100, in _execute
    with self.db.wrap_database_errors:
         ^^^^^^^^^^^^^^^^^^^^^^^^^^^^
  File "C:\Users\milan\OneDrive\Desktop\E-commerce-Project\.venv\Lib\site-packages\django\db\utils.py", line 91, in __exit__
    raise dj_exc_value.with_traceback(traceback) from exc_value
  File "C:\Users\milan\OneDrive\Desktop\E-commerce-Project\.venv\Lib\site-packages\django\db\backends\utils.py", line 105, in _execute
    return self.cursor.execute(sql, params)
           ~~~~~~~~~~~~~~~~~~~^^^^^^^^^^^^^
  File "C:\Users\milan\OneDrive\Desktop\E-commerce-Project\.venv\Lib\site-packages\django\db\backends\mysql\base.py", line 76, in execute
    return self.cursor.execute(query, args)
           ~~~~~~~~~~~~~~~~~~~^^^^^^^^^^^^^
  File "C:\Users\milan\OneDrive\Desktop\E-commerce-Project\.venv\Lib\site-packages\MySQLdb\cursors.py", line 179, in execute
    res = self._query(mogrified_query)
  File "C:\Users\milan\OneDrive\Desktop\E-commerce-Project\.venv\Lib\site-packages\MySQLdb\cursors.py", line 330, in _query
    db.query(q)
    ~~~~~~~~^^^
  File "C:\Users\milan\OneDrive\Desktop\E-commerce-Project\.venv\Lib\site-packages\MySQLdb\connections.py", line 286, in query
    _mysql.connection.query(self, query)
    ~~~~~~~~~~~~~~~~~~~~~~~^^^^^^^^^^^^^
django.db.utils.OperationalError: (1054, "Unknown column 'accounts_customuser.can_view_audit_trail' in 'field list'")

During handling of the above exception, another exception occurred:

Traceback (most recent call last):
  File "C:\Users\milan\OneDrive\Desktop\E-commerce-Project\.venv\Lib\site-packages\django\db\backends\utils.py", line 105, in _execute
    return self.cursor.execute(sql, params)
           ~~~~~~~~~~~~~~~~~~~^^^^^^^^^^^^^
  File "C:\Users\milan\OneDrive\Desktop\E-commerce-Project\.venv\Lib\site-packages\django\db\backends\mysql\base.py", line 76, in execute
    return self.cursor.execute(query, args)
           ~~~~~~~~~~~~~~~~~~~^^^^^^^^^^^^^
  File "C:\Users\milan\OneDrive\Desktop\E-commerce-Project\.venv\Lib\site-packages\MySQLdb\cursors.py", line 179, in execute
    res = self._query(mogrified_query)
  File "C:\Users\milan\OneDrive\Desktop\E-commerce-Project\.venv\Lib\site-packages\MySQLdb\cursors.py", line 330, in _query
    db.query(q)
    ~~~~~~~~^^^
  File "C:\Users\milan\OneDrive\Desktop\E-commerce-Project\.venv\Lib\site-packages\MySQLdb\connections.py", line 286, in query
    _mysql.connection.query(self, query)
    ~~~~~~~~~~~~~~~~~~~~~~~^^^^^^^^^^^^^
MySQLdb.OperationalError: (1054, "Unknown column 'accounts_customuser.can_view_audit_trail' in 'field list'")

The above exception was the direct cause of the following exception:

Traceback (most recent call last):
  File "C:\Users\milan\OneDrive\Desktop\E-commerce-Project\myproject\sentinel\services.py", line 150, in log_event
    if candidate is not None and getattr(candidate, 'is_authenticated', False):
                                 ~~~~~~~^^^^^^^^^^^^^^^^^^^^^^^^^^^^^^^^^^^^^^
  File "C:\Users\milan\OneDrive\Desktop\E-commerce-Project\.venv\Lib\site-packages\django\utils\functional.py", line 251, in inner
    self._setup()
    ~~~~~~~~~~~^^
  File "C:\Users\milan\OneDrive\Desktop\E-commerce-Project\.venv\Lib\site-packages\django\utils\functional.py", line 404, in _setup
    self._wrapped = self._setupfunc()
                    ~~~~~~~~~~~~~~~^^
  File "C:\Users\milan\OneDrive\Desktop\E-commerce-Project\.venv\Lib\site-packages\django\contrib\auth\middleware.py", line 39, in <lambda>
    request.user = SimpleLazyObject(lambda: get_user(request))
                                            ~~~~~~~~^^^^^^^^^
  File "C:\Users\milan\OneDrive\Desktop\E-commerce-Project\.venv\Lib\site-packages\django\contrib\auth\middleware.py", line 19, in get_user
    request._cached_user = auth.get_user(request)
                           ~~~~~~~~~~~~~^^^^^^^^^
  File "C:\Users\milan\OneDrive\Desktop\E-commerce-Project\.venv\Lib\site-packages\django\contrib\auth\__init__.py", line 311, in get_user
    user = backend.get_user(user_id)
  File "C:\Users\milan\OneDrive\Desktop\E-commerce-Project\.venv\Lib\site-packages\django\contrib\auth\backends.py", line 232, in get_user
    user = UserModel._default_manager.get(pk=user_id)
  File "C:\Users\milan\OneDrive\Desktop\E-commerce-Project\.venv\Lib\site-packages\django\db\models\manager.py", line 87, in manager_method
    return getattr(self.get_queryset(), name)(*args, **kwargs)
           ~~~~~~~~~~~~~~~~~~~~~~~~~~~~~~~~~~^^^^^^^^^^^^^^^^^
  File "C:\Users\milan\OneDrive\Desktop\E-commerce-Project\.venv\Lib\site-packages\django\db\models\query.py", line 629, in get
    num = len(clone)
  File "C:\Users\milan\OneDrive\Desktop\E-commerce-Project\.venv\Lib\site-packages\django\db\models\query.py", line 366, in __len__
    self._fetch_all()
    ~~~~~~~~~~~~~~~^^
  File "C:\Users\milan\OneDrive\Desktop\E-commerce-Project\.venv\Lib\site-packages\django\db\models\query.py", line 1935, in _fetch_all
    self._result_cache = list(self._iterable_class(self))
                         ~~~~^^^^^^^^^^^^^^^^^^^^^^^^^^^^
  File "C:\Users\milan\OneDrive\Desktop\E-commerce-Project\.venv\Lib\site-packages\django\db\models\query.py", line 91, in __iter__
    results = compiler.execute_sql(
        chunked_fetch=self.chunked_fetch, chunk_size=self.chunk_size
    )
  File "C:\Users\milan\OneDrive\Desktop\E-commerce-Project\.venv\Lib\site-packages\django\db\models\sql\compiler.py", line 1622, in execute_sql
    cursor.execute(sql, params)
    ~~~~~~~~~~~~~~^^^^^^^^^^^^^
  File "C:\Users\milan\OneDrive\Desktop\E-commerce-Project\.venv\Lib\site-packages\django\db\backends\utils.py", line 79, in execute
    return self._execute_with_wrappers(
           ~~~~~~~~~~~~~~~~~~~~~~~~~~~^
        sql, params, many=False, executor=self._execute
        ^^^^^^^^^^^^^^^^^^^^^^^^^^^^^^^^^^^^^^^^^^^^^^^
    )
    ^
  File "C:\Users\milan\OneDrive\Desktop\E-commerce-Project\.venv\Lib\site-packages\django\db\backends\utils.py", line 92, in _execute_with_wrappers
    return executor(sql, params, many, context)
  File "C:\Users\milan\OneDrive\Desktop\E-commerce-Project\.venv\Lib\site-packages\django\db\backends\utils.py", line 100, in _execute
    with self.db.wrap_database_errors:
         ^^^^^^^^^^^^^^^^^^^^^^^^^^^^
  File "C:\Users\milan\OneDrive\Desktop\E-commerce-Project\.venv\Lib\site-packages\django\db\utils.py", line 91, in __exit__
    raise dj_exc_value.with_traceback(traceback) from exc_value
  File "C:\Users\milan\OneDrive\Desktop\E-commerce-Project\.venv\Lib\site-packages\django\db\backends\utils.py", line 105, in _execute
    return self.cursor.execute(sql, params)
           ~~~~~~~~~~~~~~~~~~~^^^^^^^^^^^^^
  File "C:\Users\milan\OneDrive\Desktop\E-commerce-Project\.venv\Lib\site-packages\django\db\backends\mysql\base.py", line 76, in execute
    return self.cursor.execute(query, args)
           ~~~~~~~~~~~~~~~~~~~^^^^^^^^^^^^^
  File "C:\Users\milan\OneDrive\Desktop\E-commerce-Project\.venv\Lib\site-packages\MySQLdb\cursors.py", line 179, in execute
    res = self._query(mogrified_query)
  File "C:\Users\milan\OneDrive\Desktop\E-commerce-Project\.venv\Lib\site-packages\MySQLdb\cursors.py", line 330, in _query
    db.query(q)
    ~~~~~~~~^^^
  File "C:\Users\milan\OneDrive\Desktop\E-commerce-Project\.venv\Lib\site-packages\MySQLdb\connections.py", line 286, in query
    _mysql.connection.query(self, query)
    ~~~~~~~~~~~~~~~~~~~~~~~^^^^^^^^^^^^^
django.db.utils.OperationalError: (1054, "Unknown column 'accounts_customuser.can_view_audit_trail' in 'field list'")
[ERROR] 2026-08-03 15:18:20 services.log_event:221 Sentinel failed to record event: OperationalError in /hrm/attendance/incomplete/
Traceback (most recent call last):
  File "C:\Users\milan\OneDrive\Desktop\E-commerce-Project\.venv\Lib\site-packages\django\db\backends\utils.py", line 105, in _execute
    return self.cursor.execute(sql, params)
           ~~~~~~~~~~~~~~~~~~~^^^^^^^^^^^^^
  File "C:\Users\milan\OneDrive\Desktop\E-commerce-Project\.venv\Lib\site-packages\django\db\backends\mysql\base.py", line 76, in execute
    return self.cursor.execute(query, args)
           ~~~~~~~~~~~~~~~~~~~^^^^^^^^^^^^^
  File "C:\Users\milan\OneDrive\Desktop\E-commerce-Project\.venv\Lib\site-packages\MySQLdb\cursors.py", line 179, in execute
    res = self._query(mogrified_query)
  File "C:\Users\milan\OneDrive\Desktop\E-commerce-Project\.venv\Lib\site-packages\MySQLdb\cursors.py", line 330, in _query
    db.query(q)
    ~~~~~~~~^^^
  File "C:\Users\milan\OneDrive\Desktop\E-commerce-Project\.venv\Lib\site-packages\MySQLdb\connections.py", line 286, in query
    _mysql.connection.query(self, query)
    ~~~~~~~~~~~~~~~~~~~~~~~^^^^^^^^^^^^^
MySQLdb.OperationalError: (1054, "Unknown column 'accounts_customuser.can_view_audit_trail' in 'field list'")

The above exception was the direct cause of the following exception:

Traceback (most recent call last):
  File "C:\Users\milan\OneDrive\Desktop\E-commerce-Project\.venv\Lib\site-packages\django\core\handlers\base.py", line 197, in _get_response
    response = wrapped_callback(request, *callback_args, **callback_kwargs)
  File "C:\Users\milan\OneDrive\Desktop\E-commerce-Project\.venv\Lib\site-packages\django\contrib\auth\decorators.py", line 56, in _view_wrapper
    test_pass = test_func(request.user)
  File "C:\Users\milan\OneDrive\Desktop\E-commerce-Project\.venv\Lib\site-packages\django\contrib\auth\decorators.py", line 79, in <lambda>
    lambda u: u.is_authenticated,
              ^^^^^^^^^^^^^^^^^^
  File "C:\Users\milan\OneDrive\Desktop\E-commerce-Project\.venv\Lib\site-packages\django\utils\functional.py", line 251, in inner
    self._setup()
    ~~~~~~~~~~~^^
  File "C:\Users\milan\OneDrive\Desktop\E-commerce-Project\.venv\Lib\site-packages\django\utils\functional.py", line 404, in _setup
    self._wrapped = self._setupfunc()
                    ~~~~~~~~~~~~~~~^^
  File "C:\Users\milan\OneDrive\Desktop\E-commerce-Project\.venv\Lib\site-packages\django\contrib\auth\middleware.py", line 39, in <lambda>
    request.user = SimpleLazyObject(lambda: get_user(request))
                                            ~~~~~~~~^^^^^^^^^
  File "C:\Users\milan\OneDrive\Desktop\E-commerce-Project\.venv\Lib\site-packages\django\contrib\auth\middleware.py", line 19, in get_user
    request._cached_user = auth.get_user(request)
                           ~~~~~~~~~~~~~^^^^^^^^^
  File "C:\Users\milan\OneDrive\Desktop\E-commerce-Project\.venv\Lib\site-packages\django\contrib\auth\__init__.py", line 311, in get_user
    user = backend.get_user(user_id)
  File "C:\Users\milan\OneDrive\Desktop\E-commerce-Project\.venv\Lib\site-packages\django\contrib\auth\backends.py", line 232, in get_user
    user = UserModel._default_manager.get(pk=user_id)
  File "C:\Users\milan\OneDrive\Desktop\E-commerce-Project\.venv\Lib\site-packages\django\db\models\manager.py", line 87, in manager_method
    return getattr(self.get_queryset(), name)(*args, **kwargs)
           ~~~~~~~~~~~~~~~~~~~~~~~~~~~~~~~~~~^^^^^^^^^^^^^^^^^
  File "C:\Users\milan\OneDrive\Desktop\E-commerce-Project\.venv\Lib\site-packages\django\db\models\query.py", line 629, in get
    num = len(clone)
  File "C:\Users\milan\OneDrive\Desktop\E-commerce-Project\.venv\Lib\site-packages\django\db\models\query.py", line 366, in __len__
    self._fetch_all()
    ~~~~~~~~~~~~~~~^^
  File "C:\Users\milan\OneDrive\Desktop\E-commerce-Project\.venv\Lib\site-packages\django\db\models\query.py", line 1935, in _fetch_all
    self._result_cache = list(self._iterable_class(self))
                         ~~~~^^^^^^^^^^^^^^^^^^^^^^^^^^^^
  File "C:\Users\milan\OneDrive\Desktop\E-commerce-Project\.venv\Lib\site-packages\django\db\models\query.py", line 91, in __iter__
    results = compiler.execute_sql(
        chunked_fetch=self.chunked_fetch, chunk_size=self.chunk_size
    )
  File "C:\Users\milan\OneDrive\Desktop\E-commerce-Project\.venv\Lib\site-packages\django\db\models\sql\compiler.py", line 1622, in execute_sql
    cursor.execute(sql, params)
    ~~~~~~~~~~~~~~^^^^^^^^^^^^^
  File "C:\Users\milan\OneDrive\Desktop\E-commerce-Project\.venv\Lib\site-packages\django\db\backends\utils.py", line 79, in execute
    return self._execute_with_wrappers(
           ~~~~~~~~~~~~~~~~~~~~~~~~~~~^
        sql, params, many=False, executor=self._execute
        ^^^^^^^^^^^^^^^^^^^^^^^^^^^^^^^^^^^^^^^^^^^^^^^
    )
    ^
  File "C:\Users\milan\OneDrive\Desktop\E-commerce-Project\.venv\Lib\site-packages\django\db\backends\utils.py", line 92, in _execute_with_wrappers
    return executor(sql, params, many, context)
  File "C:\Users\milan\OneDrive\Desktop\E-commerce-Project\.venv\Lib\site-packages\django\db\backends\utils.py", line 100, in _execute
    with self.db.wrap_database_errors:
         ^^^^^^^^^^^^^^^^^^^^^^^^^^^^
  File "C:\Users\milan\OneDrive\Desktop\E-commerce-Project\.venv\Lib\site-packages\django\db\utils.py", line 91, in __exit__
    raise dj_exc_value.with_traceback(traceback) from exc_value
  File "C:\Users\milan\OneDrive\Desktop\E-commerce-Project\.venv\Lib\site-packages\django\db\backends\utils.py", line 105, in _execute
    return self.cursor.execute(sql, params)
           ~~~~~~~~~~~~~~~~~~~^^^^^^^^^^^^^
  File "C:\Users\milan\OneDrive\Desktop\E-commerce-Project\.venv\Lib\site-packages\django\db\backends\mysql\base.py", line 76, in execute
    return self.cursor.execute(query, args)
           ~~~~~~~~~~~~~~~~~~~^^^^^^^^^^^^^
  File "C:\Users\milan\OneDrive\Desktop\E-commerce-Project\.venv\Lib\site-packages\MySQLdb\cursors.py", line 179, in execute
    res = self._query(mogrified_query)
  File "C:\Users\milan\OneDrive\Desktop\E-commerce-Project\.venv\Lib\site-packages\MySQLdb\cursors.py", line 330, in _query
    db.query(q)
    ~~~~~~~~^^^
  File "C:\Users\milan\OneDrive\Desktop\E-commerce-Project\.venv\Lib\site-packages\MySQLdb\connections.py", line 286, in query
    _mysql.connection.query(self, query)
    ~~~~~~~~~~~~~~~~~~~~~~~^^^^^^^^^^^^^
django.db.utils.OperationalError: (1054, "Unknown column 'accounts_customuser.can_view_audit_trail' in 'field list'")

During handling of the above exception, another exception occurred:

Traceback (most recent call last):
  File "C:\Users\milan\OneDrive\Desktop\E-commerce-Project\.venv\Lib\site-packages\django\db\backends\utils.py", line 105, in _execute
    return self.cursor.execute(sql, params)
           ~~~~~~~~~~~~~~~~~~~^^^^^^^^^^^^^
  File "C:\Users\milan\OneDrive\Desktop\E-commerce-Project\.venv\Lib\site-packages\django\db\backends\mysql\base.py", line 76, in execute
    return self.cursor.execute(query, args)
           ~~~~~~~~~~~~~~~~~~~^^^^^^^^^^^^^
  File "C:\Users\milan\OneDrive\Desktop\E-commerce-Project\.venv\Lib\site-packages\MySQLdb\cursors.py", line 179, in execute
    res = self._query(mogrified_query)
  File "C:\Users\milan\OneDrive\Desktop\E-commerce-Project\.venv\Lib\site-packages\MySQLdb\cursors.py", line 330, in _query
    db.query(q)
    ~~~~~~~~^^^
  File "C:\Users\milan\OneDrive\Desktop\E-commerce-Project\.venv\Lib\site-packages\MySQLdb\connections.py", line 286, in query
    _mysql.connection.query(self, query)
    ~~~~~~~~~~~~~~~~~~~~~~~^^^^^^^^^^^^^
MySQLdb.OperationalError: (1054, "Unknown column 'accounts_customuser.can_view_audit_trail' in 'field list'")

The above exception was the direct cause of the following exception:

Traceback (most recent call last):
  File "C:\Users\milan\OneDrive\Desktop\E-commerce-Project\myproject\sentinel\services.py", line 150, in log_event
    if candidate is not None and getattr(candidate, 'is_authenticated', False):
                                 ~~~~~~~^^^^^^^^^^^^^^^^^^^^^^^^^^^^^^^^^^^^^^
  File "C:\Users\milan\OneDrive\Desktop\E-commerce-Project\.venv\Lib\site-packages\django\utils\functional.py", line 251, in inner
    self._setup()
    ~~~~~~~~~~~^^
  File "C:\Users\milan\OneDrive\Desktop\E-commerce-Project\.venv\Lib\site-packages\django\utils\functional.py", line 404, in _setup
    self._wrapped = self._setupfunc()
                    ~~~~~~~~~~~~~~~^^
  File "C:\Users\milan\OneDrive\Desktop\E-commerce-Project\.venv\Lib\site-packages\django\contrib\auth\middleware.py", line 39, in <lambda>
    request.user = SimpleLazyObject(lambda: get_user(request))
                                            ~~~~~~~~^^^^^^^^^
  File "C:\Users\milan\OneDrive\Desktop\E-commerce-Project\.venv\Lib\site-packages\django\contrib\auth\middleware.py", line 19, in get_user
    request._cached_user = auth.get_user(request)
                           ~~~~~~~~~~~~~^^^^^^^^^
  File "C:\Users\milan\OneDrive\Desktop\E-commerce-Project\.venv\Lib\site-packages\django\contrib\auth\__init__.py", line 311, in get_user
    user = backend.get_user(user_id)
  File "C:\Users\milan\OneDrive\Desktop\E-commerce-Project\.venv\Lib\site-packages\django\contrib\auth\backends.py", line 232, in get_user
    user = UserModel._default_manager.get(pk=user_id)
  File "C:\Users\milan\OneDrive\Desktop\E-commerce-Project\.venv\Lib\site-packages\django\db\models\manager.py", line 87, in manager_method
    return getattr(self.get_queryset(), name)(*args, **kwargs)
           ~~~~~~~~~~~~~~~~~~~~~~~~~~~~~~~~~~^^^^^^^^^^^^^^^^^
  File "C:\Users\milan\OneDrive\Desktop\E-commerce-Project\.venv\Lib\site-packages\django\db\models\query.py", line 629, in get
    num = len(clone)
  File "C:\Users\milan\OneDrive\Desktop\E-commerce-Project\.venv\Lib\site-packages\django\db\models\query.py", line 366, in __len__
    self._fetch_all()
    ~~~~~~~~~~~~~~~^^
  File "C:\Users\milan\OneDrive\Desktop\E-commerce-Project\.venv\Lib\site-packages\django\db\models\query.py", line 1935, in _fetch_all
    self._result_cache = list(self._iterable_class(self))
                         ~~~~^^^^^^^^^^^^^^^^^^^^^^^^^^^^
  File "C:\Users\milan\OneDrive\Desktop\E-commerce-Project\.venv\Lib\site-packages\django\db\models\query.py", line 91, in __iter__
    results = compiler.execute_sql(
        chunked_fetch=self.chunked_fetch, chunk_size=self.chunk_size
    )
  File "C:\Users\milan\OneDrive\Desktop\E-commerce-Project\.venv\Lib\site-packages\django\db\models\sql\compiler.py", line 1622, in execute_sql
    cursor.execute(sql, params)
    ~~~~~~~~~~~~~~^^^^^^^^^^^^^
  File "C:\Users\milan\OneDrive\Desktop\E-commerce-Project\.venv\Lib\site-packages\django\db\backends\utils.py", line 79, in execute
    return self._execute_with_wrappers(
           ~~~~~~~~~~~~~~~~~~~~~~~~~~~^
        sql, params, many=False, executor=self._execute
        ^^^^^^^^^^^^^^^^^^^^^^^^^^^^^^^^^^^^^^^^^^^^^^^
    )
    ^
  File "C:\Users\milan\OneDrive\Desktop\E-commerce-Project\.venv\Lib\site-packages\django\db\backends\utils.py", line 92, in _execute_with_wrappers
    return executor(sql, params, many, context)
  File "C:\Users\milan\OneDrive\Desktop\E-commerce-Project\.venv\Lib\site-packages\django\db\backends\utils.py", line 100, in _execute
    with self.db.wrap_database_errors:
         ^^^^^^^^^^^^^^^^^^^^^^^^^^^^
  File "C:\Users\milan\OneDrive\Desktop\E-commerce-Project\.venv\Lib\site-packages\django\db\utils.py", line 91, in __exit__
    raise dj_exc_value.with_traceback(traceback) from exc_value
  File "C:\Users\milan\OneDrive\Desktop\E-commerce-Project\.venv\Lib\site-packages\django\db\backends\utils.py", line 105, in _execute
    return self.cursor.execute(sql, params)
           ~~~~~~~~~~~~~~~~~~~^^^^^^^^^^^^^
  File "C:\Users\milan\OneDrive\Desktop\E-commerce-Project\.venv\Lib\site-packages\django\db\backends\mysql\base.py", line 76, in execute
    return self.cursor.execute(query, args)
           ~~~~~~~~~~~~~~~~~~~^^^^^^^^^^^^^
  File "C:\Users\milan\OneDrive\Desktop\E-commerce-Project\.venv\Lib\site-packages\MySQLdb\cursors.py", line 179, in execute
    res = self._query(mogrified_query)
  File "C:\Users\milan\OneDrive\Desktop\E-commerce-Project\.venv\Lib\site-packages\MySQLdb\cursors.py", line 330, in _query
    db.query(q)
    ~~~~~~~~^^^
  File "C:\Users\milan\OneDrive\Desktop\E-commerce-Project\.venv\Lib\site-packages\MySQLdb\connections.py", line 286, in query
    _mysql.connection.query(self, query)
    ~~~~~~~~~~~~~~~~~~~~~~~^^^^^^^^^^^^^
django.db.utils.OperationalError: (1054, "Unknown column 'accounts_customuser.can_view_audit_trail' in 'field list'")
[ERROR] 2026-08-03 15:19:20 services.log_event:221 Sentinel failed to record event: OperationalError in /chat/api/unread-count/
Traceback (most recent call last):
  File "C:\Users\milan\OneDrive\Desktop\E-commerce-Project\.venv\Lib\site-packages\django\db\backends\utils.py", line 105, in _execute
    return self.cursor.execute(sql, params)
           ~~~~~~~~~~~~~~~~~~~^^^^^^^^^^^^^
  File "C:\Users\milan\OneDrive\Desktop\E-commerce-Project\.venv\Lib\site-packages\django\db\backends\mysql\base.py", line 76, in execute
    return self.cursor.execute(query, args)
           ~~~~~~~~~~~~~~~~~~~^^^^^^^^^^^^^
  File "C:\Users\milan\OneDrive\Desktop\E-commerce-Project\.venv\Lib\site-packages\MySQLdb\cursors.py", line 179, in execute
    res = self._query(mogrified_query)
  File "C:\Users\milan\OneDrive\Desktop\E-commerce-Project\.venv\Lib\site-packages\MySQLdb\cursors.py", line 330, in _query
    db.query(q)
    ~~~~~~~~^^^
  File "C:\Users\milan\OneDrive\Desktop\E-commerce-Project\.venv\Lib\site-packages\MySQLdb\connections.py", line 286, in query
    _mysql.connection.query(self, query)
    ~~~~~~~~~~~~~~~~~~~~~~~^^^^^^^^^^^^^
MySQLdb.OperationalError: (1054, "Unknown column 'accounts_customuser.can_view_audit_trail' in 'field list'")

The above exception was the direct cause of the following exception:

Traceback (most recent call last):
  File "C:\Users\milan\OneDrive\Desktop\E-commerce-Project\.venv\Lib\site-packages\django\core\handlers\base.py", line 197, in _get_response
    response = wrapped_callback(request, *callback_args, **callback_kwargs)
  File "C:\Users\milan\OneDrive\Desktop\E-commerce-Project\.venv\Lib\site-packages\django\views\decorators\http.py", line 64, in inner
    return func(request, *args, **kwargs)
  File "C:\Users\milan\OneDrive\Desktop\E-commerce-Project\myproject\chat\views.py", line 275, in api_unread_count
    if not request.user.is_authenticated:
           ^^^^^^^^^^^^^^^^^^^^^^^^^^^^^
  File "C:\Users\milan\OneDrive\Desktop\E-commerce-Project\.venv\Lib\site-packages\django\utils\functional.py", line 251, in inner
    self._setup()
    ~~~~~~~~~~~^^
  File "C:\Users\milan\OneDrive\Desktop\E-commerce-Project\.venv\Lib\site-packages\django\utils\functional.py", line 404, in _setup
    self._wrapped = self._setupfunc()
                    ~~~~~~~~~~~~~~~^^
  File "C:\Users\milan\OneDrive\Desktop\E-commerce-Project\.venv\Lib\site-packages\django\contrib\auth\middleware.py", line 39, in <lambda>
    request.user = SimpleLazyObject(lambda: get_user(request))
                                            ~~~~~~~~^^^^^^^^^
  File "C:\Users\milan\OneDrive\Desktop\E-commerce-Project\.venv\Lib\site-packages\django\contrib\auth\middleware.py", line 19, in get_user
    request._cached_user = auth.get_user(request)
                           ~~~~~~~~~~~~~^^^^^^^^^
  File "C:\Users\milan\OneDrive\Desktop\E-commerce-Project\.venv\Lib\site-packages\django\contrib\auth\__init__.py", line 311, in get_user
    user = backend.get_user(user_id)
  File "C:\Users\milan\OneDrive\Desktop\E-commerce-Project\.venv\Lib\site-packages\django\contrib\auth\backends.py", line 232, in get_user
    user = UserModel._default_manager.get(pk=user_id)
  File "C:\Users\milan\OneDrive\Desktop\E-commerce-Project\.venv\Lib\site-packages\django\db\models\manager.py", line 87, in manager_method
    return getattr(self.get_queryset(), name)(*args, **kwargs)
           ~~~~~~~~~~~~~~~~~~~~~~~~~~~~~~~~~~^^^^^^^^^^^^^^^^^
  File "C:\Users\milan\OneDrive\Desktop\E-commerce-Project\.venv\Lib\site-packages\django\db\models\query.py", line 629, in get
    num = len(clone)
  File "C:\Users\milan\OneDrive\Desktop\E-commerce-Project\.venv\Lib\site-packages\django\db\models\query.py", line 366, in __len__
    self._fetch_all()
    ~~~~~~~~~~~~~~~^^
  File "C:\Users\milan\OneDrive\Desktop\E-commerce-Project\.venv\Lib\site-packages\django\db\models\query.py", line 1935, in _fetch_all
    self._result_cache = list(self._iterable_class(self))
                         ~~~~^^^^^^^^^^^^^^^^^^^^^^^^^^^^
  File "C:\Users\milan\OneDrive\Desktop\E-commerce-Project\.venv\Lib\site-packages\django\db\models\query.py", line 91, in __iter__
    results = compiler.execute_sql(
        chunked_fetch=self.chunked_fetch, chunk_size=self.chunk_size
    )
  File "C:\Users\milan\OneDrive\Desktop\E-commerce-Project\.venv\Lib\site-packages\django\db\models\sql\compiler.py", line 1622, in execute_sql
    cursor.execute(sql, params)
    ~~~~~~~~~~~~~~^^^^^^^^^^^^^
  File "C:\Users\milan\OneDrive\Desktop\E-commerce-Project\.venv\Lib\site-packages\django\db\backends\utils.py", line 79, in execute
    return self._execute_with_wrappers(
           ~~~~~~~~~~~~~~~~~~~~~~~~~~~^
        sql, params, many=False, executor=self._execute
        ^^^^^^^^^^^^^^^^^^^^^^^^^^^^^^^^^^^^^^^^^^^^^^^
    )
    ^
  File "C:\Users\milan\OneDrive\Desktop\E-commerce-Project\.venv\Lib\site-packages\django\db\backends\utils.py", line 92, in _execute_with_wrappers
    return executor(sql, params, many, context)
  File "C:\Users\milan\OneDrive\Desktop\E-commerce-Project\.venv\Lib\site-packages\django\db\backends\utils.py", line 100, in _execute
    with self.db.wrap_database_errors:
         ^^^^^^^^^^^^^^^^^^^^^^^^^^^^
  File "C:\Users\milan\OneDrive\Desktop\E-commerce-Project\.venv\Lib\site-packages\django\db\utils.py", line 91, in __exit__
    raise dj_exc_value.with_traceback(traceback) from exc_value
  File "C:\Users\milan\OneDrive\Desktop\E-commerce-Project\.venv\Lib\site-packages\django\db\backends\utils.py", line 105, in _execute
    return self.cursor.execute(sql, params)
           ~~~~~~~~~~~~~~~~~~~^^^^^^^^^^^^^
  File "C:\Users\milan\OneDrive\Desktop\E-commerce-Project\.venv\Lib\site-packages\django\db\backends\mysql\base.py", line 76, in execute
    return self.cursor.execute(query, args)
           ~~~~~~~~~~~~~~~~~~~^^^^^^^^^^^^^
  File "C:\Users\milan\OneDrive\Desktop\E-commerce-Project\.venv\Lib\site-packages\MySQLdb\cursors.py", line 179, in execute
    res = self._query(mogrified_query)
  File "C:\Users\milan\OneDrive\Desktop\E-commerce-Project\.venv\Lib\site-packages\MySQLdb\cursors.py", line 330, in _query
    db.query(q)
    ~~~~~~~~^^^
  File "C:\Users\milan\OneDrive\Desktop\E-commerce-Project\.venv\Lib\site-packages\MySQLdb\connections.py", line 286, in query
    _mysql.connection.query(self, query)
    ~~~~~~~~~~~~~~~~~~~~~~~^^^^^^^^^^^^^
django.db.utils.OperationalError: (1054, "Unknown column 'accounts_customuser.can_view_audit_trail' in 'field list'")

During handling of the above exception, another exception occurred:

Traceback (most recent call last):
  File "C:\Users\milan\OneDrive\Desktop\E-commerce-Project\.venv\Lib\site-packages\django\db\backends\utils.py", line 105, in _execute
    return self.cursor.execute(sql, params)
           ~~~~~~~~~~~~~~~~~~~^^^^^^^^^^^^^
  File "C:\Users\milan\OneDrive\Desktop\E-commerce-Project\.venv\Lib\site-packages\django\db\backends\mysql\base.py", line 76, in execute
    return self.cursor.execute(query, args)
           ~~~~~~~~~~~~~~~~~~~^^^^^^^^^^^^^
  File "C:\Users\milan\OneDrive\Desktop\E-commerce-Project\.venv\Lib\site-packages\MySQLdb\cursors.py", line 179, in execute
    res = self._query(mogrified_query)
  File "C:\Users\milan\OneDrive\Desktop\E-commerce-Project\.venv\Lib\site-packages\MySQLdb\cursors.py", line 330, in _query
    db.query(q)
    ~~~~~~~~^^^
  File "C:\Users\milan\OneDrive\Desktop\E-commerce-Project\.venv\Lib\site-packages\MySQLdb\connections.py", line 286, in query
    _mysql.connection.query(self, query)
    ~~~~~~~~~~~~~~~~~~~~~~~^^^^^^^^^^^^^
MySQLdb.OperationalError: (1054, "Unknown column 'accounts_customuser.can_view_audit_trail' in 'field list'")

The above exception was the direct cause of the following exception:

Traceback (most recent call last):
  File "C:\Users\milan\OneDrive\Desktop\E-commerce-Project\myproject\sentinel\services.py", line 150, in log_event
    if candidate is not None and getattr(candidate, 'is_authenticated', False):
                                 ~~~~~~~^^^^^^^^^^^^^^^^^^^^^^^^^^^^^^^^^^^^^^
  File "C:\Users\milan\OneDrive\Desktop\E-commerce-Project\.venv\Lib\site-packages\django\utils\functional.py", line 251, in inner
    self._setup()
    ~~~~~~~~~~~^^
  File "C:\Users\milan\OneDrive\Desktop\E-commerce-Project\.venv\Lib\site-packages\django\utils\functional.py", line 404, in _setup
    self._wrapped = self._setupfunc()
                    ~~~~~~~~~~~~~~~^^
  File "C:\Users\milan\OneDrive\Desktop\E-commerce-Project\.venv\Lib\site-packages\django\contrib\auth\middleware.py", line 39, in <lambda>
    request.user = SimpleLazyObject(lambda: get_user(request))
                                            ~~~~~~~~^^^^^^^^^
  File "C:\Users\milan\OneDrive\Desktop\E-commerce-Project\.venv\Lib\site-packages\django\contrib\auth\middleware.py", line 19, in get_user
    request._cached_user = auth.get_user(request)
                           ~~~~~~~~~~~~~^^^^^^^^^
  File "C:\Users\milan\OneDrive\Desktop\E-commerce-Project\.venv\Lib\site-packages\django\contrib\auth\__init__.py", line 311, in get_user
    user = backend.get_user(user_id)
  File "C:\Users\milan\OneDrive\Desktop\E-commerce-Project\.venv\Lib\site-packages\django\contrib\auth\backends.py", line 232, in get_user
    user = UserModel._default_manager.get(pk=user_id)
  File "C:\Users\milan\OneDrive\Desktop\E-commerce-Project\.venv\Lib\site-packages\django\db\models\manager.py", line 87, in manager_method
    return getattr(self.get_queryset(), name)(*args, **kwargs)
           ~~~~~~~~~~~~~~~~~~~~~~~~~~~~~~~~~~^^^^^^^^^^^^^^^^^
  File "C:\Users\milan\OneDrive\Desktop\E-commerce-Project\.venv\Lib\site-packages\django\db\models\query.py", line 629, in get
    num = len(clone)
  File "C:\Users\milan\OneDrive\Desktop\E-commerce-Project\.venv\Lib\site-packages\django\db\models\query.py", line 366, in __len__
    self._fetch_all()
    ~~~~~~~~~~~~~~~^^
  File "C:\Users\milan\OneDrive\Desktop\E-commerce-Project\.venv\Lib\site-packages\django\db\models\query.py", line 1935, in _fetch_all
    self._result_cache = list(self._iterable_class(self))
                         ~~~~^^^^^^^^^^^^^^^^^^^^^^^^^^^^
  File "C:\Users\milan\OneDrive\Desktop\E-commerce-Project\.venv\Lib\site-packages\django\db\models\query.py", line 91, in __iter__
    results = compiler.execute_sql(
        chunked_fetch=self.chunked_fetch, chunk_size=self.chunk_size
    )
  File "C:\Users\milan\OneDrive\Desktop\E-commerce-Project\.venv\Lib\site-packages\django\db\models\sql\compiler.py", line 1622, in execute_sql
    cursor.execute(sql, params)
    ~~~~~~~~~~~~~~^^^^^^^^^^^^^
  File "C:\Users\milan\OneDrive\Desktop\E-commerce-Project\.venv\Lib\site-packages\django\db\backends\utils.py", line 79, in execute
    return self._execute_with_wrappers(
           ~~~~~~~~~~~~~~~~~~~~~~~~~~~^
        sql, params, many=False, executor=self._execute
        ^^^^^^^^^^^^^^^^^^^^^^^^^^^^^^^^^^^^^^^^^^^^^^^
    )
    ^
  File "C:\Users\milan\OneDrive\Desktop\E-commerce-Project\.venv\Lib\site-packages\django\db\backends\utils.py", line 92, in _execute_with_wrappers
    return executor(sql, params, many, context)
  File "C:\Users\milan\OneDrive\Desktop\E-commerce-Project\.venv\Lib\site-packages\django\db\backends\utils.py", line 100, in _execute
    with self.db.wrap_database_errors:
         ^^^^^^^^^^^^^^^^^^^^^^^^^^^^
  File "C:\Users\milan\OneDrive\Desktop\E-commerce-Project\.venv\Lib\site-packages\django\db\utils.py", line 91, in __exit__
    raise dj_exc_value.with_traceback(traceback) from exc_value
  File "C:\Users\milan\OneDrive\Desktop\E-commerce-Project\.venv\Lib\site-packages\django\db\backends\utils.py", line 105, in _execute
    return self.cursor.execute(sql, params)
           ~~~~~~~~~~~~~~~~~~~^^^^^^^^^^^^^
  File "C:\Users\milan\OneDrive\Desktop\E-commerce-Project\.venv\Lib\site-packages\django\db\backends\mysql\base.py", line 76, in execute
    return self.cursor.execute(query, args)
           ~~~~~~~~~~~~~~~~~~~^^^^^^^^^^^^^
  File "C:\Users\milan\OneDrive\Desktop\E-commerce-Project\.venv\Lib\site-packages\MySQLdb\cursors.py", line 179, in execute
    res = self._query(mogrified_query)
  File "C:\Users\milan\OneDrive\Desktop\E-commerce-Project\.venv\Lib\site-packages\MySQLdb\cursors.py", line 330, in _query
    db.query(q)
    ~~~~~~~~^^^
  File "C:\Users\milan\OneDrive\Desktop\E-commerce-Project\.venv\Lib\site-packages\MySQLdb\connections.py", line 286, in query
    _mysql.connection.query(self, query)
    ~~~~~~~~~~~~~~~~~~~~~~~^^^^^^^^^^^^^
django.db.utils.OperationalError: (1054, "Unknown column 'accounts_customuser.can_view_audit_trail' in 'field list'")
[ERROR] 2026-08-03 15:19:20 services.log_event:221 Sentinel failed to record event: OperationalError in /api/active-notice/
Traceback (most recent call last):
  File "C:\Users\milan\OneDrive\Desktop\E-commerce-Project\.venv\Lib\site-packages\django\db\backends\utils.py", line 105, in _execute
    return self.cursor.execute(sql, params)
           ~~~~~~~~~~~~~~~~~~~^^^^^^^^^^^^^
  File "C:\Users\milan\OneDrive\Desktop\E-commerce-Project\.venv\Lib\site-packages\django\db\backends\mysql\base.py", line 76, in execute
    return self.cursor.execute(query, args)
           ~~~~~~~~~~~~~~~~~~~^^^^^^^^^^^^^
  File "C:\Users\milan\OneDrive\Desktop\E-commerce-Project\.venv\Lib\site-packages\MySQLdb\cursors.py", line 179, in execute
    res = self._query(mogrified_query)
  File "C:\Users\milan\OneDrive\Desktop\E-commerce-Project\.venv\Lib\site-packages\MySQLdb\cursors.py", line 330, in _query
    db.query(q)
    ~~~~~~~~^^^
  File "C:\Users\milan\OneDrive\Desktop\E-commerce-Project\.venv\Lib\site-packages\MySQLdb\connections.py", line 286, in query
    _mysql.connection.query(self, query)
    ~~~~~~~~~~~~~~~~~~~~~~~^^^^^^^^^^^^^
MySQLdb.OperationalError: (1054, "Unknown column 'accounts_customuser.can_view_audit_trail' in 'field list'")

The above exception was the direct cause of the following exception:

Traceback (most recent call last):
  File "C:\Users\milan\OneDrive\Desktop\E-commerce-Project\.venv\Lib\site-packages\django\core\handlers\base.py", line 197, in _get_response
    response = wrapped_callback(request, *callback_args, **callback_kwargs)
  File "C:\Users\milan\OneDrive\Desktop\E-commerce-Project\.venv\Lib\site-packages\django\contrib\auth\decorators.py", line 56, in _view_wrapper
    test_pass = test_func(request.user)
  File "C:\Users\milan\OneDrive\Desktop\E-commerce-Project\.venv\Lib\site-packages\django\contrib\auth\decorators.py", line 79, in <lambda>
    lambda u: u.is_authenticated,
              ^^^^^^^^^^^^^^^^^^
  File "C:\Users\milan\OneDrive\Desktop\E-commerce-Project\.venv\Lib\site-packages\django\utils\functional.py", line 251, in inner
    self._setup()
    ~~~~~~~~~~~^^
  File "C:\Users\milan\OneDrive\Desktop\E-commerce-Project\.venv\Lib\site-packages\django\utils\functional.py", line 404, in _setup
    self._wrapped = self._setupfunc()
                    ~~~~~~~~~~~~~~~^^
  File "C:\Users\milan\OneDrive\Desktop\E-commerce-Project\.venv\Lib\site-packages\django\contrib\auth\middleware.py", line 39, in <lambda>
    request.user = SimpleLazyObject(lambda: get_user(request))
                                            ~~~~~~~~^^^^^^^^^
  File "C:\Users\milan\OneDrive\Desktop\E-commerce-Project\.venv\Lib\site-packages\django\contrib\auth\middleware.py", line 19, in get_user
    request._cached_user = auth.get_user(request)
                           ~~~~~~~~~~~~~^^^^^^^^^
  File "C:\Users\milan\OneDrive\Desktop\E-commerce-Project\.venv\Lib\site-packages\django\contrib\auth\__init__.py", line 311, in get_user
    user = backend.get_user(user_id)
  File "C:\Users\milan\OneDrive\Desktop\E-commerce-Project\.venv\Lib\site-packages\django\contrib\auth\backends.py", line 232, in get_user
    user = UserModel._default_manager.get(pk=user_id)
  File "C:\Users\milan\OneDrive\Desktop\E-commerce-Project\.venv\Lib\site-packages\django\db\models\manager.py", line 87, in manager_method
    return getattr(self.get_queryset(), name)(*args, **kwargs)
           ~~~~~~~~~~~~~~~~~~~~~~~~~~~~~~~~~~^^^^^^^^^^^^^^^^^
  File "C:\Users\milan\OneDrive\Desktop\E-commerce-Project\.venv\Lib\site-packages\django\db\models\query.py", line 629, in get
    num = len(clone)
  File "C:\Users\milan\OneDrive\Desktop\E-commerce-Project\.venv\Lib\site-packages\django\db\models\query.py", line 366, in __len__
    self._fetch_all()
    ~~~~~~~~~~~~~~~^^
  File "C:\Users\milan\OneDrive\Desktop\E-commerce-Project\.venv\Lib\site-packages\django\db\models\query.py", line 1935, in _fetch_all
    self._result_cache = list(self._iterable_class(self))
                         ~~~~^^^^^^^^^^^^^^^^^^^^^^^^^^^^
  File "C:\Users\milan\OneDrive\Desktop\E-commerce-Project\.venv\Lib\site-packages\django\db\models\query.py", line 91, in __iter__
    results = compiler.execute_sql(
        chunked_fetch=self.chunked_fetch, chunk_size=self.chunk_size
    )
  File "C:\Users\milan\OneDrive\Desktop\E-commerce-Project\.venv\Lib\site-packages\django\db\models\sql\compiler.py", line 1622, in execute_sql
    cursor.execute(sql, params)
    ~~~~~~~~~~~~~~^^^^^^^^^^^^^
  File "C:\Users\milan\OneDrive\Desktop\E-commerce-Project\.venv\Lib\site-packages\django\db\backends\utils.py", line 79, in execute
    return self._execute_with_wrappers(
           ~~~~~~~~~~~~~~~~~~~~~~~~~~~^
        sql, params, many=False, executor=self._execute
        ^^^^^^^^^^^^^^^^^^^^^^^^^^^^^^^^^^^^^^^^^^^^^^^
    )
    ^
  File "C:\Users\milan\OneDrive\Desktop\E-commerce-Project\.venv\Lib\site-packages\django\db\backends\utils.py", line 92, in _execute_with_wrappers
    return executor(sql, params, many, context)
  File "C:\Users\milan\OneDrive\Desktop\E-commerce-Project\.venv\Lib\site-packages\django\db\backends\utils.py", line 100, in _execute
    with self.db.wrap_database_errors:
         ^^^^^^^^^^^^^^^^^^^^^^^^^^^^
  File "C:\Users\milan\OneDrive\Desktop\E-commerce-Project\.venv\Lib\site-packages\django\db\utils.py", line 91, in __exit__
    raise dj_exc_value.with_traceback(traceback) from exc_value
  File "C:\Users\milan\OneDrive\Desktop\E-commerce-Project\.venv\Lib\site-packages\django\db\backends\utils.py", line 105, in _execute
    return self.cursor.execute(sql, params)
           ~~~~~~~~~~~~~~~~~~~^^^^^^^^^^^^^
  File "C:\Users\milan\OneDrive\Desktop\E-commerce-Project\.venv\Lib\site-packages\django\db\backends\mysql\base.py", line 76, in execute
    return self.cursor.execute(query, args)
           ~~~~~~~~~~~~~~~~~~~^^^^^^^^^^^^^
  File "C:\Users\milan\OneDrive\Desktop\E-commerce-Project\.venv\Lib\site-packages\MySQLdb\cursors.py", line 179, in execute
    res = self._query(mogrified_query)
  File "C:\Users\milan\OneDrive\Desktop\E-commerce-Project\.venv\Lib\site-packages\MySQLdb\cursors.py", line 330, in _query
    db.query(q)
    ~~~~~~~~^^^
  File "C:\Users\milan\OneDrive\Desktop\E-commerce-Project\.venv\Lib\site-packages\MySQLdb\connections.py", line 286, in query
    _mysql.connection.query(self, query)
    ~~~~~~~~~~~~~~~~~~~~~~~^^^^^^^^^^^^^
django.db.utils.OperationalError: (1054, "Unknown column 'accounts_customuser.can_view_audit_trail' in 'field list'")

During handling of the above exception, another exception occurred:

Traceback (most recent call last):
  File "C:\Users\milan\OneDrive\Desktop\E-commerce-Project\.venv\Lib\site-packages\django\db\backends\utils.py", line 105, in _execute
    return self.cursor.execute(sql, params)
           ~~~~~~~~~~~~~~~~~~~^^^^^^^^^^^^^
  File "C:\Users\milan\OneDrive\Desktop\E-commerce-Project\.venv\Lib\site-packages\django\db\backends\mysql\base.py", line 76, in execute
    return self.cursor.execute(query, args)
           ~~~~~~~~~~~~~~~~~~~^^^^^^^^^^^^^
  File "C:\Users\milan\OneDrive\Desktop\E-commerce-Project\.venv\Lib\site-packages\MySQLdb\cursors.py", line 179, in execute
    res = self._query(mogrified_query)
  File "C:\Users\milan\OneDrive\Desktop\E-commerce-Project\.venv\Lib\site-packages\MySQLdb\cursors.py", line 330, in _query
    db.query(q)
    ~~~~~~~~^^^
  File "C:\Users\milan\OneDrive\Desktop\E-commerce-Project\.venv\Lib\site-packages\MySQLdb\connections.py", line 286, in query
    _mysql.connection.query(self, query)
    ~~~~~~~~~~~~~~~~~~~~~~~^^^^^^^^^^^^^
MySQLdb.OperationalError: (1054, "Unknown column 'accounts_customuser.can_view_audit_trail' in 'field list'")

The above exception was the direct cause of the following exception:

Traceback (most recent call last):
  File "C:\Users\milan\OneDrive\Desktop\E-commerce-Project\myproject\sentinel\services.py", line 150, in log_event
    if candidate is not None and getattr(candidate, 'is_authenticated', False):
                                 ~~~~~~~^^^^^^^^^^^^^^^^^^^^^^^^^^^^^^^^^^^^^^
  File "C:\Users\milan\OneDrive\Desktop\E-commerce-Project\.venv\Lib\site-packages\django\utils\functional.py", line 251, in inner
    self._setup()
    ~~~~~~~~~~~^^
  File "C:\Users\milan\OneDrive\Desktop\E-commerce-Project\.venv\Lib\site-packages\django\utils\functional.py", line 404, in _setup
    self._wrapped = self._setupfunc()
                    ~~~~~~~~~~~~~~~^^
  File "C:\Users\milan\OneDrive\Desktop\E-commerce-Project\.venv\Lib\site-packages\django\contrib\auth\middleware.py", line 39, in <lambda>
    request.user = SimpleLazyObject(lambda: get_user(request))
                                            ~~~~~~~~^^^^^^^^^
  File "C:\Users\milan\OneDrive\Desktop\E-commerce-Project\.venv\Lib\site-packages\django\contrib\auth\middleware.py", line 19, in get_user
    request._cached_user = auth.get_user(request)
                           ~~~~~~~~~~~~~^^^^^^^^^
  File "C:\Users\milan\OneDrive\Desktop\E-commerce-Project\.venv\Lib\site-packages\django\contrib\auth\__init__.py", line 311, in get_user
    user = backend.get_user(user_id)
  File "C:\Users\milan\OneDrive\Desktop\E-commerce-Project\.venv\Lib\site-packages\django\contrib\auth\backends.py", line 232, in get_user
    user = UserModel._default_manager.get(pk=user_id)
  File "C:\Users\milan\OneDrive\Desktop\E-commerce-Project\.venv\Lib\site-packages\django\db\models\manager.py", line 87, in manager_method
    return getattr(self.get_queryset(), name)(*args, **kwargs)
           ~~~~~~~~~~~~~~~~~~~~~~~~~~~~~~~~~~^^^^^^^^^^^^^^^^^
  File "C:\Users\milan\OneDrive\Desktop\E-commerce-Project\.venv\Lib\site-packages\django\db\models\query.py", line 629, in get
    num = len(clone)
  File "C:\Users\milan\OneDrive\Desktop\E-commerce-Project\.venv\Lib\site-packages\django\db\models\query.py", line 366, in __len__
    self._fetch_all()
    ~~~~~~~~~~~~~~~^^
  File "C:\Users\milan\OneDrive\Desktop\E-commerce-Project\.venv\Lib\site-packages\django\db\models\query.py", line 1935, in _fetch_all
    self._result_cache = list(self._iterable_class(self))
                         ~~~~^^^^^^^^^^^^^^^^^^^^^^^^^^^^
  File "C:\Users\milan\OneDrive\Desktop\E-commerce-Project\.venv\Lib\site-packages\django\db\models\query.py", line 91, in __iter__
    results = compiler.execute_sql(
        chunked_fetch=self.chunked_fetch, chunk_size=self.chunk_size
    )
  File "C:\Users\milan\OneDrive\Desktop\E-commerce-Project\.venv\Lib\site-packages\django\db\models\sql\compiler.py", line 1622, in execute_sql
    cursor.execute(sql, params)
    ~~~~~~~~~~~~~~^^^^^^^^^^^^^
  File "C:\Users\milan\OneDrive\Desktop\E-commerce-Project\.venv\Lib\site-packages\django\db\backends\utils.py", line 79, in execute
    return self._execute_with_wrappers(
           ~~~~~~~~~~~~~~~~~~~~~~~~~~~^
        sql, params, many=False, executor=self._execute
        ^^^^^^^^^^^^^^^^^^^^^^^^^^^^^^^^^^^^^^^^^^^^^^^
    )
    ^
  File "C:\Users\milan\OneDrive\Desktop\E-commerce-Project\.venv\Lib\site-packages\django\db\backends\utils.py", line 92, in _execute_with_wrappers
    return executor(sql, params, many, context)
  File "C:\Users\milan\OneDrive\Desktop\E-commerce-Project\.venv\Lib\site-packages\django\db\backends\utils.py", line 100, in _execute
    with self.db.wrap_database_errors:
         ^^^^^^^^^^^^^^^^^^^^^^^^^^^^
  File "C:\Users\milan\OneDrive\Desktop\E-commerce-Project\.venv\Lib\site-packages\django\db\utils.py", line 91, in __exit__
    raise dj_exc_value.with_traceback(traceback) from exc_value
  File "C:\Users\milan\OneDrive\Desktop\E-commerce-Project\.venv\Lib\site-packages\django\db\backends\utils.py", line 105, in _execute
    return self.cursor.execute(sql, params)
           ~~~~~~~~~~~~~~~~~~~^^^^^^^^^^^^^
  File "C:\Users\milan\OneDrive\Desktop\E-commerce-Project\.venv\Lib\site-packages\django\db\backends\mysql\base.py", line 76, in execute
    return self.cursor.execute(query, args)
           ~~~~~~~~~~~~~~~~~~~^^^^^^^^^^^^^
  File "C:\Users\milan\OneDrive\Desktop\E-commerce-Project\.venv\Lib\site-packages\MySQLdb\cursors.py", line 179, in execute
    res = self._query(mogrified_query)
  File "C:\Users\milan\OneDrive\Desktop\E-commerce-Project\.venv\Lib\site-packages\MySQLdb\cursors.py", line 330, in _query
    db.query(q)
    ~~~~~~~~^^^
  File "C:\Users\milan\OneDrive\Desktop\E-commerce-Project\.venv\Lib\site-packages\MySQLdb\connections.py", line 286, in query
    _mysql.connection.query(self, query)
    ~~~~~~~~~~~~~~~~~~~~~~~^^^^^^^^^^^^^
django.db.utils.OperationalError: (1054, "Unknown column 'accounts_customuser.can_view_audit_trail' in 'field list'")
[ERROR] 2026-08-03 15:19:20 services.log_event:221 Sentinel failed to record event: OperationalError in /hrm/attendance/incomplete/
Traceback (most recent call last):
  File "C:\Users\milan\OneDrive\Desktop\E-commerce-Project\.venv\Lib\site-packages\django\db\backends\utils.py", line 105, in _execute
    return self.cursor.execute(sql, params)
           ~~~~~~~~~~~~~~~~~~~^^^^^^^^^^^^^
  File "C:\Users\milan\OneDrive\Desktop\E-commerce-Project\.venv\Lib\site-packages\django\db\backends\mysql\base.py", line 76, in execute
    return self.cursor.execute(query, args)
           ~~~~~~~~~~~~~~~~~~~^^^^^^^^^^^^^
  File "C:\Users\milan\OneDrive\Desktop\E-commerce-Project\.venv\Lib\site-packages\MySQLdb\cursors.py", line 179, in execute
    res = self._query(mogrified_query)
  File "C:\Users\milan\OneDrive\Desktop\E-commerce-Project\.venv\Lib\site-packages\MySQLdb\cursors.py", line 330, in _query
    db.query(q)
    ~~~~~~~~^^^
  File "C:\Users\milan\OneDrive\Desktop\E-commerce-Project\.venv\Lib\site-packages\MySQLdb\connections.py", line 286, in query
    _mysql.connection.query(self, query)
    ~~~~~~~~~~~~~~~~~~~~~~~^^^^^^^^^^^^^
MySQLdb.OperationalError: (1054, "Unknown column 'accounts_customuser.can_view_audit_trail' in 'field list'")

The above exception was the direct cause of the following exception:

Traceback (most recent call last):
  File "C:\Users\milan\OneDrive\Desktop\E-commerce-Project\.venv\Lib\site-packages\django\core\handlers\base.py", line 197, in _get_response
    response = wrapped_callback(request, *callback_args, **callback_kwargs)
  File "C:\Users\milan\OneDrive\Desktop\E-commerce-Project\.venv\Lib\site-packages\django\contrib\auth\decorators.py", line 56, in _view_wrapper
    test_pass = test_func(request.user)
  File "C:\Users\milan\OneDrive\Desktop\E-commerce-Project\.venv\Lib\site-packages\django\contrib\auth\decorators.py", line 79, in <lambda>
    lambda u: u.is_authenticated,
              ^^^^^^^^^^^^^^^^^^
  File "C:\Users\milan\OneDrive\Desktop\E-commerce-Project\.venv\Lib\site-packages\django\utils\functional.py", line 251, in inner
    self._setup()
    ~~~~~~~~~~~^^
  File "C:\Users\milan\OneDrive\Desktop\E-commerce-Project\.venv\Lib\site-packages\django\utils\functional.py", line 404, in _setup
    self._wrapped = self._setupfunc()
                    ~~~~~~~~~~~~~~~^^
  File "C:\Users\milan\OneDrive\Desktop\E-commerce-Project\.venv\Lib\site-packages\django\contrib\auth\middleware.py", line 39, in <lambda>
    request.user = SimpleLazyObject(lambda: get_user(request))
                                            ~~~~~~~~^^^^^^^^^
  File "C:\Users\milan\OneDrive\Desktop\E-commerce-Project\.venv\Lib\site-packages\django\contrib\auth\middleware.py", line 19, in get_user
    request._cached_user = auth.get_user(request)
                           ~~~~~~~~~~~~~^^^^^^^^^
  File "C:\Users\milan\OneDrive\Desktop\E-commerce-Project\.venv\Lib\site-packages\django\contrib\auth\__init__.py", line 311, in get_user
    user = backend.get_user(user_id)
  File "C:\Users\milan\OneDrive\Desktop\E-commerce-Project\.venv\Lib\site-packages\django\contrib\auth\backends.py", line 232, in get_user
    user = UserModel._default_manager.get(pk=user_id)
  File "C:\Users\milan\OneDrive\Desktop\E-commerce-Project\.venv\Lib\site-packages\django\db\models\manager.py", line 87, in manager_method
    return getattr(self.get_queryset(), name)(*args, **kwargs)
           ~~~~~~~~~~~~~~~~~~~~~~~~~~~~~~~~~~^^^^^^^^^^^^^^^^^
  File "C:\Users\milan\OneDrive\Desktop\E-commerce-Project\.venv\Lib\site-packages\django\db\models\query.py", line 629, in get
    num = len(clone)
  File "C:\Users\milan\OneDrive\Desktop\E-commerce-Project\.venv\Lib\site-packages\django\db\models\query.py", line 366, in __len__
    self._fetch_all()
    ~~~~~~~~~~~~~~~^^
  File "C:\Users\milan\OneDrive\Desktop\E-commerce-Project\.venv\Lib\site-packages\django\db\models\query.py", line 1935, in _fetch_all
    self._result_cache = list(self._iterable_class(self))
                         ~~~~^^^^^^^^^^^^^^^^^^^^^^^^^^^^
  File "C:\Users\milan\OneDrive\Desktop\E-commerce-Project\.venv\Lib\site-packages\django\db\models\query.py", line 91, in __iter__
    results = compiler.execute_sql(
        chunked_fetch=self.chunked_fetch, chunk_size=self.chunk_size
    )
  File "C:\Users\milan\OneDrive\Desktop\E-commerce-Project\.venv\Lib\site-packages\django\db\models\sql\compiler.py", line 1622, in execute_sql
    cursor.execute(sql, params)
    ~~~~~~~~~~~~~~^^^^^^^^^^^^^
  File "C:\Users\milan\OneDrive\Desktop\E-commerce-Project\.venv\Lib\site-packages\django\db\backends\utils.py", line 79, in execute
    return self._execute_with_wrappers(
           ~~~~~~~~~~~~~~~~~~~~~~~~~~~^
        sql, params, many=False, executor=self._execute
        ^^^^^^^^^^^^^^^^^^^^^^^^^^^^^^^^^^^^^^^^^^^^^^^
    )
    ^
  File "C:\Users\milan\OneDrive\Desktop\E-commerce-Project\.venv\Lib\site-packages\django\db\backends\utils.py", line 92, in _execute_with_wrappers
    return executor(sql, params, many, context)
  File "C:\Users\milan\OneDrive\Desktop\E-commerce-Project\.venv\Lib\site-packages\django\db\backends\utils.py", line 100, in _execute
    with self.db.wrap_database_errors:
         ^^^^^^^^^^^^^^^^^^^^^^^^^^^^
  File "C:\Users\milan\OneDrive\Desktop\E-commerce-Project\.venv\Lib\site-packages\django\db\utils.py", line 91, in __exit__
    raise dj_exc_value.with_traceback(traceback) from exc_value
  File "C:\Users\milan\OneDrive\Desktop\E-commerce-Project\.venv\Lib\site-packages\django\db\backends\utils.py", line 105, in _execute
    return self.cursor.execute(sql, params)
           ~~~~~~~~~~~~~~~~~~~^^^^^^^^^^^^^
  File "C:\Users\milan\OneDrive\Desktop\E-commerce-Project\.venv\Lib\site-packages\django\db\backends\mysql\base.py", line 76, in execute
    return self.cursor.execute(query, args)
           ~~~~~~~~~~~~~~~~~~~^^^^^^^^^^^^^
  File "C:\Users\milan\OneDrive\Desktop\E-commerce-Project\.venv\Lib\site-packages\MySQLdb\cursors.py", line 179, in execute
    res = self._query(mogrified_query)
  File "C:\Users\milan\OneDrive\Desktop\E-commerce-Project\.venv\Lib\site-packages\MySQLdb\cursors.py", line 330, in _query
    db.query(q)
    ~~~~~~~~^^^
  File "C:\Users\milan\OneDrive\Desktop\E-commerce-Project\.venv\Lib\site-packages\MySQLdb\connections.py", line 286, in query
    _mysql.connection.query(self, query)
    ~~~~~~~~~~~~~~~~~~~~~~~^^^^^^^^^^^^^
django.db.utils.OperationalError: (1054, "Unknown column 'accounts_customuser.can_view_audit_trail' in 'field list'")

During handling of the above exception, another exception occurred:

Traceback (most recent call last):
  File "C:\Users\milan\OneDrive\Desktop\E-commerce-Project\.venv\Lib\site-packages\django\db\backends\utils.py", line 105, in _execute
    return self.cursor.execute(sql, params)
           ~~~~~~~~~~~~~~~~~~~^^^^^^^^^^^^^
  File "C:\Users\milan\OneDrive\Desktop\E-commerce-Project\.venv\Lib\site-packages\django\db\backends\mysql\base.py", line 76, in execute
    return self.cursor.execute(query, args)
           ~~~~~~~~~~~~~~~~~~~^^^^^^^^^^^^^
  File "C:\Users\milan\OneDrive\Desktop\E-commerce-Project\.venv\Lib\site-packages\MySQLdb\cursors.py", line 179, in execute
    res = self._query(mogrified_query)
  File "C:\Users\milan\OneDrive\Desktop\E-commerce-Project\.venv\Lib\site-packages\MySQLdb\cursors.py", line 330, in _query
    db.query(q)
    ~~~~~~~~^^^
  File "C:\Users\milan\OneDrive\Desktop\E-commerce-Project\.venv\Lib\site-packages\MySQLdb\connections.py", line 286, in query
    _mysql.connection.query(self, query)
    ~~~~~~~~~~~~~~~~~~~~~~~^^^^^^^^^^^^^
MySQLdb.OperationalError: (1054, "Unknown column 'accounts_customuser.can_view_audit_trail' in 'field list'")

The above exception was the direct cause of the following exception:

Traceback (most recent call last):
  File "C:\Users\milan\OneDrive\Desktop\E-commerce-Project\myproject\sentinel\services.py", line 150, in log_event
    if candidate is not None and getattr(candidate, 'is_authenticated', False):
                                 ~~~~~~~^^^^^^^^^^^^^^^^^^^^^^^^^^^^^^^^^^^^^^
  File "C:\Users\milan\OneDrive\Desktop\E-commerce-Project\.venv\Lib\site-packages\django\utils\functional.py", line 251, in inner
    self._setup()
    ~~~~~~~~~~~^^
  File "C:\Users\milan\OneDrive\Desktop\E-commerce-Project\.venv\Lib\site-packages\django\utils\functional.py", line 404, in _setup
    self._wrapped = self._setupfunc()
                    ~~~~~~~~~~~~~~~^^
  File "C:\Users\milan\OneDrive\Desktop\E-commerce-Project\.venv\Lib\site-packages\django\contrib\auth\middleware.py", line 39, in <lambda>
    request.user = SimpleLazyObject(lambda: get_user(request))
                                            ~~~~~~~~^^^^^^^^^
  File "C:\Users\milan\OneDrive\Desktop\E-commerce-Project\.venv\Lib\site-packages\django\contrib\auth\middleware.py", line 19, in get_user
    request._cached_user = auth.get_user(request)
                           ~~~~~~~~~~~~~^^^^^^^^^
  File "C:\Users\milan\OneDrive\Desktop\E-commerce-Project\.venv\Lib\site-packages\django\contrib\auth\__init__.py", line 311, in get_user
    user = backend.get_user(user_id)
  File "C:\Users\milan\OneDrive\Desktop\E-commerce-Project\.venv\Lib\site-packages\django\contrib\auth\backends.py", line 232, in get_user
    user = UserModel._default_manager.get(pk=user_id)
  File "C:\Users\milan\OneDrive\Desktop\E-commerce-Project\.venv\Lib\site-packages\django\db\models\manager.py", line 87, in manager_method
    return getattr(self.get_queryset(), name)(*args, **kwargs)
           ~~~~~~~~~~~~~~~~~~~~~~~~~~~~~~~~~~^^^^^^^^^^^^^^^^^
  File "C:\Users\milan\OneDrive\Desktop\E-commerce-Project\.venv\Lib\site-packages\django\db\models\query.py", line 629, in get
    num = len(clone)
  File "C:\Users\milan\OneDrive\Desktop\E-commerce-Project\.venv\Lib\site-packages\django\db\models\query.py", line 366, in __len__
    self._fetch_all()
    ~~~~~~~~~~~~~~~^^
  File "C:\Users\milan\OneDrive\Desktop\E-commerce-Project\.venv\Lib\site-packages\django\db\models\query.py", line 1935, in _fetch_all
    self._result_cache = list(self._iterable_class(self))
                         ~~~~^^^^^^^^^^^^^^^^^^^^^^^^^^^^
  File "C:\Users\milan\OneDrive\Desktop\E-commerce-Project\.venv\Lib\site-packages\django\db\models\query.py", line 91, in __iter__
    results = compiler.execute_sql(
        chunked_fetch=self.chunked_fetch, chunk_size=self.chunk_size
    )
  File "C:\Users\milan\OneDrive\Desktop\E-commerce-Project\.venv\Lib\site-packages\django\db\models\sql\compiler.py", line 1622, in execute_sql
    cursor.execute(sql, params)
    ~~~~~~~~~~~~~~^^^^^^^^^^^^^
  File "C:\Users\milan\OneDrive\Desktop\E-commerce-Project\.venv\Lib\site-packages\django\db\backends\utils.py", line 79, in execute
    return self._execute_with_wrappers(
           ~~~~~~~~~~~~~~~~~~~~~~~~~~~^
        sql, params, many=False, executor=self._execute
        ^^^^^^^^^^^^^^^^^^^^^^^^^^^^^^^^^^^^^^^^^^^^^^^
    )
    ^
  File "C:\Users\milan\OneDrive\Desktop\E-commerce-Project\.venv\Lib\site-packages\django\db\backends\utils.py", line 92, in _execute_with_wrappers
    return executor(sql, params, many, context)
  File "C:\Users\milan\OneDrive\Desktop\E-commerce-Project\.venv\Lib\site-packages\django\db\backends\utils.py", line 100, in _execute
    with self.db.wrap_database_errors:
         ^^^^^^^^^^^^^^^^^^^^^^^^^^^^
  File "C:\Users\milan\OneDrive\Desktop\E-commerce-Project\.venv\Lib\site-packages\django\db\utils.py", line 91, in __exit__
    raise dj_exc_value.with_traceback(traceback) from exc_value
  File "C:\Users\milan\OneDrive\Desktop\E-commerce-Project\.venv\Lib\site-packages\django\db\backends\utils.py", line 105, in _execute
    return self.cursor.execute(sql, params)
           ~~~~~~~~~~~~~~~~~~~^^^^^^^^^^^^^
  File "C:\Users\milan\OneDrive\Desktop\E-commerce-Project\.venv\Lib\site-packages\django\db\backends\mysql\base.py", line 76, in execute
    return self.cursor.execute(query, args)
           ~~~~~~~~~~~~~~~~~~~^^^^^^^^^^^^^
  File "C:\Users\milan\OneDrive\Desktop\E-commerce-Project\.venv\Lib\site-packages\MySQLdb\cursors.py", line 179, in execute
    res = self._query(mogrified_query)
  File "C:\Users\milan\OneDrive\Desktop\E-commerce-Project\.venv\Lib\site-packages\MySQLdb\cursors.py", line 330, in _query
    db.query(q)
    ~~~~~~~~^^^
  File "C:\Users\milan\OneDrive\Desktop\E-commerce-Project\.venv\Lib\site-packages\MySQLdb\connections.py", line 286, in query
    _mysql.connection.query(self, query)
    ~~~~~~~~~~~~~~~~~~~~~~~^^^^^^^^^^^^^
django.db.utils.OperationalError: (1054, "Unknown column 'accounts_customuser.can_view_audit_trail' in 'field list'")
[ERROR] 2026-08-03 15:20:20 services.log_event:221 Sentinel failed to record event: OperationalError in /api/active-notice/
Traceback (most recent call last):
  File "C:\Users\milan\OneDrive\Desktop\E-commerce-Project\.venv\Lib\site-packages\django\db\backends\utils.py", line 105, in _execute
    return self.cursor.execute(sql, params)
           ~~~~~~~~~~~~~~~~~~~^^^^^^^^^^^^^
  File "C:\Users\milan\OneDrive\Desktop\E-commerce-Project\.venv\Lib\site-packages\django\db\backends\mysql\base.py", line 76, in execute
    return self.cursor.execute(query, args)
           ~~~~~~~~~~~~~~~~~~~^^^^^^^^^^^^^
  File "C:\Users\milan\OneDrive\Desktop\E-commerce-Project\.venv\Lib\site-packages\MySQLdb\cursors.py", line 179, in execute
    res = self._query(mogrified_query)
  File "C:\Users\milan\OneDrive\Desktop\E-commerce-Project\.venv\Lib\site-packages\MySQLdb\cursors.py", line 330, in _query
    db.query(q)
    ~~~~~~~~^^^
  File "C:\Users\milan\OneDrive\Desktop\E-commerce-Project\.venv\Lib\site-packages\MySQLdb\connections.py", line 286, in query
    _mysql.connection.query(self, query)
    ~~~~~~~~~~~~~~~~~~~~~~~^^^^^^^^^^^^^
MySQLdb.OperationalError: (1054, "Unknown column 'accounts_customuser.can_view_audit_trail' in 'field list'")

The above exception was the direct cause of the following exception:

Traceback (most recent call last):
  File "C:\Users\milan\OneDrive\Desktop\E-commerce-Project\.venv\Lib\site-packages\django\core\handlers\base.py", line 197, in _get_response
    response = wrapped_callback(request, *callback_args, **callback_kwargs)
  File "C:\Users\milan\OneDrive\Desktop\E-commerce-Project\.venv\Lib\site-packages\django\contrib\auth\decorators.py", line 56, in _view_wrapper
    test_pass = test_func(request.user)
  File "C:\Users\milan\OneDrive\Desktop\E-commerce-Project\.venv\Lib\site-packages\django\contrib\auth\decorators.py", line 79, in <lambda>
    lambda u: u.is_authenticated,
              ^^^^^^^^^^^^^^^^^^
  File "C:\Users\milan\OneDrive\Desktop\E-commerce-Project\.venv\Lib\site-packages\django\utils\functional.py", line 251, in inner
    self._setup()
    ~~~~~~~~~~~^^
  File "C:\Users\milan\OneDrive\Desktop\E-commerce-Project\.venv\Lib\site-packages\django\utils\functional.py", line 404, in _setup
    self._wrapped = self._setupfunc()
                    ~~~~~~~~~~~~~~~^^
  File "C:\Users\milan\OneDrive\Desktop\E-commerce-Project\.venv\Lib\site-packages\django\contrib\auth\middleware.py", line 39, in <lambda>
    request.user = SimpleLazyObject(lambda: get_user(request))
                                            ~~~~~~~~^^^^^^^^^
  File "C:\Users\milan\OneDrive\Desktop\E-commerce-Project\.venv\Lib\site-packages\django\contrib\auth\middleware.py", line 19, in get_user
    request._cached_user = auth.get_user(request)
                           ~~~~~~~~~~~~~^^^^^^^^^
  File "C:\Users\milan\OneDrive\Desktop\E-commerce-Project\.venv\Lib\site-packages\django\contrib\auth\__init__.py", line 311, in get_user
    user = backend.get_user(user_id)
  File "C:\Users\milan\OneDrive\Desktop\E-commerce-Project\.venv\Lib\site-packages\django\contrib\auth\backends.py", line 232, in get_user
    user = UserModel._default_manager.get(pk=user_id)
  File "C:\Users\milan\OneDrive\Desktop\E-commerce-Project\.venv\Lib\site-packages\django\db\models\manager.py", line 87, in manager_method
    return getattr(self.get_queryset(), name)(*args, **kwargs)
           ~~~~~~~~~~~~~~~~~~~~~~~~~~~~~~~~~~^^^^^^^^^^^^^^^^^
  File "C:\Users\milan\OneDrive\Desktop\E-commerce-Project\.venv\Lib\site-packages\django\db\models\query.py", line 629, in get
    num = len(clone)
  File "C:\Users\milan\OneDrive\Desktop\E-commerce-Project\.venv\Lib\site-packages\django\db\models\query.py", line 366, in __len__
    self._fetch_all()
    ~~~~~~~~~~~~~~~^^
  File "C:\Users\milan\OneDrive\Desktop\E-commerce-Project\.venv\Lib\site-packages\django\db\models\query.py", line 1935, in _fetch_all
    self._result_cache = list(self._iterable_class(self))
                         ~~~~^^^^^^^^^^^^^^^^^^^^^^^^^^^^
  File "C:\Users\milan\OneDrive\Desktop\E-commerce-Project\.venv\Lib\site-packages\django\db\models\query.py", line 91, in __iter__
    results = compiler.execute_sql(
        chunked_fetch=self.chunked_fetch, chunk_size=self.chunk_size
    )
  File "C:\Users\milan\OneDrive\Desktop\E-commerce-Project\.venv\Lib\site-packages\django\db\models\sql\compiler.py", line 1622, in execute_sql
    cursor.execute(sql, params)
    ~~~~~~~~~~~~~~^^^^^^^^^^^^^
  File "C:\Users\milan\OneDrive\Desktop\E-commerce-Project\.venv\Lib\site-packages\django\db\backends\utils.py", line 79, in execute
    return self._execute_with_wrappers(
           ~~~~~~~~~~~~~~~~~~~~~~~~~~~^
        sql, params, many=False, executor=self._execute
        ^^^^^^^^^^^^^^^^^^^^^^^^^^^^^^^^^^^^^^^^^^^^^^^
    )
    ^
  File "C:\Users\milan\OneDrive\Desktop\E-commerce-Project\.venv\Lib\site-packages\django\db\backends\utils.py", line 92, in _execute_with_wrappers
    return executor(sql, params, many, context)
  File "C:\Users\milan\OneDrive\Desktop\E-commerce-Project\.venv\Lib\site-packages\django\db\backends\utils.py", line 100, in _execute
    with self.db.wrap_database_errors:
         ^^^^^^^^^^^^^^^^^^^^^^^^^^^^
  File "C:\Users\milan\OneDrive\Desktop\E-commerce-Project\.venv\Lib\site-packages\django\db\utils.py", line 91, in __exit__
    raise dj_exc_value.with_traceback(traceback) from exc_value
  File "C:\Users\milan\OneDrive\Desktop\E-commerce-Project\.venv\Lib\site-packages\django\db\backends\utils.py", line 105, in _execute
    return self.cursor.execute(sql, params)
           ~~~~~~~~~~~~~~~~~~~^^^^^^^^^^^^^
  File "C:\Users\milan\OneDrive\Desktop\E-commerce-Project\.venv\Lib\site-packages\django\db\backends\mysql\base.py", line 76, in execute
    return self.cursor.execute(query, args)
           ~~~~~~~~~~~~~~~~~~~^^^^^^^^^^^^^
  File "C:\Users\milan\OneDrive\Desktop\E-commerce-Project\.venv\Lib\site-packages\MySQLdb\cursors.py", line 179, in execute
    res = self._query(mogrified_query)
  File "C:\Users\milan\OneDrive\Desktop\E-commerce-Project\.venv\Lib\site-packages\MySQLdb\cursors.py", line 330, in _query
    db.query(q)
    ~~~~~~~~^^^
  File "C:\Users\milan\OneDrive\Desktop\E-commerce-Project\.venv\Lib\site-packages\MySQLdb\connections.py", line 286, in query
    _mysql.connection.query(self, query)
    ~~~~~~~~~~~~~~~~~~~~~~~^^^^^^^^^^^^^
django.db.utils.OperationalError: (1054, "Unknown column 'accounts_customuser.can_view_audit_trail' in 'field list'")

During handling of the above exception, another exception occurred:

Traceback (most recent call last):
  File "C:\Users\milan\OneDrive\Desktop\E-commerce-Project\.venv\Lib\site-packages\django\db\backends\utils.py", line 105, in _execute
    return self.cursor.execute(sql, params)
           ~~~~~~~~~~~~~~~~~~~^^^^^^^^^^^^^
  File "C:\Users\milan\OneDrive\Desktop\E-commerce-Project\.venv\Lib\site-packages\django\db\backends\mysql\base.py", line 76, in execute
    return self.cursor.execute(query, args)
           ~~~~~~~~~~~~~~~~~~~^^^^^^^^^^^^^
  File "C:\Users\milan\OneDrive\Desktop\E-commerce-Project\.venv\Lib\site-packages\MySQLdb\cursors.py", line 179, in execute
    res = self._query(mogrified_query)
  File "C:\Users\milan\OneDrive\Desktop\E-commerce-Project\.venv\Lib\site-packages\MySQLdb\cursors.py", line 330, in _query
    db.query(q)
    ~~~~~~~~^^^
  File "C:\Users\milan\OneDrive\Desktop\E-commerce-Project\.venv\Lib\site-packages\MySQLdb\connections.py", line 286, in query
    _mysql.connection.query(self, query)
    ~~~~~~~~~~~~~~~~~~~~~~~^^^^^^^^^^^^^
MySQLdb.OperationalError: (1054, "Unknown column 'accounts_customuser.can_view_audit_trail' in 'field list'")

The above exception was the direct cause of the following exception:

Traceback (most recent call last):
  File "C:\Users\milan\OneDrive\Desktop\E-commerce-Project\myproject\sentinel\services.py", line 150, in log_event
    if candidate is not None and getattr(candidate, 'is_authenticated', False):
                                 ~~~~~~~^^^^^^^^^^^^^^^^^^^^^^^^^^^^^^^^^^^^^^
  File "C:\Users\milan\OneDrive\Desktop\E-commerce-Project\.venv\Lib\site-packages\django\utils\functional.py", line 251, in inner
    self._setup()
    ~~~~~~~~~~~^^
  File "C:\Users\milan\OneDrive\Desktop\E-commerce-Project\.venv\Lib\site-packages\django\utils\functional.py", line 404, in _setup
    self._wrapped = self._setupfunc()
                    ~~~~~~~~~~~~~~~^^
  File "C:\Users\milan\OneDrive\Desktop\E-commerce-Project\.venv\Lib\site-packages\django\contrib\auth\middleware.py", line 39, in <lambda>
    request.user = SimpleLazyObject(lambda: get_user(request))
                                            ~~~~~~~~^^^^^^^^^
  File "C:\Users\milan\OneDrive\Desktop\E-commerce-Project\.venv\Lib\site-packages\django\contrib\auth\middleware.py", line 19, in get_user
    request._cached_user = auth.get_user(request)
                           ~~~~~~~~~~~~~^^^^^^^^^
  File "C:\Users\milan\OneDrive\Desktop\E-commerce-Project\.venv\Lib\site-packages\django\contrib\auth\__init__.py", line 311, in get_user
    user = backend.get_user(user_id)
  File "C:\Users\milan\OneDrive\Desktop\E-commerce-Project\.venv\Lib\site-packages\django\contrib\auth\backends.py", line 232, in get_user
    user = UserModel._default_manager.get(pk=user_id)
  File "C:\Users\milan\OneDrive\Desktop\E-commerce-Project\.venv\Lib\site-packages\django\db\models\manager.py", line 87, in manager_method
    return getattr(self.get_queryset(), name)(*args, **kwargs)
           ~~~~~~~~~~~~~~~~~~~~~~~~~~~~~~~~~~^^^^^^^^^^^^^^^^^
  File "C:\Users\milan\OneDrive\Desktop\E-commerce-Project\.venv\Lib\site-packages\django\db\models\query.py", line 629, in get
    num = len(clone)
  File "C:\Users\milan\OneDrive\Desktop\E-commerce-Project\.venv\Lib\site-packages\django\db\models\query.py", line 366, in __len__
    self._fetch_all()
    ~~~~~~~~~~~~~~~^^
  File "C:\Users\milan\OneDrive\Desktop\E-commerce-Project\.venv\Lib\site-packages\django\db\models\query.py", line 1935, in _fetch_all
    self._result_cache = list(self._iterable_class(self))
                         ~~~~^^^^^^^^^^^^^^^^^^^^^^^^^^^^
  File "C:\Users\milan\OneDrive\Desktop\E-commerce-Project\.venv\Lib\site-packages\django\db\models\query.py", line 91, in __iter__
    results = compiler.execute_sql(
        chunked_fetch=self.chunked_fetch, chunk_size=self.chunk_size
    )
  File "C:\Users\milan\OneDrive\Desktop\E-commerce-Project\.venv\Lib\site-packages\django\db\models\sql\compiler.py", line 1622, in execute_sql
    cursor.execute(sql, params)
    ~~~~~~~~~~~~~~^^^^^^^^^^^^^
  File "C:\Users\milan\OneDrive\Desktop\E-commerce-Project\.venv\Lib\site-packages\django\db\backends\utils.py", line 79, in execute
    return self._execute_with_wrappers(
           ~~~~~~~~~~~~~~~~~~~~~~~~~~~^
        sql, params, many=False, executor=self._execute
        ^^^^^^^^^^^^^^^^^^^^^^^^^^^^^^^^^^^^^^^^^^^^^^^
    )
    ^
  File "C:\Users\milan\OneDrive\Desktop\E-commerce-Project\.venv\Lib\site-packages\django\db\backends\utils.py", line 92, in _execute_with_wrappers
    return executor(sql, params, many, context)
  File "C:\Users\milan\OneDrive\Desktop\E-commerce-Project\.venv\Lib\site-packages\django\db\backends\utils.py", line 100, in _execute
    with self.db.wrap_database_errors:
         ^^^^^^^^^^^^^^^^^^^^^^^^^^^^
  File "C:\Users\milan\OneDrive\Desktop\E-commerce-Project\.venv\Lib\site-packages\django\db\utils.py", line 91, in __exit__
    raise dj_exc_value.with_traceback(traceback) from exc_value
  File "C:\Users\milan\OneDrive\Desktop\E-commerce-Project\.venv\Lib\site-packages\django\db\backends\utils.py", line 105, in _execute
    return self.cursor.execute(sql, params)
           ~~~~~~~~~~~~~~~~~~~^^^^^^^^^^^^^
  File "C:\Users\milan\OneDrive\Desktop\E-commerce-Project\.venv\Lib\site-packages\django\db\backends\mysql\base.py", line 76, in execute
    return self.cursor.execute(query, args)
           ~~~~~~~~~~~~~~~~~~~^^^^^^^^^^^^^
  File "C:\Users\milan\OneDrive\Desktop\E-commerce-Project\.venv\Lib\site-packages\MySQLdb\cursors.py", line 179, in execute
    res = self._query(mogrified_query)
  File "C:\Users\milan\OneDrive\Desktop\E-commerce-Project\.venv\Lib\site-packages\MySQLdb\cursors.py", line 330, in _query
    db.query(q)
    ~~~~~~~~^^^
  File "C:\Users\milan\OneDrive\Desktop\E-commerce-Project\.venv\Lib\site-packages\MySQLdb\connections.py", line 286, in query
    _mysql.connection.query(self, query)
    ~~~~~~~~~~~~~~~~~~~~~~~^^^^^^^^^^^^^
django.db.utils.OperationalError: (1054, "Unknown column 'accounts_customuser.can_view_audit_trail' in 'field list'")
[ERROR] 2026-08-03 15:20:20 services.log_event:221 Sentinel failed to record event: OperationalError in /hrm/attendance/incomplete/
Traceback (most recent call last):
  File "C:\Users\milan\OneDrive\Desktop\E-commerce-Project\.venv\Lib\site-packages\django\db\backends\utils.py", line 105, in _execute
    return self.cursor.execute(sql, params)
           ~~~~~~~~~~~~~~~~~~~^^^^^^^^^^^^^
  File "C:\Users\milan\OneDrive\Desktop\E-commerce-Project\.venv\Lib\site-packages\django\db\backends\mysql\base.py", line 76, in execute
    return self.cursor.execute(query, args)
           ~~~~~~~~~~~~~~~~~~~^^^^^^^^^^^^^
  File "C:\Users\milan\OneDrive\Desktop\E-commerce-Project\.venv\Lib\site-packages\MySQLdb\cursors.py", line 179, in execute
    res = self._query(mogrified_query)
  File "C:\Users\milan\OneDrive\Desktop\E-commerce-Project\.venv\Lib\site-packages\MySQLdb\cursors.py", line 330, in _query
    db.query(q)
    ~~~~~~~~^^^
  File "C:\Users\milan\OneDrive\Desktop\E-commerce-Project\.venv\Lib\site-packages\MySQLdb\connections.py", line 286, in query
    _mysql.connection.query(self, query)
    ~~~~~~~~~~~~~~~~~~~~~~~^^^^^^^^^^^^^
MySQLdb.OperationalError: (1054, "Unknown column 'accounts_customuser.can_view_audit_trail' in 'field list'")

The above exception was the direct cause of the following exception:

Traceback (most recent call last):
  File "C:\Users\milan\OneDrive\Desktop\E-commerce-Project\.venv\Lib\site-packages\django\core\handlers\base.py", line 197, in _get_response
    response = wrapped_callback(request, *callback_args, **callback_kwargs)
  File "C:\Users\milan\OneDrive\Desktop\E-commerce-Project\.venv\Lib\site-packages\django\contrib\auth\decorators.py", line 56, in _view_wrapper
    test_pass = test_func(request.user)
  File "C:\Users\milan\OneDrive\Desktop\E-commerce-Project\.venv\Lib\site-packages\django\contrib\auth\decorators.py", line 79, in <lambda>
    lambda u: u.is_authenticated,
              ^^^^^^^^^^^^^^^^^^
  File "C:\Users\milan\OneDrive\Desktop\E-commerce-Project\.venv\Lib\site-packages\django\utils\functional.py", line 251, in inner
    self._setup()
    ~~~~~~~~~~~^^
  File "C:\Users\milan\OneDrive\Desktop\E-commerce-Project\.venv\Lib\site-packages\django\utils\functional.py", line 404, in _setup
    self._wrapped = self._setupfunc()
                    ~~~~~~~~~~~~~~~^^
  File "C:\Users\milan\OneDrive\Desktop\E-commerce-Project\.venv\Lib\site-packages\django\contrib\auth\middleware.py", line 39, in <lambda>
    request.user = SimpleLazyObject(lambda: get_user(request))
                                            ~~~~~~~~^^^^^^^^^
  File "C:\Users\milan\OneDrive\Desktop\E-commerce-Project\.venv\Lib\site-packages\django\contrib\auth\middleware.py", line 19, in get_user
    request._cached_user = auth.get_user(request)
                           ~~~~~~~~~~~~~^^^^^^^^^
  File "C:\Users\milan\OneDrive\Desktop\E-commerce-Project\.venv\Lib\site-packages\django\contrib\auth\__init__.py", line 311, in get_user
    user = backend.get_user(user_id)
  File "C:\Users\milan\OneDrive\Desktop\E-commerce-Project\.venv\Lib\site-packages\django\contrib\auth\backends.py", line 232, in get_user
    user = UserModel._default_manager.get(pk=user_id)
  File "C:\Users\milan\OneDrive\Desktop\E-commerce-Project\.venv\Lib\site-packages\django\db\models\manager.py", line 87, in manager_method
    return getattr(self.get_queryset(), name)(*args, **kwargs)
           ~~~~~~~~~~~~~~~~~~~~~~~~~~~~~~~~~~^^^^^^^^^^^^^^^^^
  File "C:\Users\milan\OneDrive\Desktop\E-commerce-Project\.venv\Lib\site-packages\django\db\models\query.py", line 629, in get
    num = len(clone)
  File "C:\Users\milan\OneDrive\Desktop\E-commerce-Project\.venv\Lib\site-packages\django\db\models\query.py", line 366, in __len__
    self._fetch_all()
    ~~~~~~~~~~~~~~~^^
  File "C:\Users\milan\OneDrive\Desktop\E-commerce-Project\.venv\Lib\site-packages\django\db\models\query.py", line 1935, in _fetch_all
    self._result_cache = list(self._iterable_class(self))
                         ~~~~^^^^^^^^^^^^^^^^^^^^^^^^^^^^
  File "C:\Users\milan\OneDrive\Desktop\E-commerce-Project\.venv\Lib\site-packages\django\db\models\query.py", line 91, in __iter__
    results = compiler.execute_sql(
        chunked_fetch=self.chunked_fetch, chunk_size=self.chunk_size
    )
  File "C:\Users\milan\OneDrive\Desktop\E-commerce-Project\.venv\Lib\site-packages\django\db\models\sql\compiler.py", line 1622, in execute_sql
    cursor.execute(sql, params)
    ~~~~~~~~~~~~~~^^^^^^^^^^^^^
  File "C:\Users\milan\OneDrive\Desktop\E-commerce-Project\.venv\Lib\site-packages\django\db\backends\utils.py", line 79, in execute
    return self._execute_with_wrappers(
           ~~~~~~~~~~~~~~~~~~~~~~~~~~~^
        sql, params, many=False, executor=self._execute
        ^^^^^^^^^^^^^^^^^^^^^^^^^^^^^^^^^^^^^^^^^^^^^^^
    )
    ^
  File "C:\Users\milan\OneDrive\Desktop\E-commerce-Project\.venv\Lib\site-packages\django\db\backends\utils.py", line 92, in _execute_with_wrappers
    return executor(sql, params, many, context)
  File "C:\Users\milan\OneDrive\Desktop\E-commerce-Project\.venv\Lib\site-packages\django\db\backends\utils.py", line 100, in _execute
    with self.db.wrap_database_errors:
         ^^^^^^^^^^^^^^^^^^^^^^^^^^^^
  File "C:\Users\milan\OneDrive\Desktop\E-commerce-Project\.venv\Lib\site-packages\django\db\utils.py", line 91, in __exit__
    raise dj_exc_value.with_traceback(traceback) from exc_value
  File "C:\Users\milan\OneDrive\Desktop\E-commerce-Project\.venv\Lib\site-packages\django\db\backends\utils.py", line 105, in _execute
    return self.cursor.execute(sql, params)
           ~~~~~~~~~~~~~~~~~~~^^^^^^^^^^^^^
  File "C:\Users\milan\OneDrive\Desktop\E-commerce-Project\.venv\Lib\site-packages\django\db\backends\mysql\base.py", line 76, in execute
    return self.cursor.execute(query, args)
           ~~~~~~~~~~~~~~~~~~~^^^^^^^^^^^^^
  File "C:\Users\milan\OneDrive\Desktop\E-commerce-Project\.venv\Lib\site-packages\MySQLdb\cursors.py", line 179, in execute
    res = self._query(mogrified_query)
  File "C:\Users\milan\OneDrive\Desktop\E-commerce-Project\.venv\Lib\site-packages\MySQLdb\cursors.py", line 330, in _query
    db.query(q)
    ~~~~~~~~^^^
  File "C:\Users\milan\OneDrive\Desktop\E-commerce-Project\.venv\Lib\site-packages\MySQLdb\connections.py", line 286, in query
    _mysql.connection.query(self, query)
    ~~~~~~~~~~~~~~~~~~~~~~~^^^^^^^^^^^^^
django.db.utils.OperationalError: (1054, "Unknown column 'accounts_customuser.can_view_audit_trail' in 'field list'")

During handling of the above exception, another exception occurred:

Traceback (most recent call last):
  File "C:\Users\milan\OneDrive\Desktop\E-commerce-Project\.venv\Lib\site-packages\django\db\backends\utils.py", line 105, in _execute
    return self.cursor.execute(sql, params)
           ~~~~~~~~~~~~~~~~~~~^^^^^^^^^^^^^
  File "C:\Users\milan\OneDrive\Desktop\E-commerce-Project\.venv\Lib\site-packages\django\db\backends\mysql\base.py", line 76, in execute
    return self.cursor.execute(query, args)
           ~~~~~~~~~~~~~~~~~~~^^^^^^^^^^^^^
  File "C:\Users\milan\OneDrive\Desktop\E-commerce-Project\.venv\Lib\site-packages\MySQLdb\cursors.py", line 179, in execute
    res = self._query(mogrified_query)
  File "C:\Users\milan\OneDrive\Desktop\E-commerce-Project\.venv\Lib\site-packages\MySQLdb\cursors.py", line 330, in _query
    db.query(q)
    ~~~~~~~~^^^
  File "C:\Users\milan\OneDrive\Desktop\E-commerce-Project\.venv\Lib\site-packages\MySQLdb\connections.py", line 286, in query
    _mysql.connection.query(self, query)
    ~~~~~~~~~~~~~~~~~~~~~~~^^^^^^^^^^^^^
MySQLdb.OperationalError: (1054, "Unknown column 'accounts_customuser.can_view_audit_trail' in 'field list'")

The above exception was the direct cause of the following exception:

Traceback (most recent call last):
  File "C:\Users\milan\OneDrive\Desktop\E-commerce-Project\myproject\sentinel\services.py", line 150, in log_event
    if candidate is not None and getattr(candidate, 'is_authenticated', False):
                                 ~~~~~~~^^^^^^^^^^^^^^^^^^^^^^^^^^^^^^^^^^^^^^
  File "C:\Users\milan\OneDrive\Desktop\E-commerce-Project\.venv\Lib\site-packages\django\utils\functional.py", line 251, in inner
    self._setup()
    ~~~~~~~~~~~^^
  File "C:\Users\milan\OneDrive\Desktop\E-commerce-Project\.venv\Lib\site-packages\django\utils\functional.py", line 404, in _setup
    self._wrapped = self._setupfunc()
                    ~~~~~~~~~~~~~~~^^
  File "C:\Users\milan\OneDrive\Desktop\E-commerce-Project\.venv\Lib\site-packages\django\contrib\auth\middleware.py", line 39, in <lambda>
    request.user = SimpleLazyObject(lambda: get_user(request))
                                            ~~~~~~~~^^^^^^^^^
  File "C:\Users\milan\OneDrive\Desktop\E-commerce-Project\.venv\Lib\site-packages\django\contrib\auth\middleware.py", line 19, in get_user
    request._cached_user = auth.get_user(request)
                           ~~~~~~~~~~~~~^^^^^^^^^
  File "C:\Users\milan\OneDrive\Desktop\E-commerce-Project\.venv\Lib\site-packages\django\contrib\auth\__init__.py", line 311, in get_user
    user = backend.get_user(user_id)
  File "C:\Users\milan\OneDrive\Desktop\E-commerce-Project\.venv\Lib\site-packages\django\contrib\auth\backends.py", line 232, in get_user
    user = UserModel._default_manager.get(pk=user_id)
  File "C:\Users\milan\OneDrive\Desktop\E-commerce-Project\.venv\Lib\site-packages\django\db\models\manager.py", line 87, in manager_method
    return getattr(self.get_queryset(), name)(*args, **kwargs)
           ~~~~~~~~~~~~~~~~~~~~~~~~~~~~~~~~~~^^^^^^^^^^^^^^^^^
  File "C:\Users\milan\OneDrive\Desktop\E-commerce-Project\.venv\Lib\site-packages\django\db\models\query.py", line 629, in get
    num = len(clone)
  File "C:\Users\milan\OneDrive\Desktop\E-commerce-Project\.venv\Lib\site-packages\django\db\models\query.py", line 366, in __len__
    self._fetch_all()
    ~~~~~~~~~~~~~~~^^
  File "C:\Users\milan\OneDrive\Desktop\E-commerce-Project\.venv\Lib\site-packages\django\db\models\query.py", line 1935, in _fetch_all
    self._result_cache = list(self._iterable_class(self))
                         ~~~~^^^^^^^^^^^^^^^^^^^^^^^^^^^^
  File "C:\Users\milan\OneDrive\Desktop\E-commerce-Project\.venv\Lib\site-packages\django\db\models\query.py", line 91, in __iter__
    results = compiler.execute_sql(
        chunked_fetch=self.chunked_fetch, chunk_size=self.chunk_size
    )
  File "C:\Users\milan\OneDrive\Desktop\E-commerce-Project\.venv\Lib\site-packages\django\db\models\sql\compiler.py", line 1622, in execute_sql
    cursor.execute(sql, params)
    ~~~~~~~~~~~~~~^^^^^^^^^^^^^
  File "C:\Users\milan\OneDrive\Desktop\E-commerce-Project\.venv\Lib\site-packages\django\db\backends\utils.py", line 79, in execute
    return self._execute_with_wrappers(
           ~~~~~~~~~~~~~~~~~~~~~~~~~~~^
        sql, params, many=False, executor=self._execute
        ^^^^^^^^^^^^^^^^^^^^^^^^^^^^^^^^^^^^^^^^^^^^^^^
    )
    ^
  File "C:\Users\milan\OneDrive\Desktop\E-commerce-Project\.venv\Lib\site-packages\django\db\backends\utils.py", line 92, in _execute_with_wrappers
    return executor(sql, params, many, context)
  File "C:\Users\milan\OneDrive\Desktop\E-commerce-Project\.venv\Lib\site-packages\django\db\backends\utils.py", line 100, in _execute
    with self.db.wrap_database_errors:
         ^^^^^^^^^^^^^^^^^^^^^^^^^^^^
  File "C:\Users\milan\OneDrive\Desktop\E-commerce-Project\.venv\Lib\site-packages\django\db\utils.py", line 91, in __exit__
    raise dj_exc_value.with_traceback(traceback) from exc_value
  File "C:\Users\milan\OneDrive\Desktop\E-commerce-Project\.venv\Lib\site-packages\django\db\backends\utils.py", line 105, in _execute
    return self.cursor.execute(sql, params)
           ~~~~~~~~~~~~~~~~~~~^^^^^^^^^^^^^
  File "C:\Users\milan\OneDrive\Desktop\E-commerce-Project\.venv\Lib\site-packages\django\db\backends\mysql\base.py", line 76, in execute
    return self.cursor.execute(query, args)
           ~~~~~~~~~~~~~~~~~~~^^^^^^^^^^^^^
  File "C:\Users\milan\OneDrive\Desktop\E-commerce-Project\.venv\Lib\site-packages\MySQLdb\cursors.py", line 179, in execute
    res = self._query(mogrified_query)
  File "C:\Users\milan\OneDrive\Desktop\E-commerce-Project\.venv\Lib\site-packages\MySQLdb\cursors.py", line 330, in _query
    db.query(q)
    ~~~~~~~~^^^
  File "C:\Users\milan\OneDrive\Desktop\E-commerce-Project\.venv\Lib\site-packages\MySQLdb\connections.py", line 286, in query
    _mysql.connection.query(self, query)
    ~~~~~~~~~~~~~~~~~~~~~~~^^^^^^^^^^^^^
django.db.utils.OperationalError: (1054, "Unknown column 'accounts_customuser.can_view_audit_trail' in 'field list'")
[ERROR] 2026-08-03 15:20:20 services.log_event:221 Sentinel failed to record event: OperationalError in /chat/api/unread-count/
Traceback (most recent call last):
  File "C:\Users\milan\OneDrive\Desktop\E-commerce-Project\.venv\Lib\site-packages\django\db\backends\utils.py", line 105, in _execute
    return self.cursor.execute(sql, params)
           ~~~~~~~~~~~~~~~~~~~^^^^^^^^^^^^^
  File "C:\Users\milan\OneDrive\Desktop\E-commerce-Project\.venv\Lib\site-packages\django\db\backends\mysql\base.py", line 76, in execute
    return self.cursor.execute(query, args)
           ~~~~~~~~~~~~~~~~~~~^^^^^^^^^^^^^
  File "C:\Users\milan\OneDrive\Desktop\E-commerce-Project\.venv\Lib\site-packages\MySQLdb\cursors.py", line 179, in execute
    res = self._query(mogrified_query)
  File "C:\Users\milan\OneDrive\Desktop\E-commerce-Project\.venv\Lib\site-packages\MySQLdb\cursors.py", line 330, in _query
    db.query(q)
    ~~~~~~~~^^^
  File "C:\Users\milan\OneDrive\Desktop\E-commerce-Project\.venv\Lib\site-packages\MySQLdb\connections.py", line 286, in query
    _mysql.connection.query(self, query)
    ~~~~~~~~~~~~~~~~~~~~~~~^^^^^^^^^^^^^
MySQLdb.OperationalError: (1054, "Unknown column 'accounts_customuser.can_view_audit_trail' in 'field list'")

The above exception was the direct cause of the following exception:

Traceback (most recent call last):
  File "C:\Users\milan\OneDrive\Desktop\E-commerce-Project\.venv\Lib\site-packages\django\core\handlers\base.py", line 197, in _get_response
    response = wrapped_callback(request, *callback_args, **callback_kwargs)
  File "C:\Users\milan\OneDrive\Desktop\E-commerce-Project\.venv\Lib\site-packages\django\views\decorators\http.py", line 64, in inner
    return func(request, *args, **kwargs)
  File "C:\Users\milan\OneDrive\Desktop\E-commerce-Project\myproject\chat\views.py", line 275, in api_unread_count
    if not request.user.is_authenticated:
           ^^^^^^^^^^^^^^^^^^^^^^^^^^^^^
  File "C:\Users\milan\OneDrive\Desktop\E-commerce-Project\.venv\Lib\site-packages\django\utils\functional.py", line 251, in inner
    self._setup()
    ~~~~~~~~~~~^^
  File "C:\Users\milan\OneDrive\Desktop\E-commerce-Project\.venv\Lib\site-packages\django\utils\functional.py", line 404, in _setup
    self._wrapped = self._setupfunc()
                    ~~~~~~~~~~~~~~~^^
  File "C:\Users\milan\OneDrive\Desktop\E-commerce-Project\.venv\Lib\site-packages\django\contrib\auth\middleware.py", line 39, in <lambda>
    request.user = SimpleLazyObject(lambda: get_user(request))
                                            ~~~~~~~~^^^^^^^^^
  File "C:\Users\milan\OneDrive\Desktop\E-commerce-Project\.venv\Lib\site-packages\django\contrib\auth\middleware.py", line 19, in get_user
    request._cached_user = auth.get_user(request)
                           ~~~~~~~~~~~~~^^^^^^^^^
  File "C:\Users\milan\OneDrive\Desktop\E-commerce-Project\.venv\Lib\site-packages\django\contrib\auth\__init__.py", line 311, in get_user
    user = backend.get_user(user_id)
  File "C:\Users\milan\OneDrive\Desktop\E-commerce-Project\.venv\Lib\site-packages\django\contrib\auth\backends.py", line 232, in get_user
    user = UserModel._default_manager.get(pk=user_id)
  File "C:\Users\milan\OneDrive\Desktop\E-commerce-Project\.venv\Lib\site-packages\django\db\models\manager.py", line 87, in manager_method
    return getattr(self.get_queryset(), name)(*args, **kwargs)
           ~~~~~~~~~~~~~~~~~~~~~~~~~~~~~~~~~~^^^^^^^^^^^^^^^^^
  File "C:\Users\milan\OneDrive\Desktop\E-commerce-Project\.venv\Lib\site-packages\django\db\models\query.py", line 629, in get
    num = len(clone)
  File "C:\Users\milan\OneDrive\Desktop\E-commerce-Project\.venv\Lib\site-packages\django\db\models\query.py", line 366, in __len__
    self._fetch_all()
    ~~~~~~~~~~~~~~~^^
  File "C:\Users\milan\OneDrive\Desktop\E-commerce-Project\.venv\Lib\site-packages\django\db\models\query.py", line 1935, in _fetch_all
    self._result_cache = list(self._iterable_class(self))
                         ~~~~^^^^^^^^^^^^^^^^^^^^^^^^^^^^
  File "C:\Users\milan\OneDrive\Desktop\E-commerce-Project\.venv\Lib\site-packages\django\db\models\query.py", line 91, in __iter__
    results = compiler.execute_sql(
        chunked_fetch=self.chunked_fetch, chunk_size=self.chunk_size
    )
  File "C:\Users\milan\OneDrive\Desktop\E-commerce-Project\.venv\Lib\site-packages\django\db\models\sql\compiler.py", line 1622, in execute_sql
    cursor.execute(sql, params)
    ~~~~~~~~~~~~~~^^^^^^^^^^^^^
  File "C:\Users\milan\OneDrive\Desktop\E-commerce-Project\.venv\Lib\site-packages\django\db\backends\utils.py", line 79, in execute
    return self._execute_with_wrappers(
           ~~~~~~~~~~~~~~~~~~~~~~~~~~~^
        sql, params, many=False, executor=self._execute
        ^^^^^^^^^^^^^^^^^^^^^^^^^^^^^^^^^^^^^^^^^^^^^^^
    )
    ^
  File "C:\Users\milan\OneDrive\Desktop\E-commerce-Project\.venv\Lib\site-packages\django\db\backends\utils.py", line 92, in _execute_with_wrappers
    return executor(sql, params, many, context)
  File "C:\Users\milan\OneDrive\Desktop\E-commerce-Project\.venv\Lib\site-packages\django\db\backends\utils.py", line 100, in _execute
    with self.db.wrap_database_errors:
         ^^^^^^^^^^^^^^^^^^^^^^^^^^^^
  File "C:\Users\milan\OneDrive\Desktop\E-commerce-Project\.venv\Lib\site-packages\django\db\utils.py", line 91, in __exit__
    raise dj_exc_value.with_traceback(traceback) from exc_value
  File "C:\Users\milan\OneDrive\Desktop\E-commerce-Project\.venv\Lib\site-packages\django\db\backends\utils.py", line 105, in _execute
    return self.cursor.execute(sql, params)
           ~~~~~~~~~~~~~~~~~~~^^^^^^^^^^^^^
  File "C:\Users\milan\OneDrive\Desktop\E-commerce-Project\.venv\Lib\site-packages\django\db\backends\mysql\base.py", line 76, in execute
    return self.cursor.execute(query, args)
           ~~~~~~~~~~~~~~~~~~~^^^^^^^^^^^^^
  File "C:\Users\milan\OneDrive\Desktop\E-commerce-Project\.venv\Lib\site-packages\MySQLdb\cursors.py", line 179, in execute
    res = self._query(mogrified_query)
  File "C:\Users\milan\OneDrive\Desktop\E-commerce-Project\.venv\Lib\site-packages\MySQLdb\cursors.py", line 330, in _query
    db.query(q)
    ~~~~~~~~^^^
  File "C:\Users\milan\OneDrive\Desktop\E-commerce-Project\.venv\Lib\site-packages\MySQLdb\connections.py", line 286, in query
    _mysql.connection.query(self, query)
    ~~~~~~~~~~~~~~~~~~~~~~~^^^^^^^^^^^^^
django.db.utils.OperationalError: (1054, "Unknown column 'accounts_customuser.can_view_audit_trail' in 'field list'")

During handling of the above exception, another exception occurred:

Traceback (most recent call last):
  File "C:\Users\milan\OneDrive\Desktop\E-commerce-Project\.venv\Lib\site-packages\django\db\backends\utils.py", line 105, in _execute
    return self.cursor.execute(sql, params)
           ~~~~~~~~~~~~~~~~~~~^^^^^^^^^^^^^
  File "C:\Users\milan\OneDrive\Desktop\E-commerce-Project\.venv\Lib\site-packages\django\db\backends\mysql\base.py", line 76, in execute
    return self.cursor.execute(query, args)
           ~~~~~~~~~~~~~~~~~~~^^^^^^^^^^^^^
  File "C:\Users\milan\OneDrive\Desktop\E-commerce-Project\.venv\Lib\site-packages\MySQLdb\cursors.py", line 179, in execute
    res = self._query(mogrified_query)
  File "C:\Users\milan\OneDrive\Desktop\E-commerce-Project\.venv\Lib\site-packages\MySQLdb\cursors.py", line 330, in _query
    db.query(q)
    ~~~~~~~~^^^
  File "C:\Users\milan\OneDrive\Desktop\E-commerce-Project\.venv\Lib\site-packages\MySQLdb\connections.py", line 286, in query
    _mysql.connection.query(self, query)
    ~~~~~~~~~~~~~~~~~~~~~~~^^^^^^^^^^^^^
MySQLdb.OperationalError: (1054, "Unknown column 'accounts_customuser.can_view_audit_trail' in 'field list'")

The above exception was the direct cause of the following exception:

Traceback (most recent call last):
  File "C:\Users\milan\OneDrive\Desktop\E-commerce-Project\myproject\sentinel\services.py", line 150, in log_event
    if candidate is not None and getattr(candidate, 'is_authenticated', False):
                                 ~~~~~~~^^^^^^^^^^^^^^^^^^^^^^^^^^^^^^^^^^^^^^
  File "C:\Users\milan\OneDrive\Desktop\E-commerce-Project\.venv\Lib\site-packages\django\utils\functional.py", line 251, in inner
    self._setup()
    ~~~~~~~~~~~^^
  File "C:\Users\milan\OneDrive\Desktop\E-commerce-Project\.venv\Lib\site-packages\django\utils\functional.py", line 404, in _setup
    self._wrapped = self._setupfunc()
                    ~~~~~~~~~~~~~~~^^
  File "C:\Users\milan\OneDrive\Desktop\E-commerce-Project\.venv\Lib\site-packages\django\contrib\auth\middleware.py", line 39, in <lambda>
    request.user = SimpleLazyObject(lambda: get_user(request))
                                            ~~~~~~~~^^^^^^^^^
  File "C:\Users\milan\OneDrive\Desktop\E-commerce-Project\.venv\Lib\site-packages\django\contrib\auth\middleware.py", line 19, in get_user
    request._cached_user = auth.get_user(request)
                           ~~~~~~~~~~~~~^^^^^^^^^
  File "C:\Users\milan\OneDrive\Desktop\E-commerce-Project\.venv\Lib\site-packages\django\contrib\auth\__init__.py", line 311, in get_user
    user = backend.get_user(user_id)
  File "C:\Users\milan\OneDrive\Desktop\E-commerce-Project\.venv\Lib\site-packages\django\contrib\auth\backends.py", line 232, in get_user
    user = UserModel._default_manager.get(pk=user_id)
  File "C:\Users\milan\OneDrive\Desktop\E-commerce-Project\.venv\Lib\site-packages\django\db\models\manager.py", line 87, in manager_method
    return getattr(self.get_queryset(), name)(*args, **kwargs)
           ~~~~~~~~~~~~~~~~~~~~~~~~~~~~~~~~~~^^^^^^^^^^^^^^^^^
  File "C:\Users\milan\OneDrive\Desktop\E-commerce-Project\.venv\Lib\site-packages\django\db\models\query.py", line 629, in get
    num = len(clone)
  File "C:\Users\milan\OneDrive\Desktop\E-commerce-Project\.venv\Lib\site-packages\django\db\models\query.py", line 366, in __len__
    self._fetch_all()
    ~~~~~~~~~~~~~~~^^
  File "C:\Users\milan\OneDrive\Desktop\E-commerce-Project\.venv\Lib\site-packages\django\db\models\query.py", line 1935, in _fetch_all
    self._result_cache = list(self._iterable_class(self))
                         ~~~~^^^^^^^^^^^^^^^^^^^^^^^^^^^^
  File "C:\Users\milan\OneDrive\Desktop\E-commerce-Project\.venv\Lib\site-packages\django\db\models\query.py", line 91, in __iter__
    results = compiler.execute_sql(
        chunked_fetch=self.chunked_fetch, chunk_size=self.chunk_size
    )
  File "C:\Users\milan\OneDrive\Desktop\E-commerce-Project\.venv\Lib\site-packages\django\db\models\sql\compiler.py", line 1622, in execute_sql
    cursor.execute(sql, params)
    ~~~~~~~~~~~~~~^^^^^^^^^^^^^
  File "C:\Users\milan\OneDrive\Desktop\E-commerce-Project\.venv\Lib\site-packages\django\db\backends\utils.py", line 79, in execute
    return self._execute_with_wrappers(
           ~~~~~~~~~~~~~~~~~~~~~~~~~~~^
        sql, params, many=False, executor=self._execute
        ^^^^^^^^^^^^^^^^^^^^^^^^^^^^^^^^^^^^^^^^^^^^^^^
    )
    ^
  File "C:\Users\milan\OneDrive\Desktop\E-commerce-Project\.venv\Lib\site-packages\django\db\backends\utils.py", line 92, in _execute_with_wrappers
    return executor(sql, params, many, context)
  File "C:\Users\milan\OneDrive\Desktop\E-commerce-Project\.venv\Lib\site-packages\django\db\backends\utils.py", line 100, in _execute
    with self.db.wrap_database_errors:
         ^^^^^^^^^^^^^^^^^^^^^^^^^^^^
  File "C:\Users\milan\OneDrive\Desktop\E-commerce-Project\.venv\Lib\site-packages\django\db\utils.py", line 91, in __exit__
    raise dj_exc_value.with_traceback(traceback) from exc_value
  File "C:\Users\milan\OneDrive\Desktop\E-commerce-Project\.venv\Lib\site-packages\django\db\backends\utils.py", line 105, in _execute
    return self.cursor.execute(sql, params)
           ~~~~~~~~~~~~~~~~~~~^^^^^^^^^^^^^
  File "C:\Users\milan\OneDrive\Desktop\E-commerce-Project\.venv\Lib\site-packages\django\db\backends\mysql\base.py", line 76, in execute
    return self.cursor.execute(query, args)
           ~~~~~~~~~~~~~~~~~~~^^^^^^^^^^^^^
  File "C:\Users\milan\OneDrive\Desktop\E-commerce-Project\.venv\Lib\site-packages\MySQLdb\cursors.py", line 179, in execute
    res = self._query(mogrified_query)
  File "C:\Users\milan\OneDrive\Desktop\E-commerce-Project\.venv\Lib\site-packages\MySQLdb\cursors.py", line 330, in _query
    db.query(q)
    ~~~~~~~~^^^
  File "C:\Users\milan\OneDrive\Desktop\E-commerce-Project\.venv\Lib\site-packages\MySQLdb\connections.py", line 286, in query
    _mysql.connection.query(self, query)
    ~~~~~~~~~~~~~~~~~~~~~~~^^^^^^^^^^^^^
django.db.utils.OperationalError: (1054, "Unknown column 'accounts_customuser.can_view_audit_trail' in 'field list'")
[ERROR] 2026-08-03 15:21:20 services.log_event:221 Sentinel failed to record event: OperationalError in /hrm/attendance/incomplete/
Traceback (most recent call last):
  File "C:\Users\milan\OneDrive\Desktop\E-commerce-Project\.venv\Lib\site-packages\django\db\backends\utils.py", line 105, in _execute
    return self.cursor.execute(sql, params)
           ~~~~~~~~~~~~~~~~~~~^^^^^^^^^^^^^
  File "C:\Users\milan\OneDrive\Desktop\E-commerce-Project\.venv\Lib\site-packages\django\db\backends\mysql\base.py", line 76, in execute
    return self.cursor.execute(query, args)
           ~~~~~~~~~~~~~~~~~~~^^^^^^^^^^^^^
  File "C:\Users\milan\OneDrive\Desktop\E-commerce-Project\.venv\Lib\site-packages\MySQLdb\cursors.py", line 179, in execute
    res = self._query(mogrified_query)
  File "C:\Users\milan\OneDrive\Desktop\E-commerce-Project\.venv\Lib\site-packages\MySQLdb\cursors.py", line 330, in _query
    db.query(q)
    ~~~~~~~~^^^
  File "C:\Users\milan\OneDrive\Desktop\E-commerce-Project\.venv\Lib\site-packages\MySQLdb\connections.py", line 286, in query
    _mysql.connection.query(self, query)
    ~~~~~~~~~~~~~~~~~~~~~~~^^^^^^^^^^^^^
MySQLdb.OperationalError: (1054, "Unknown column 'accounts_customuser.can_view_audit_trail' in 'field list'")

The above exception was the direct cause of the following exception:

Traceback (most recent call last):
  File "C:\Users\milan\OneDrive\Desktop\E-commerce-Project\.venv\Lib\site-packages\django\core\handlers\base.py", line 197, in _get_response
    response = wrapped_callback(request, *callback_args, **callback_kwargs)
  File "C:\Users\milan\OneDrive\Desktop\E-commerce-Project\.venv\Lib\site-packages\django\contrib\auth\decorators.py", line 56, in _view_wrapper
    test_pass = test_func(request.user)
  File "C:\Users\milan\OneDrive\Desktop\E-commerce-Project\.venv\Lib\site-packages\django\contrib\auth\decorators.py", line 79, in <lambda>
    lambda u: u.is_authenticated,
              ^^^^^^^^^^^^^^^^^^
  File "C:\Users\milan\OneDrive\Desktop\E-commerce-Project\.venv\Lib\site-packages\django\utils\functional.py", line 251, in inner
    self._setup()
    ~~~~~~~~~~~^^
  File "C:\Users\milan\OneDrive\Desktop\E-commerce-Project\.venv\Lib\site-packages\django\utils\functional.py", line 404, in _setup
    self._wrapped = self._setupfunc()
                    ~~~~~~~~~~~~~~~^^
  File "C:\Users\milan\OneDrive\Desktop\E-commerce-Project\.venv\Lib\site-packages\django\contrib\auth\middleware.py", line 39, in <lambda>
    request.user = SimpleLazyObject(lambda: get_user(request))
                                            ~~~~~~~~^^^^^^^^^
  File "C:\Users\milan\OneDrive\Desktop\E-commerce-Project\.venv\Lib\site-packages\django\contrib\auth\middleware.py", line 19, in get_user
    request._cached_user = auth.get_user(request)
                           ~~~~~~~~~~~~~^^^^^^^^^
  File "C:\Users\milan\OneDrive\Desktop\E-commerce-Project\.venv\Lib\site-packages\django\contrib\auth\__init__.py", line 311, in get_user
    user = backend.get_user(user_id)
  File "C:\Users\milan\OneDrive\Desktop\E-commerce-Project\.venv\Lib\site-packages\django\contrib\auth\backends.py", line 232, in get_user
    user = UserModel._default_manager.get(pk=user_id)
  File "C:\Users\milan\OneDrive\Desktop\E-commerce-Project\.venv\Lib\site-packages\django\db\models\manager.py", line 87, in manager_method
    return getattr(self.get_queryset(), name)(*args, **kwargs)
           ~~~~~~~~~~~~~~~~~~~~~~~~~~~~~~~~~~^^^^^^^^^^^^^^^^^
  File "C:\Users\milan\OneDrive\Desktop\E-commerce-Project\.venv\Lib\site-packages\django\db\models\query.py", line 629, in get
    num = len(clone)
  File "C:\Users\milan\OneDrive\Desktop\E-commerce-Project\.venv\Lib\site-packages\django\db\models\query.py", line 366, in __len__
    self._fetch_all()
    ~~~~~~~~~~~~~~~^^
  File "C:\Users\milan\OneDrive\Desktop\E-commerce-Project\.venv\Lib\site-packages\django\db\models\query.py", line 1935, in _fetch_all
    self._result_cache = list(self._iterable_class(self))
                         ~~~~^^^^^^^^^^^^^^^^^^^^^^^^^^^^
  File "C:\Users\milan\OneDrive\Desktop\E-commerce-Project\.venv\Lib\site-packages\django\db\models\query.py", line 91, in __iter__
    results = compiler.execute_sql(
        chunked_fetch=self.chunked_fetch, chunk_size=self.chunk_size
    )
  File "C:\Users\milan\OneDrive\Desktop\E-commerce-Project\.venv\Lib\site-packages\django\db\models\sql\compiler.py", line 1622, in execute_sql
    cursor.execute(sql, params)
    ~~~~~~~~~~~~~~^^^^^^^^^^^^^
  File "C:\Users\milan\OneDrive\Desktop\E-commerce-Project\.venv\Lib\site-packages\django\db\backends\utils.py", line 79, in execute
    return self._execute_with_wrappers(
           ~~~~~~~~~~~~~~~~~~~~~~~~~~~^
        sql, params, many=False, executor=self._execute
        ^^^^^^^^^^^^^^^^^^^^^^^^^^^^^^^^^^^^^^^^^^^^^^^
    )
    ^
  File "C:\Users\milan\OneDrive\Desktop\E-commerce-Project\.venv\Lib\site-packages\django\db\backends\utils.py", line 92, in _execute_with_wrappers
    return executor(sql, params, many, context)
  File "C:\Users\milan\OneDrive\Desktop\E-commerce-Project\.venv\Lib\site-packages\django\db\backends\utils.py", line 100, in _execute
    with self.db.wrap_database_errors:
         ^^^^^^^^^^^^^^^^^^^^^^^^^^^^
  File "C:\Users\milan\OneDrive\Desktop\E-commerce-Project\.venv\Lib\site-packages\django\db\utils.py", line 91, in __exit__
    raise dj_exc_value.with_traceback(traceback) from exc_value
  File "C:\Users\milan\OneDrive\Desktop\E-commerce-Project\.venv\Lib\site-packages\django\db\backends\utils.py", line 105, in _execute
    return self.cursor.execute(sql, params)
           ~~~~~~~~~~~~~~~~~~~^^^^^^^^^^^^^
  File "C:\Users\milan\OneDrive\Desktop\E-commerce-Project\.venv\Lib\site-packages\django\db\backends\mysql\base.py", line 76, in execute
    return self.cursor.execute(query, args)
           ~~~~~~~~~~~~~~~~~~~^^^^^^^^^^^^^
  File "C:\Users\milan\OneDrive\Desktop\E-commerce-Project\.venv\Lib\site-packages\MySQLdb\cursors.py", line 179, in execute
    res = self._query(mogrified_query)
  File "C:\Users\milan\OneDrive\Desktop\E-commerce-Project\.venv\Lib\site-packages\MySQLdb\cursors.py", line 330, in _query
    db.query(q)
    ~~~~~~~~^^^
  File "C:\Users\milan\OneDrive\Desktop\E-commerce-Project\.venv\Lib\site-packages\MySQLdb\connections.py", line 286, in query
    _mysql.connection.query(self, query)
    ~~~~~~~~~~~~~~~~~~~~~~~^^^^^^^^^^^^^
django.db.utils.OperationalError: (1054, "Unknown column 'accounts_customuser.can_view_audit_trail' in 'field list'")

During handling of the above exception, another exception occurred:

Traceback (most recent call last):
  File "C:\Users\milan\OneDrive\Desktop\E-commerce-Project\.venv\Lib\site-packages\django\db\backends\utils.py", line 105, in _execute
    return self.cursor.execute(sql, params)
           ~~~~~~~~~~~~~~~~~~~^^^^^^^^^^^^^
  File "C:\Users\milan\OneDrive\Desktop\E-commerce-Project\.venv\Lib\site-packages\django\db\backends\mysql\base.py", line 76, in execute
    return self.cursor.execute(query, args)
           ~~~~~~~~~~~~~~~~~~~^^^^^^^^^^^^^
  File "C:\Users\milan\OneDrive\Desktop\E-commerce-Project\.venv\Lib\site-packages\MySQLdb\cursors.py", line 179, in execute
    res = self._query(mogrified_query)
  File "C:\Users\milan\OneDrive\Desktop\E-commerce-Project\.venv\Lib\site-packages\MySQLdb\cursors.py", line 330, in _query
    db.query(q)
    ~~~~~~~~^^^
  File "C:\Users\milan\OneDrive\Desktop\E-commerce-Project\.venv\Lib\site-packages\MySQLdb\connections.py", line 286, in query
    _mysql.connection.query(self, query)
    ~~~~~~~~~~~~~~~~~~~~~~~^^^^^^^^^^^^^
MySQLdb.OperationalError: (1054, "Unknown column 'accounts_customuser.can_view_audit_trail' in 'field list'")

The above exception was the direct cause of the following exception:

Traceback (most recent call last):
  File "C:\Users\milan\OneDrive\Desktop\E-commerce-Project\myproject\sentinel\services.py", line 150, in log_event
    if candidate is not None and getattr(candidate, 'is_authenticated', False):
                                 ~~~~~~~^^^^^^^^^^^^^^^^^^^^^^^^^^^^^^^^^^^^^^
  File "C:\Users\milan\OneDrive\Desktop\E-commerce-Project\.venv\Lib\site-packages\django\utils\functional.py", line 251, in inner
    self._setup()
    ~~~~~~~~~~~^^
  File "C:\Users\milan\OneDrive\Desktop\E-commerce-Project\.venv\Lib\site-packages\django\utils\functional.py", line 404, in _setup
    self._wrapped = self._setupfunc()
                    ~~~~~~~~~~~~~~~^^
  File "C:\Users\milan\OneDrive\Desktop\E-commerce-Project\.venv\Lib\site-packages\django\contrib\auth\middleware.py", line 39, in <lambda>
    request.user = SimpleLazyObject(lambda: get_user(request))
                                            ~~~~~~~~^^^^^^^^^
  File "C:\Users\milan\OneDrive\Desktop\E-commerce-Project\.venv\Lib\site-packages\django\contrib\auth\middleware.py", line 19, in get_user
    request._cached_user = auth.get_user(request)
                           ~~~~~~~~~~~~~^^^^^^^^^
  File "C:\Users\milan\OneDrive\Desktop\E-commerce-Project\.venv\Lib\site-packages\django\contrib\auth\__init__.py", line 311, in get_user
    user = backend.get_user(user_id)
  File "C:\Users\milan\OneDrive\Desktop\E-commerce-Project\.venv\Lib\site-packages\django\contrib\auth\backends.py", line 232, in get_user
    user = UserModel._default_manager.get(pk=user_id)
  File "C:\Users\milan\OneDrive\Desktop\E-commerce-Project\.venv\Lib\site-packages\django\db\models\manager.py", line 87, in manager_method
    return getattr(self.get_queryset(), name)(*args, **kwargs)
           ~~~~~~~~~~~~~~~~~~~~~~~~~~~~~~~~~~^^^^^^^^^^^^^^^^^
  File "C:\Users\milan\OneDrive\Desktop\E-commerce-Project\.venv\Lib\site-packages\django\db\models\query.py", line 629, in get
    num = len(clone)
  File "C:\Users\milan\OneDrive\Desktop\E-commerce-Project\.venv\Lib\site-packages\django\db\models\query.py", line 366, in __len__
    self._fetch_all()
    ~~~~~~~~~~~~~~~^^
  File "C:\Users\milan\OneDrive\Desktop\E-commerce-Project\.venv\Lib\site-packages\django\db\models\query.py", line 1935, in _fetch_all
    self._result_cache = list(self._iterable_class(self))
                         ~~~~^^^^^^^^^^^^^^^^^^^^^^^^^^^^
  File "C:\Users\milan\OneDrive\Desktop\E-commerce-Project\.venv\Lib\site-packages\django\db\models\query.py", line 91, in __iter__
    results = compiler.execute_sql(
        chunked_fetch=self.chunked_fetch, chunk_size=self.chunk_size
    )
  File "C:\Users\milan\OneDrive\Desktop\E-commerce-Project\.venv\Lib\site-packages\django\db\models\sql\compiler.py", line 1622, in execute_sql
    cursor.execute(sql, params)
    ~~~~~~~~~~~~~~^^^^^^^^^^^^^
  File "C:\Users\milan\OneDrive\Desktop\E-commerce-Project\.venv\Lib\site-packages\django\db\backends\utils.py", line 79, in execute
    return self._execute_with_wrappers(
           ~~~~~~~~~~~~~~~~~~~~~~~~~~~^
        sql, params, many=False, executor=self._execute
        ^^^^^^^^^^^^^^^^^^^^^^^^^^^^^^^^^^^^^^^^^^^^^^^
    )
    ^
  File "C:\Users\milan\OneDrive\Desktop\E-commerce-Project\.venv\Lib\site-packages\django\db\backends\utils.py", line 92, in _execute_with_wrappers
    return executor(sql, params, many, context)
  File "C:\Users\milan\OneDrive\Desktop\E-commerce-Project\.venv\Lib\site-packages\django\db\backends\utils.py", line 100, in _execute
    with self.db.wrap_database_errors:
         ^^^^^^^^^^^^^^^^^^^^^^^^^^^^
  File "C:\Users\milan\OneDrive\Desktop\E-commerce-Project\.venv\Lib\site-packages\django\db\utils.py", line 91, in __exit__
    raise dj_exc_value.with_traceback(traceback) from exc_value
  File "C:\Users\milan\OneDrive\Desktop\E-commerce-Project\.venv\Lib\site-packages\django\db\backends\utils.py", line 105, in _execute
    return self.cursor.execute(sql, params)
           ~~~~~~~~~~~~~~~~~~~^^^^^^^^^^^^^
  File "C:\Users\milan\OneDrive\Desktop\E-commerce-Project\.venv\Lib\site-packages\django\db\backends\mysql\base.py", line 76, in execute
    return self.cursor.execute(query, args)
           ~~~~~~~~~~~~~~~~~~~^^^^^^^^^^^^^
  File "C:\Users\milan\OneDrive\Desktop\E-commerce-Project\.venv\Lib\site-packages\MySQLdb\cursors.py", line 179, in execute
    res = self._query(mogrified_query)
  File "C:\Users\milan\OneDrive\Desktop\E-commerce-Project\.venv\Lib\site-packages\MySQLdb\cursors.py", line 330, in _query
    db.query(q)
    ~~~~~~~~^^^
  File "C:\Users\milan\OneDrive\Desktop\E-commerce-Project\.venv\Lib\site-packages\MySQLdb\connections.py", line 286, in query
    _mysql.connection.query(self, query)
    ~~~~~~~~~~~~~~~~~~~~~~~^^^^^^^^^^^^^
django.db.utils.OperationalError: (1054, "Unknown column 'accounts_customuser.can_view_audit_trail' in 'field list'")
[ERROR] 2026-08-03 15:21:20 services.log_event:221 Sentinel failed to record event: OperationalError in /api/active-notice/
Traceback (most recent call last):
  File "C:\Users\milan\OneDrive\Desktop\E-commerce-Project\.venv\Lib\site-packages\django\db\backends\utils.py", line 105, in _execute
    return self.cursor.execute(sql, params)
           ~~~~~~~~~~~~~~~~~~~^^^^^^^^^^^^^
  File "C:\Users\milan\OneDrive\Desktop\E-commerce-Project\.venv\Lib\site-packages\django\db\backends\mysql\base.py", line 76, in execute
    return self.cursor.execute(query, args)
           ~~~~~~~~~~~~~~~~~~~^^^^^^^^^^^^^
  File "C:\Users\milan\OneDrive\Desktop\E-commerce-Project\.venv\Lib\site-packages\MySQLdb\cursors.py", line 179, in execute
    res = self._query(mogrified_query)
  File "C:\Users\milan\OneDrive\Desktop\E-commerce-Project\.venv\Lib\site-packages\MySQLdb\cursors.py", line 330, in _query
    db.query(q)
    ~~~~~~~~^^^
  File "C:\Users\milan\OneDrive\Desktop\E-commerce-Project\.venv\Lib\site-packages\MySQLdb\connections.py", line 286, in query
    _mysql.connection.query(self, query)
    ~~~~~~~~~~~~~~~~~~~~~~~^^^^^^^^^^^^^
MySQLdb.OperationalError: (1054, "Unknown column 'accounts_customuser.can_view_audit_trail' in 'field list'")

The above exception was the direct cause of the following exception:

Traceback (most recent call last):
  File "C:\Users\milan\OneDrive\Desktop\E-commerce-Project\.venv\Lib\site-packages\django\core\handlers\base.py", line 197, in _get_response
    response = wrapped_callback(request, *callback_args, **callback_kwargs)
  File "C:\Users\milan\OneDrive\Desktop\E-commerce-Project\.venv\Lib\site-packages\django\contrib\auth\decorators.py", line 56, in _view_wrapper
    test_pass = test_func(request.user)
  File "C:\Users\milan\OneDrive\Desktop\E-commerce-Project\.venv\Lib\site-packages\django\contrib\auth\decorators.py", line 79, in <lambda>
    lambda u: u.is_authenticated,
              ^^^^^^^^^^^^^^^^^^
  File "C:\Users\milan\OneDrive\Desktop\E-commerce-Project\.venv\Lib\site-packages\django\utils\functional.py", line 251, in inner
    self._setup()
    ~~~~~~~~~~~^^
  File "C:\Users\milan\OneDrive\Desktop\E-commerce-Project\.venv\Lib\site-packages\django\utils\functional.py", line 404, in _setup
    self._wrapped = self._setupfunc()
                    ~~~~~~~~~~~~~~~^^
  File "C:\Users\milan\OneDrive\Desktop\E-commerce-Project\.venv\Lib\site-packages\django\contrib\auth\middleware.py", line 39, in <lambda>
    request.user = SimpleLazyObject(lambda: get_user(request))
                                            ~~~~~~~~^^^^^^^^^
  File "C:\Users\milan\OneDrive\Desktop\E-commerce-Project\.venv\Lib\site-packages\django\contrib\auth\middleware.py", line 19, in get_user
    request._cached_user = auth.get_user(request)
                           ~~~~~~~~~~~~~^^^^^^^^^
  File "C:\Users\milan\OneDrive\Desktop\E-commerce-Project\.venv\Lib\site-packages\django\contrib\auth\__init__.py", line 311, in get_user
    user = backend.get_user(user_id)
  File "C:\Users\milan\OneDrive\Desktop\E-commerce-Project\.venv\Lib\site-packages\django\contrib\auth\backends.py", line 232, in get_user
    user = UserModel._default_manager.get(pk=user_id)
  File "C:\Users\milan\OneDrive\Desktop\E-commerce-Project\.venv\Lib\site-packages\django\db\models\manager.py", line 87, in manager_method
    return getattr(self.get_queryset(), name)(*args, **kwargs)
           ~~~~~~~~~~~~~~~~~~~~~~~~~~~~~~~~~~^^^^^^^^^^^^^^^^^
  File "C:\Users\milan\OneDrive\Desktop\E-commerce-Project\.venv\Lib\site-packages\django\db\models\query.py", line 629, in get
    num = len(clone)
  File "C:\Users\milan\OneDrive\Desktop\E-commerce-Project\.venv\Lib\site-packages\django\db\models\query.py", line 366, in __len__
    self._fetch_all()
    ~~~~~~~~~~~~~~~^^
  File "C:\Users\milan\OneDrive\Desktop\E-commerce-Project\.venv\Lib\site-packages\django\db\models\query.py", line 1935, in _fetch_all
    self._result_cache = list(self._iterable_class(self))
                         ~~~~^^^^^^^^^^^^^^^^^^^^^^^^^^^^
  File "C:\Users\milan\OneDrive\Desktop\E-commerce-Project\.venv\Lib\site-packages\django\db\models\query.py", line 91, in __iter__
    results = compiler.execute_sql(
        chunked_fetch=self.chunked_fetch, chunk_size=self.chunk_size
    )
  File "C:\Users\milan\OneDrive\Desktop\E-commerce-Project\.venv\Lib\site-packages\django\db\models\sql\compiler.py", line 1622, in execute_sql
    cursor.execute(sql, params)
    ~~~~~~~~~~~~~~^^^^^^^^^^^^^
  File "C:\Users\milan\OneDrive\Desktop\E-commerce-Project\.venv\Lib\site-packages\django\db\backends\utils.py", line 79, in execute
    return self._execute_with_wrappers(
           ~~~~~~~~~~~~~~~~~~~~~~~~~~~^
        sql, params, many=False, executor=self._execute
        ^^^^^^^^^^^^^^^^^^^^^^^^^^^^^^^^^^^^^^^^^^^^^^^
    )
    ^
  File "C:\Users\milan\OneDrive\Desktop\E-commerce-Project\.venv\Lib\site-packages\django\db\backends\utils.py", line 92, in _execute_with_wrappers
    return executor(sql, params, many, context)
  File "C:\Users\milan\OneDrive\Desktop\E-commerce-Project\.venv\Lib\site-packages\django\db\backends\utils.py", line 100, in _execute
    with self.db.wrap_database_errors:
         ^^^^^^^^^^^^^^^^^^^^^^^^^^^^
  File "C:\Users\milan\OneDrive\Desktop\E-commerce-Project\.venv\Lib\site-packages\django\db\utils.py", line 91, in __exit__
    raise dj_exc_value.with_traceback(traceback) from exc_value
  File "C:\Users\milan\OneDrive\Desktop\E-commerce-Project\.venv\Lib\site-packages\django\db\backends\utils.py", line 105, in _execute
    return self.cursor.execute(sql, params)
           ~~~~~~~~~~~~~~~~~~~^^^^^^^^^^^^^
  File "C:\Users\milan\OneDrive\Desktop\E-commerce-Project\.venv\Lib\site-packages\django\db\backends\mysql\base.py", line 76, in execute
    return self.cursor.execute(query, args)
           ~~~~~~~~~~~~~~~~~~~^^^^^^^^^^^^^
  File "C:\Users\milan\OneDrive\Desktop\E-commerce-Project\.venv\Lib\site-packages\MySQLdb\cursors.py", line 179, in execute
    res = self._query(mogrified_query)
  File "C:\Users\milan\OneDrive\Desktop\E-commerce-Project\.venv\Lib\site-packages\MySQLdb\cursors.py", line 330, in _query
    db.query(q)
    ~~~~~~~~^^^
  File "C:\Users\milan\OneDrive\Desktop\E-commerce-Project\.venv\Lib\site-packages\MySQLdb\connections.py", line 286, in query
    _mysql.connection.query(self, query)
    ~~~~~~~~~~~~~~~~~~~~~~~^^^^^^^^^^^^^
django.db.utils.OperationalError: (1054, "Unknown column 'accounts_customuser.can_view_audit_trail' in 'field list'")

During handling of the above exception, another exception occurred:

Traceback (most recent call last):
  File "C:\Users\milan\OneDrive\Desktop\E-commerce-Project\.venv\Lib\site-packages\django\db\backends\utils.py", line 105, in _execute
    return self.cursor.execute(sql, params)
           ~~~~~~~~~~~~~~~~~~~^^^^^^^^^^^^^
  File "C:\Users\milan\OneDrive\Desktop\E-commerce-Project\.venv\Lib\site-packages\django\db\backends\mysql\base.py", line 76, in execute
    return self.cursor.execute(query, args)
           ~~~~~~~~~~~~~~~~~~~^^^^^^^^^^^^^
  File "C:\Users\milan\OneDrive\Desktop\E-commerce-Project\.venv\Lib\site-packages\MySQLdb\cursors.py", line 179, in execute
    res = self._query(mogrified_query)
  File "C:\Users\milan\OneDrive\Desktop\E-commerce-Project\.venv\Lib\site-packages\MySQLdb\cursors.py", line 330, in _query
    db.query(q)
    ~~~~~~~~^^^
  File "C:\Users\milan\OneDrive\Desktop\E-commerce-Project\.venv\Lib\site-packages\MySQLdb\connections.py", line 286, in query
    _mysql.connection.query(self, query)
    ~~~~~~~~~~~~~~~~~~~~~~~^^^^^^^^^^^^^
MySQLdb.OperationalError: (1054, "Unknown column 'accounts_customuser.can_view_audit_trail' in 'field list'")

The above exception was the direct cause of the following exception:

Traceback (most recent call last):
  File "C:\Users\milan\OneDrive\Desktop\E-commerce-Project\myproject\sentinel\services.py", line 150, in log_event
    if candidate is not None and getattr(candidate, 'is_authenticated', False):
                                 ~~~~~~~^^^^^^^^^^^^^^^^^^^^^^^^^^^^^^^^^^^^^^
  File "C:\Users\milan\OneDrive\Desktop\E-commerce-Project\.venv\Lib\site-packages\django\utils\functional.py", line 251, in inner
    self._setup()
    ~~~~~~~~~~~^^
  File "C:\Users\milan\OneDrive\Desktop\E-commerce-Project\.venv\Lib\site-packages\django\utils\functional.py", line 404, in _setup
    self._wrapped = self._setupfunc()
                    ~~~~~~~~~~~~~~~^^
  File "C:\Users\milan\OneDrive\Desktop\E-commerce-Project\.venv\Lib\site-packages\django\contrib\auth\middleware.py", line 39, in <lambda>
    request.user = SimpleLazyObject(lambda: get_user(request))
                                            ~~~~~~~~^^^^^^^^^
  File "C:\Users\milan\OneDrive\Desktop\E-commerce-Project\.venv\Lib\site-packages\django\contrib\auth\middleware.py", line 19, in get_user
    request._cached_user = auth.get_user(request)
                           ~~~~~~~~~~~~~^^^^^^^^^
  File "C:\Users\milan\OneDrive\Desktop\E-commerce-Project\.venv\Lib\site-packages\django\contrib\auth\__init__.py", line 311, in get_user
    user = backend.get_user(user_id)
  File "C:\Users\milan\OneDrive\Desktop\E-commerce-Project\.venv\Lib\site-packages\django\contrib\auth\backends.py", line 232, in get_user
    user = UserModel._default_manager.get(pk=user_id)
  File "C:\Users\milan\OneDrive\Desktop\E-commerce-Project\.venv\Lib\site-packages\django\db\models\manager.py", line 87, in manager_method
    return getattr(self.get_queryset(), name)(*args, **kwargs)
           ~~~~~~~~~~~~~~~~~~~~~~~~~~~~~~~~~~^^^^^^^^^^^^^^^^^
  File "C:\Users\milan\OneDrive\Desktop\E-commerce-Project\.venv\Lib\site-packages\django\db\models\query.py", line 629, in get
    num = len(clone)
  File "C:\Users\milan\OneDrive\Desktop\E-commerce-Project\.venv\Lib\site-packages\django\db\models\query.py", line 366, in __len__
    self._fetch_all()
    ~~~~~~~~~~~~~~~^^
  File "C:\Users\milan\OneDrive\Desktop\E-commerce-Project\.venv\Lib\site-packages\django\db\models\query.py", line 1935, in _fetch_all
    self._result_cache = list(self._iterable_class(self))
                         ~~~~^^^^^^^^^^^^^^^^^^^^^^^^^^^^
  File "C:\Users\milan\OneDrive\Desktop\E-commerce-Project\.venv\Lib\site-packages\django\db\models\query.py", line 91, in __iter__
    results = compiler.execute_sql(
        chunked_fetch=self.chunked_fetch, chunk_size=self.chunk_size
    )
  File "C:\Users\milan\OneDrive\Desktop\E-commerce-Project\.venv\Lib\site-packages\django\db\models\sql\compiler.py", line 1622, in execute_sql
    cursor.execute(sql, params)
    ~~~~~~~~~~~~~~^^^^^^^^^^^^^
  File "C:\Users\milan\OneDrive\Desktop\E-commerce-Project\.venv\Lib\site-packages\django\db\backends\utils.py", line 79, in execute
    return self._execute_with_wrappers(
           ~~~~~~~~~~~~~~~~~~~~~~~~~~~^
        sql, params, many=False, executor=self._execute
        ^^^^^^^^^^^^^^^^^^^^^^^^^^^^^^^^^^^^^^^^^^^^^^^
    )
    ^
  File "C:\Users\milan\OneDrive\Desktop\E-commerce-Project\.venv\Lib\site-packages\django\db\backends\utils.py", line 92, in _execute_with_wrappers
    return executor(sql, params, many, context)
  File "C:\Users\milan\OneDrive\Desktop\E-commerce-Project\.venv\Lib\site-packages\django\db\backends\utils.py", line 100, in _execute
    with self.db.wrap_database_errors:
         ^^^^^^^^^^^^^^^^^^^^^^^^^^^^
  File "C:\Users\milan\OneDrive\Desktop\E-commerce-Project\.venv\Lib\site-packages\django\db\utils.py", line 91, in __exit__
    raise dj_exc_value.with_traceback(traceback) from exc_value
  File "C:\Users\milan\OneDrive\Desktop\E-commerce-Project\.venv\Lib\site-packages\django\db\backends\utils.py", line 105, in _execute
    return self.cursor.execute(sql, params)
           ~~~~~~~~~~~~~~~~~~~^^^^^^^^^^^^^
  File "C:\Users\milan\OneDrive\Desktop\E-commerce-Project\.venv\Lib\site-packages\django\db\backends\mysql\base.py", line 76, in execute
    return self.cursor.execute(query, args)
           ~~~~~~~~~~~~~~~~~~~^^^^^^^^^^^^^
  File "C:\Users\milan\OneDrive\Desktop\E-commerce-Project\.venv\Lib\site-packages\MySQLdb\cursors.py", line 179, in execute
    res = self._query(mogrified_query)
  File "C:\Users\milan\OneDrive\Desktop\E-commerce-Project\.venv\Lib\site-packages\MySQLdb\cursors.py", line 330, in _query
    db.query(q)
    ~~~~~~~~^^^
  File "C:\Users\milan\OneDrive\Desktop\E-commerce-Project\.venv\Lib\site-packages\MySQLdb\connections.py", line 286, in query
    _mysql.connection.query(self, query)
    ~~~~~~~~~~~~~~~~~~~~~~~^^^^^^^^^^^^^
django.db.utils.OperationalError: (1054, "Unknown column 'accounts_customuser.can_view_audit_trail' in 'field list'")
[ERROR] 2026-08-03 15:21:20 services.log_event:221 Sentinel failed to record event: OperationalError in /chat/api/unread-count/
Traceback (most recent call last):
  File "C:\Users\milan\OneDrive\Desktop\E-commerce-Project\.venv\Lib\site-packages\django\db\backends\utils.py", line 105, in _execute
    return self.cursor.execute(sql, params)
           ~~~~~~~~~~~~~~~~~~~^^^^^^^^^^^^^
  File "C:\Users\milan\OneDrive\Desktop\E-commerce-Project\.venv\Lib\site-packages\django\db\backends\mysql\base.py", line 76, in execute
    return self.cursor.execute(query, args)
           ~~~~~~~~~~~~~~~~~~~^^^^^^^^^^^^^
  File "C:\Users\milan\OneDrive\Desktop\E-commerce-Project\.venv\Lib\site-packages\MySQLdb\cursors.py", line 179, in execute
    res = self._query(mogrified_query)
  File "C:\Users\milan\OneDrive\Desktop\E-commerce-Project\.venv\Lib\site-packages\MySQLdb\cursors.py", line 330, in _query
    db.query(q)
    ~~~~~~~~^^^
  File "C:\Users\milan\OneDrive\Desktop\E-commerce-Project\.venv\Lib\site-packages\MySQLdb\connections.py", line 286, in query
    _mysql.connection.query(self, query)
    ~~~~~~~~~~~~~~~~~~~~~~~^^^^^^^^^^^^^
MySQLdb.OperationalError: (1054, "Unknown column 'accounts_customuser.can_view_audit_trail' in 'field list'")

The above exception was the direct cause of the following exception:

Traceback (most recent call last):
  File "C:\Users\milan\OneDrive\Desktop\E-commerce-Project\.venv\Lib\site-packages\django\core\handlers\base.py", line 197, in _get_response
    response = wrapped_callback(request, *callback_args, **callback_kwargs)
  File "C:\Users\milan\OneDrive\Desktop\E-commerce-Project\.venv\Lib\site-packages\django\views\decorators\http.py", line 64, in inner
    return func(request, *args, **kwargs)
  File "C:\Users\milan\OneDrive\Desktop\E-commerce-Project\myproject\chat\views.py", line 275, in api_unread_count
    if not request.user.is_authenticated:
           ^^^^^^^^^^^^^^^^^^^^^^^^^^^^^
  File "C:\Users\milan\OneDrive\Desktop\E-commerce-Project\.venv\Lib\site-packages\django\utils\functional.py", line 251, in inner
    self._setup()
    ~~~~~~~~~~~^^
  File "C:\Users\milan\OneDrive\Desktop\E-commerce-Project\.venv\Lib\site-packages\django\utils\functional.py", line 404, in _setup
    self._wrapped = self._setupfunc()
                    ~~~~~~~~~~~~~~~^^
  File "C:\Users\milan\OneDrive\Desktop\E-commerce-Project\.venv\Lib\site-packages\django\contrib\auth\middleware.py", line 39, in <lambda>
    request.user = SimpleLazyObject(lambda: get_user(request))
                                            ~~~~~~~~^^^^^^^^^
  File "C:\Users\milan\OneDrive\Desktop\E-commerce-Project\.venv\Lib\site-packages\django\contrib\auth\middleware.py", line 19, in get_user
    request._cached_user = auth.get_user(request)
                           ~~~~~~~~~~~~~^^^^^^^^^
  File "C:\Users\milan\OneDrive\Desktop\E-commerce-Project\.venv\Lib\site-packages\django\contrib\auth\__init__.py", line 311, in get_user
    user = backend.get_user(user_id)
  File "C:\Users\milan\OneDrive\Desktop\E-commerce-Project\.venv\Lib\site-packages\django\contrib\auth\backends.py", line 232, in get_user
    user = UserModel._default_manager.get(pk=user_id)
  File "C:\Users\milan\OneDrive\Desktop\E-commerce-Project\.venv\Lib\site-packages\django\db\models\manager.py", line 87, in manager_method
    return getattr(self.get_queryset(), name)(*args, **kwargs)
           ~~~~~~~~~~~~~~~~~~~~~~~~~~~~~~~~~~^^^^^^^^^^^^^^^^^
  File "C:\Users\milan\OneDrive\Desktop\E-commerce-Project\.venv\Lib\site-packages\django\db\models\query.py", line 629, in get
    num = len(clone)
  File "C:\Users\milan\OneDrive\Desktop\E-commerce-Project\.venv\Lib\site-packages\django\db\models\query.py", line 366, in __len__
    self._fetch_all()
    ~~~~~~~~~~~~~~~^^
  File "C:\Users\milan\OneDrive\Desktop\E-commerce-Project\.venv\Lib\site-packages\django\db\models\query.py", line 1935, in _fetch_all
    self._result_cache = list(self._iterable_class(self))
                         ~~~~^^^^^^^^^^^^^^^^^^^^^^^^^^^^
  File "C:\Users\milan\OneDrive\Desktop\E-commerce-Project\.venv\Lib\site-packages\django\db\models\query.py", line 91, in __iter__
    results = compiler.execute_sql(
        chunked_fetch=self.chunked_fetch, chunk_size=self.chunk_size
    )
  File "C:\Users\milan\OneDrive\Desktop\E-commerce-Project\.venv\Lib\site-packages\django\db\models\sql\compiler.py", line 1622, in execute_sql
    cursor.execute(sql, params)
    ~~~~~~~~~~~~~~^^^^^^^^^^^^^
  File "C:\Users\milan\OneDrive\Desktop\E-commerce-Project\.venv\Lib\site-packages\django\db\backends\utils.py", line 79, in execute
    return self._execute_with_wrappers(
           ~~~~~~~~~~~~~~~~~~~~~~~~~~~^
        sql, params, many=False, executor=self._execute
        ^^^^^^^^^^^^^^^^^^^^^^^^^^^^^^^^^^^^^^^^^^^^^^^
    )
    ^
  File "C:\Users\milan\OneDrive\Desktop\E-commerce-Project\.venv\Lib\site-packages\django\db\backends\utils.py", line 92, in _execute_with_wrappers
    return executor(sql, params, many, context)
  File "C:\Users\milan\OneDrive\Desktop\E-commerce-Project\.venv\Lib\site-packages\django\db\backends\utils.py", line 100, in _execute
    with self.db.wrap_database_errors:
         ^^^^^^^^^^^^^^^^^^^^^^^^^^^^
  File "C:\Users\milan\OneDrive\Desktop\E-commerce-Project\.venv\Lib\site-packages\django\db\utils.py", line 91, in __exit__
    raise dj_exc_value.with_traceback(traceback) from exc_value
  File "C:\Users\milan\OneDrive\Desktop\E-commerce-Project\.venv\Lib\site-packages\django\db\backends\utils.py", line 105, in _execute
    return self.cursor.execute(sql, params)
           ~~~~~~~~~~~~~~~~~~~^^^^^^^^^^^^^
  File "C:\Users\milan\OneDrive\Desktop\E-commerce-Project\.venv\Lib\site-packages\django\db\backends\mysql\base.py", line 76, in execute
    return self.cursor.execute(query, args)
           ~~~~~~~~~~~~~~~~~~~^^^^^^^^^^^^^
  File "C:\Users\milan\OneDrive\Desktop\E-commerce-Project\.venv\Lib\site-packages\MySQLdb\cursors.py", line 179, in execute
    res = self._query(mogrified_query)
  File "C:\Users\milan\OneDrive\Desktop\E-commerce-Project\.venv\Lib\site-packages\MySQLdb\cursors.py", line 330, in _query
    db.query(q)
    ~~~~~~~~^^^
  File "C:\Users\milan\OneDrive\Desktop\E-commerce-Project\.venv\Lib\site-packages\MySQLdb\connections.py", line 286, in query
    _mysql.connection.query(self, query)
    ~~~~~~~~~~~~~~~~~~~~~~~^^^^^^^^^^^^^
django.db.utils.OperationalError: (1054, "Unknown column 'accounts_customuser.can_view_audit_trail' in 'field list'")

During handling of the above exception, another exception occurred:

Traceback (most recent call last):
  File "C:\Users\milan\OneDrive\Desktop\E-commerce-Project\.venv\Lib\site-packages\django\db\backends\utils.py", line 105, in _execute
    return self.cursor.execute(sql, params)
           ~~~~~~~~~~~~~~~~~~~^^^^^^^^^^^^^
  File "C:\Users\milan\OneDrive\Desktop\E-commerce-Project\.venv\Lib\site-packages\django\db\backends\mysql\base.py", line 76, in execute
    return self.cursor.execute(query, args)
           ~~~~~~~~~~~~~~~~~~~^^^^^^^^^^^^^
  File "C:\Users\milan\OneDrive\Desktop\E-commerce-Project\.venv\Lib\site-packages\MySQLdb\cursors.py", line 179, in execute
    res = self._query(mogrified_query)
  File "C:\Users\milan\OneDrive\Desktop\E-commerce-Project\.venv\Lib\site-packages\MySQLdb\cursors.py", line 330, in _query
    db.query(q)
    ~~~~~~~~^^^
  File "C:\Users\milan\OneDrive\Desktop\E-commerce-Project\.venv\Lib\site-packages\MySQLdb\connections.py", line 286, in query
    _mysql.connection.query(self, query)
    ~~~~~~~~~~~~~~~~~~~~~~~^^^^^^^^^^^^^
MySQLdb.OperationalError: (1054, "Unknown column 'accounts_customuser.can_view_audit_trail' in 'field list'")

The above exception was the direct cause of the following exception:

Traceback (most recent call last):
  File "C:\Users\milan\OneDrive\Desktop\E-commerce-Project\myproject\sentinel\services.py", line 150, in log_event
    if candidate is not None and getattr(candidate, 'is_authenticated', False):
                                 ~~~~~~~^^^^^^^^^^^^^^^^^^^^^^^^^^^^^^^^^^^^^^
  File "C:\Users\milan\OneDrive\Desktop\E-commerce-Project\.venv\Lib\site-packages\django\utils\functional.py", line 251, in inner
    self._setup()
    ~~~~~~~~~~~^^
  File "C:\Users\milan\OneDrive\Desktop\E-commerce-Project\.venv\Lib\site-packages\django\utils\functional.py", line 404, in _setup
    self._wrapped = self._setupfunc()
                    ~~~~~~~~~~~~~~~^^
  File "C:\Users\milan\OneDrive\Desktop\E-commerce-Project\.venv\Lib\site-packages\django\contrib\auth\middleware.py", line 39, in <lambda>
    request.user = SimpleLazyObject(lambda: get_user(request))
                                            ~~~~~~~~^^^^^^^^^
  File "C:\Users\milan\OneDrive\Desktop\E-commerce-Project\.venv\Lib\site-packages\django\contrib\auth\middleware.py", line 19, in get_user
    request._cached_user = auth.get_user(request)
                           ~~~~~~~~~~~~~^^^^^^^^^
  File "C:\Users\milan\OneDrive\Desktop\E-commerce-Project\.venv\Lib\site-packages\django\contrib\auth\__init__.py", line 311, in get_user
    user = backend.get_user(user_id)
  File "C:\Users\milan\OneDrive\Desktop\E-commerce-Project\.venv\Lib\site-packages\django\contrib\auth\backends.py", line 232, in get_user
    user = UserModel._default_manager.get(pk=user_id)
  File "C:\Users\milan\OneDrive\Desktop\E-commerce-Project\.venv\Lib\site-packages\django\db\models\manager.py", line 87, in manager_method
    return getattr(self.get_queryset(), name)(*args, **kwargs)
           ~~~~~~~~~~~~~~~~~~~~~~~~~~~~~~~~~~^^^^^^^^^^^^^^^^^
  File "C:\Users\milan\OneDrive\Desktop\E-commerce-Project\.venv\Lib\site-packages\django\db\models\query.py", line 629, in get
    num = len(clone)
  File "C:\Users\milan\OneDrive\Desktop\E-commerce-Project\.venv\Lib\site-packages\django\db\models\query.py", line 366, in __len__
    self._fetch_all()
    ~~~~~~~~~~~~~~~^^
  File "C:\Users\milan\OneDrive\Desktop\E-commerce-Project\.venv\Lib\site-packages\django\db\models\query.py", line 1935, in _fetch_all
    self._result_cache = list(self._iterable_class(self))
                         ~~~~^^^^^^^^^^^^^^^^^^^^^^^^^^^^
  File "C:\Users\milan\OneDrive\Desktop\E-commerce-Project\.venv\Lib\site-packages\django\db\models\query.py", line 91, in __iter__
    results = compiler.execute_sql(
        chunked_fetch=self.chunked_fetch, chunk_size=self.chunk_size
    )
  File "C:\Users\milan\OneDrive\Desktop\E-commerce-Project\.venv\Lib\site-packages\django\db\models\sql\compiler.py", line 1622, in execute_sql
    cursor.execute(sql, params)
    ~~~~~~~~~~~~~~^^^^^^^^^^^^^
  File "C:\Users\milan\OneDrive\Desktop\E-commerce-Project\.venv\Lib\site-packages\django\db\backends\utils.py", line 79, in execute
    return self._execute_with_wrappers(
           ~~~~~~~~~~~~~~~~~~~~~~~~~~~^
        sql, params, many=False, executor=self._execute
        ^^^^^^^^^^^^^^^^^^^^^^^^^^^^^^^^^^^^^^^^^^^^^^^
    )
    ^
  File "C:\Users\milan\OneDrive\Desktop\E-commerce-Project\.venv\Lib\site-packages\django\db\backends\utils.py", line 92, in _execute_with_wrappers
    return executor(sql, params, many, context)
  File "C:\Users\milan\OneDrive\Desktop\E-commerce-Project\.venv\Lib\site-packages\django\db\backends\utils.py", line 100, in _execute
    with self.db.wrap_database_errors:
         ^^^^^^^^^^^^^^^^^^^^^^^^^^^^
  File "C:\Users\milan\OneDrive\Desktop\E-commerce-Project\.venv\Lib\site-packages\django\db\utils.py", line 91, in __exit__
    raise dj_exc_value.with_traceback(traceback) from exc_value
  File "C:\Users\milan\OneDrive\Desktop\E-commerce-Project\.venv\Lib\site-packages\django\db\backends\utils.py", line 105, in _execute
    return self.cursor.execute(sql, params)
           ~~~~~~~~~~~~~~~~~~~^^^^^^^^^^^^^
  File "C:\Users\milan\OneDrive\Desktop\E-commerce-Project\.venv\Lib\site-packages\django\db\backends\mysql\base.py", line 76, in execute
    return self.cursor.execute(query, args)
           ~~~~~~~~~~~~~~~~~~~^^^^^^^^^^^^^
  File "C:\Users\milan\OneDrive\Desktop\E-commerce-Project\.venv\Lib\site-packages\MySQLdb\cursors.py", line 179, in execute
    res = self._query(mogrified_query)
  File "C:\Users\milan\OneDrive\Desktop\E-commerce-Project\.venv\Lib\site-packages\MySQLdb\cursors.py", line 330, in _query
    db.query(q)
    ~~~~~~~~^^^
  File "C:\Users\milan\OneDrive\Desktop\E-commerce-Project\.venv\Lib\site-packages\MySQLdb\connections.py", line 286, in query
    _mysql.connection.query(self, query)
    ~~~~~~~~~~~~~~~~~~~~~~~^^^^^^^^^^^^^
django.db.utils.OperationalError: (1054, "Unknown column 'accounts_customuser.can_view_audit_trail' in 'field list'")
[INFO] 2026-08-04 23:22:05 services.purge:699 Sentinel purge: purge_probe_admin removed 5 audit event(s) (5 hand-picked row(s))
[INFO] 2026-08-04 23:22:06 services.purge:699 Sentinel purge: purge_probe_admin removed 20 audit event(s) (q=purge_probe_view, event_type=view)
[INFO] 2026-08-04 23:23:27 services.purge:699 Sentinel purge: sentinel_probe_auditor removed 4 audit event(s) (4 hand-picked row(s))
[INFO] 2026-08-04 23:23:27 services.purge:699 Sentinel purge: sentinel_probe_auditor removed 8 audit event(s) (q=sentinel_probe_purgeable)
[INFO] 2026-08-04 23:23:27 services.purge:699 Sentinel purge: sentinel_probe_auditor removed 18 closed session(s) (every closed session)
[INFO] 2026-08-04 23:23:27 services.purge:699 Sentinel purge: sentinel_probe_auditor removed 1 security alert(s) (2 selected)
[INFO] 2026-08-04 23:23:27 services.purge:699 Sentinel purge: sentinel_probe_auditor removed 1 audit event(s) (older than 3650 days)
[INFO] 2026-08-04 23:23:40 services.purge:699 Sentinel purge: sentinel_probe_auditor removed 4 audit event(s) (4 hand-picked row(s))
[INFO] 2026-08-04 23:23:40 services.purge:699 Sentinel purge: sentinel_probe_auditor removed 8 audit event(s) (q=sentinel_probe_purgeable)
[INFO] 2026-08-04 23:23:40 services.purge:699 Sentinel purge: sentinel_probe_auditor removed 6 closed session(s) (every closed session)
[INFO] 2026-08-04 23:23:40 services.purge:699 Sentinel purge: sentinel_probe_auditor removed 1 security alert(s) (2 selected)
[INFO] 2026-08-04 23:23:40 services.purge:699 Sentinel purge: sentinel_probe_auditor removed 1 audit event(s) (older than 3650 days)
[INFO] 2026-08-04 23:24:16 services.purge:699 Sentinel purge: sentinel_probe_auditor removed 4 audit event(s) (4 hand-picked row(s))
[INFO] 2026-08-04 23:24:17 services.purge:699 Sentinel purge: sentinel_probe_auditor removed 8 audit event(s) (q=sentinel_probe_purgeable)
[INFO] 2026-08-04 23:24:17 services.purge:699 Sentinel purge: sentinel_probe_auditor removed 6 closed session(s) (every closed session)
[INFO] 2026-08-04 23:24:17 services.purge:699 Sentinel purge: sentinel_probe_auditor removed 1 security alert(s) (2 selected)
[INFO] 2026-08-04 23:24:17 services.purge:699 Sentinel purge: sentinel_probe_auditor removed 1 audit event(s) (older than 3650 days)
[INFO] 2026-08-04 23:25:19 services.purge:699 Sentinel purge: system removed 1 page views (retention sweep, 3650-day window)
[INFO] 2026-08-04 23:25:19 services.purge:699 Sentinel purge: sentinel_probe_auditor removed 4 audit event(s) (4 hand-picked row(s))
[INFO] 2026-08-04 23:25:19 services.purge:699 Sentinel purge: sentinel_probe_auditor removed 8 audit event(s) (q=sentinel_probe_purgeable)
[INFO] 2026-08-04 23:25:19 services.purge:699 Sentinel purge: sentinel_probe_auditor removed 6 closed session(s) (every closed session)
[INFO] 2026-08-04 23:25:19 services.purge:699 Sentinel purge: sentinel_probe_auditor removed 1 security alert(s) (2 selected)
[INFO] 2026-08-04 23:25:19 services.purge:699 Sentinel purge: sentinel_probe_auditor removed 1 audit event(s) (older than 3650 days)
[INFO] 2026-08-04 23:30:03 services.purge:699 Sentinel purge: audit_probe_admin removed 1 closed session(s) (1 selected)
[INFO] 2026-08-04 23:31:25 services.purge:709 Sentinel purge: audit_probe_admin removed 1 closed session(s) (1 selected)
[INFO] 2026-08-04 23:33:01 services.purge:709 Sentinel purge: system removed 1 page views (retention sweep, 3650-day window)
[INFO] 2026-08-04 23:33:01 services.purge:709 Sentinel purge: sentinel_probe_auditor removed 4 audit event(s) (4 hand-picked row(s))
[INFO] 2026-08-04 23:33:01 services.purge:709 Sentinel purge: sentinel_probe_auditor removed 8 audit event(s) (q=sentinel_probe_purgeable)
[INFO] 2026-08-04 23:33:01 services.purge:709 Sentinel purge: sentinel_probe_auditor removed 6 closed session(s) (every closed session)
[INFO] 2026-08-04 23:33:01 services.purge:709 Sentinel purge: sentinel_probe_auditor removed 1 security alert(s) (2 selected)
[INFO] 2026-08-04 23:33:01 services.purge:709 Sentinel purge: sentinel_probe_auditor removed 1 audit event(s) (older than 3650 days)
[INFO] 2026-08-04 23:33:43 services.purge:712 Sentinel purge: system removed 1 page views (retention sweep, 3650-day window)
[INFO] 2026-08-04 23:33:43 services.purge:712 Sentinel purge: sentinel_probe_auditor removed 4 audit event(s) (4 hand-picked row(s))
[INFO] 2026-08-04 23:33:44 services.purge:712 Sentinel purge: sentinel_probe_auditor removed 8 audit event(s) (q=sentinel_probe_purgeable)
[INFO] 2026-08-04 23:33:44 services.purge:712 Sentinel purge: sentinel_probe_auditor removed 6 closed session(s) (every closed session)
[INFO] 2026-08-04 23:33:44 services.purge:712 Sentinel purge: sentinel_probe_auditor removed 1 security alert(s) (2 selected)
[INFO] 2026-08-04 23:33:44 services.purge:712 Sentinel purge: sentinel_probe_auditor removed 1 audit event(s) (older than 3650 days)
[INFO] 2026-08-04 23:34:33 services.purge:712 Sentinel purge: system removed 1 page views (retention sweep, 3650-day window)
[INFO] 2026-08-04 23:34:33 services.purge:712 Sentinel purge: sentinel_probe_auditor removed 4 audit event(s) (4 hand-picked row(s))
[INFO] 2026-08-04 23:34:33 services.purge:712 Sentinel purge: sentinel_probe_auditor removed 8 audit event(s) (q=sentinel_probe_purgeable)
[INFO] 2026-08-04 23:34:33 services.purge:712 Sentinel purge: sentinel_probe_auditor removed 6 closed session(s) (every closed session)
[INFO] 2026-08-04 23:34:33 services.purge:712 Sentinel purge: sentinel_probe_auditor removed 1 security alert(s) (2 selected)
[INFO] 2026-08-04 23:34:33 services.purge:712 Sentinel purge: sentinel_probe_auditor removed 1 audit event(s) (older than 3650 days)
[INFO] 2026-08-04 23:34:44 services.purge:712 Sentinel purge: system removed 1 page views (retention sweep, 3650-day window)
[INFO] 2026-08-04 23:34:45 services.purge:712 Sentinel purge: sentinel_probe_auditor removed 4 audit event(s) (4 hand-picked row(s))
[INFO] 2026-08-04 23:34:45 services.purge:712 Sentinel purge: sentinel_probe_auditor removed 8 audit event(s) (q=sentinel_probe_purgeable)
[INFO] 2026-08-04 23:34:45 services.purge:712 Sentinel purge: sentinel_probe_auditor removed 6 closed session(s) (every closed session)
[INFO] 2026-08-04 23:34:45 services.purge:712 Sentinel purge: sentinel_probe_auditor removed 1 security alert(s) (2 selected)
[INFO] 2026-08-04 23:34:45 services.purge:712 Sentinel purge: sentinel_probe_auditor removed 1 audit event(s) (older than 3650 days)
[INFO] 2026-08-04 23:35:41 services.purge:712 Sentinel purge: system removed 1 page views (retention sweep, 3650-day window)
[INFO] 2026-08-04 23:35:41 services.purge:712 Sentinel purge: sentinel_probe_auditor removed 4 audit event(s) (4 hand-picked row(s))
[INFO] 2026-08-04 23:35:41 services.purge:712 Sentinel purge: sentinel_probe_auditor removed 8 audit event(s) (q=sentinel_probe_purgeable)
[INFO] 2026-08-04 23:35:41 services.purge:712 Sentinel purge: sentinel_probe_auditor removed 6 closed session(s) (every closed session)
[INFO] 2026-08-04 23:35:41 services.purge:712 Sentinel purge: sentinel_probe_auditor removed 1 security alert(s) (2 selected)
[INFO] 2026-08-04 23:35:41 services.purge:712 Sentinel purge: sentinel_probe_auditor removed 1 audit event(s) (older than 3650 days)
[INFO] 2026-08-04 23:35:42 services.purge:712 Sentinel purge: sentinel_probe_auditor removed 1 closed session(s) (1 selected)
[INFO] 2026-08-04 23:36:01 services.purge:712 Sentinel purge: system removed 1 page views (retention sweep, 3650-day window)
[INFO] 2026-08-04 23:36:01 services.purge:712 Sentinel purge: sentinel_probe_auditor removed 4 audit event(s) (4 hand-picked row(s))
[INFO] 2026-08-04 23:36:01 services.purge:712 Sentinel purge: sentinel_probe_auditor removed 8 audit event(s) (q=sentinel_probe_purgeable)
[INFO] 2026-08-04 23:36:01 services.purge:712 Sentinel purge: sentinel_probe_auditor removed 6 closed session(s) (every closed session)
[INFO] 2026-08-04 23:36:01 services.purge:712 Sentinel purge: sentinel_probe_auditor removed 1 security alert(s) (2 selected)
[INFO] 2026-08-04 23:36:01 services.purge:712 Sentinel purge: sentinel_probe_auditor removed 1 audit event(s) (older than 3650 days)
[INFO] 2026-08-04 23:36:02 services.purge:712 Sentinel purge: sentinel_probe_auditor removed 1 closed session(s) (1 selected)
